,CountryID,PolicyID,Year,VehTypeID,FuelID,FuelTax
0,9,0,2012,2,1,0.293999999761581
1,9,0,2012,2,12,0.0
2,9,0,2012,3,1,0.293999999761581
3,9,0,2012,3,2,0.293999999761581
4,9,0,2012,3,5,0.0504000000655651
5,9,0,2012,3,7,0.493999987840652
6,9,0,2012,3,8,0.493999987840652
7,9,0,2012,3,10,0.00150000001303852
8,9,0,2012,3,12,0.0
9,9,0,2012,3,14,0.0
10,9,0,2012,4,1,0.293999999761581
11,9,0,2012,4,2,0.293999999761581
12,9,0,2012,4,5,0.0504000000655651
13,9,0,2012,4,7,0.493999987840652
14,9,0,2012,4,8,0.493999987840652
15,9,0,2012,4,10,0.00150000001303852
16,9,0,2012,4,12,0.0
17,9,0,2012,4,13,0.0
18,9,0,2012,5,1,0.293999999761581
19,9,0,2012,5,2,0.293999999761581
20,9,0,2012,5,5,0.0504000000655651
21,9,0,2012,5,7,0.493999987840652
22,9,0,2012,5,8,0.493999987840652
23,9,0,2012,5,10,0.00150000001303852
24,9,0,2012,5,12,0.0
25,9,0,2012,5,14,0.0
26,9,0,2012,6,2,0.0753000006079674
27,9,0,2012,6,12,-0.0399999991059303
28,9,0,2012,7,2,0.0753000006079674
29,9,0,2012,8,12,0.0
30,9,0,2012,8,15,0.0
31,9,0,2013,2,1,0.293999999761581
32,9,0,2013,2,12,0.0
33,9,0,2013,3,1,0.293999999761581
34,9,0,2013,3,2,0.293999999761581
35,9,0,2013,3,5,0.0504000000655651
36,9,0,2013,3,7,0.493999987840652
37,9,0,2013,3,8,0.493999987840652
38,9,0,2013,3,10,0.00150000001303852
39,9,0,2013,3,12,0.0
40,9,0,2013,3,14,0.0
41,9,0,2013,4,1,0.293999999761581
42,9,0,2013,4,2,0.293999999761581
43,9,0,2013,4,5,0.0504000000655651
44,9,0,2013,4,7,0.493999987840652
45,9,0,2013,4,8,0.493999987840652
46,9,0,2013,4,10,0.00150000001303852
47,9,0,2013,4,12,0.0
48,9,0,2013,4,13,0.0
49,9,0,2013,5,1,0.293999999761581
50,9,0,2013,5,2,0.293999999761581
51,9,0,2013,5,5,0.0504000000655651
52,9,0,2013,5,7,0.493999987840652
53,9,0,2013,5,8,0.493999987840652
54,9,0,2013,5,10,0.00150000001303852
55,9,0,2013,5,12,0.0
56,9,0,2013,5,14,0.0
57,9,0,2013,6,2,0.0753000006079674
58,9,0,2013,6,12,-0.0399999991059303
59,9,0,2013,7,2,0.0753000006079674
60,9,0,2013,8,12,0.0
61,9,0,2013,8,15,0.0
62,9,0,2014,2,1,0.293999999761581
63,9,0,2014,2,12,0.0
64,9,0,2014,3,1,0.293999999761581
65,9,0,2014,3,2,0.293999999761581
66,9,0,2014,3,5,0.0504000000655651
67,9,0,2014,3,7,0.493999987840652
68,9,0,2014,3,8,0.493999987840652
69,9,0,2014,3,10,0.00150000001303852
70,9,0,2014,3,12,0.0
71,9,0,2014,3,14,0.0
72,9,0,2014,4,1,0.293999999761581
73,9,0,2014,4,2,0.293999999761581
74,9,0,2014,4,5,0.0504000000655651
75,9,0,2014,4,7,0.493999987840652
76,9,0,2014,4,8,0.493999987840652
77,9,0,2014,4,10,0.00150000001303852
78,9,0,2014,4,12,0.0
79,9,0,2014,4,13,0.0
80,9,0,2014,5,1,0.293999999761581
81,9,0,2014,5,2,0.293999999761581
82,9,0,2014,5,5,0.0504000000655651
83,9,0,2014,5,7,0.493999987840652
84,9,0,2014,5,8,0.493999987840652
85,9,0,2014,5,10,0.00150000001303852
86,9,0,2014,5,12,0.0
87,9,0,2014,5,14,0.0
88,9,0,2014,6,2,0.0753000006079674
89,9,0,2014,6,12,-0.0399999991059303
90,9,0,2014,7,2,0.0753000006079674
91,9,0,2014,8,12,0.0
92,9,0,2014,8,15,0.0
93,9,0,2015,2,1,0.293999999761581
94,9,0,2015,2,12,0.0
95,9,0,2015,2,13,0.0
96,9,0,2015,3,1,0.293999999761581
97,9,0,2015,3,2,0.293999999761581
98,9,0,2015,3,5,0.0504000000655651
99,9,0,2015,3,7,0.493999987840652
100,9,0,2015,3,8,0.493999987840652
101,9,0,2015,3,10,0.00150000001303852
102,9,0,2015,3,12,0.0
103,9,0,2015,3,13,0.0
104,9,0,2015,3,14,0.0
105,9,0,2015,4,1,0.293999999761581
106,9,0,2015,4,2,0.293999999761581
107,9,0,2015,4,5,0.0504000000655651
108,9,0,2015,4,7,0.493999987840652
109,9,0,2015,4,8,0.493999987840652
110,9,0,2015,4,10,0.00150000001303852
111,9,0,2015,4,12,0.0
112,9,0,2015,4,13,0.0
113,9,0,2015,5,1,0.293999999761581
114,9,0,2015,5,2,0.293999999761581
115,9,0,2015,5,5,0.0504000000655651
116,9,0,2015,5,7,0.493999987840652
117,9,0,2015,5,8,0.493999987840652
118,9,0,2015,5,10,0.00150000001303852
119,9,0,2015,5,12,0.0
120,9,0,2015,5,14,0.0
121,9,0,2015,6,2,0.0753000006079674
122,9,0,2015,6,12,-0.0399999991059303
123,9,0,2015,7,2,0.0753000006079674
124,9,0,2015,8,12,0.0
125,9,0,2015,8,15,0.0
126,9,0,2016,2,1,0.293999999761581
127,9,0,2016,2,12,0.0
128,9,0,2016,2,13,0.0
129,9,0,2016,3,1,0.293999999761581
130,9,0,2016,3,2,0.293999999761581
131,9,0,2016,3,5,0.0504000000655651
132,9,0,2016,3,7,0.493999987840652
133,9,0,2016,3,8,0.493999987840652
134,9,0,2016,3,10,0.00150000001303852
135,9,0,2016,3,12,0.0
136,9,0,2016,3,13,0.0
137,9,0,2016,3,14,0.0
138,9,0,2016,4,1,0.293999999761581
139,9,0,2016,4,2,0.293999999761581
140,9,0,2016,4,5,0.0504000000655651
141,9,0,2016,4,7,0.493999987840652
142,9,0,2016,4,8,0.493999987840652
143,9,0,2016,4,10,0.00150000001303852
144,9,0,2016,4,12,0.0
145,9,0,2016,4,13,0.0
146,9,0,2016,5,1,0.293999999761581
147,9,0,2016,5,2,0.293999999761581
148,9,0,2016,5,5,0.0504000000655651
149,9,0,2016,5,7,0.493999987840652
150,9,0,2016,5,8,0.493999987840652
151,9,0,2016,5,10,0.00150000001303852
152,9,0,2016,5,12,0.0
153,9,0,2016,5,14,0.0
154,9,0,2016,6,2,0.0753000006079674
155,9,0,2016,6,12,-0.0399999991059303
156,9,0,2016,7,2,0.0753000006079674
157,9,0,2016,8,12,0.0
158,9,0,2016,8,15,0.0
159,9,0,2017,2,1,0.293999999761581
160,9,0,2017,2,12,0.0
161,9,0,2017,2,13,0.0
162,9,0,2017,3,1,0.293999999761581
163,9,0,2017,3,2,0.293999999761581
164,9,0,2017,3,5,0.0504000000655651
165,9,0,2017,3,7,0.493999987840652
166,9,0,2017,3,8,0.493999987840652
167,9,0,2017,3,10,0.00150000001303852
168,9,0,2017,3,12,0.0
169,9,0,2017,3,13,0.0
170,9,0,2017,3,14,0.0
171,9,0,2017,4,1,0.293999999761581
172,9,0,2017,4,2,0.293999999761581
173,9,0,2017,4,5,0.0504000000655651
174,9,0,2017,4,7,0.493999987840652
175,9,0,2017,4,8,0.493999987840652
176,9,0,2017,4,10,0.00150000001303852
177,9,0,2017,4,12,0.0
178,9,0,2017,4,13,0.0
179,9,0,2017,5,1,0.293999999761581
180,9,0,2017,5,2,0.293999999761581
181,9,0,2017,5,5,0.0504000000655651
182,9,0,2017,5,7,0.493999987840652
183,9,0,2017,5,8,0.493999987840652
184,9,0,2017,5,10,0.00150000001303852
185,9,0,2017,5,12,0.0
186,9,0,2017,5,14,0.0
187,9,0,2017,6,2,0.0753000006079674
188,9,0,2017,6,12,-0.0399999991059303
189,9,0,2017,7,2,0.0753000006079674
190,9,0,2017,8,12,0.0
191,9,0,2017,8,15,0.0
192,9,0,2018,2,1,0.293999999761581
193,9,0,2018,2,12,0.0
194,9,0,2018,2,13,0.0
195,9,0,2018,3,1,0.293999999761581
196,9,0,2018,3,2,0.293999999761581
197,9,0,2018,3,5,0.0504000000655651
198,9,0,2018,3,7,0.493999987840652
199,9,0,2018,3,8,0.493999987840652
200,9,0,2018,3,10,0.00150000001303852
201,9,0,2018,3,12,0.0
202,9,0,2018,3,13,0.0
203,9,0,2018,3,14,0.0
204,9,0,2018,4,1,0.293999999761581
205,9,0,2018,4,2,0.293999999761581
206,9,0,2018,4,5,0.0504000000655651
207,9,0,2018,4,7,0.493999987840652
208,9,0,2018,4,8,0.493999987840652
209,9,0,2018,4,10,0.00150000001303852
210,9,0,2018,4,12,0.0
211,9,0,2018,4,13,0.0
212,9,0,2018,5,1,0.293999999761581
213,9,0,2018,5,2,0.293999999761581
214,9,0,2018,5,5,0.0504000000655651
215,9,0,2018,5,7,0.493999987840652
216,9,0,2018,5,8,0.493999987840652
217,9,0,2018,5,10,0.00150000001303852
218,9,0,2018,5,12,0.0
219,9,0,2018,5,14,0.0
220,9,0,2018,6,2,0.0753000006079674
221,9,0,2018,6,12,-0.0399999991059303
222,9,0,2018,7,2,0.0753000006079674
223,9,0,2018,8,12,0.0
224,9,0,2018,8,15,0.0
225,9,0,2019,2,1,0.293999999761581
226,9,0,2019,2,12,0.0
227,9,0,2019,2,13,0.0
228,9,0,2019,3,1,0.293999999761581
229,9,0,2019,3,2,0.293999999761581
230,9,0,2019,3,5,0.0504000000655651
231,9,0,2019,3,7,0.493999987840652
232,9,0,2019,3,8,0.493999987840652
233,9,0,2019,3,10,0.00150000001303852
234,9,0,2019,3,12,0.0
235,9,0,2019,3,13,0.0
236,9,0,2019,3,14,0.0
237,9,0,2019,4,1,0.293999999761581
238,9,0,2019,4,2,0.293999999761581
239,9,0,2019,4,5,0.0504000000655651
240,9,0,2019,4,7,0.493999987840652
241,9,0,2019,4,8,0.493999987840652
242,9,0,2019,4,10,0.00150000001303852
243,9,0,2019,4,12,0.0
244,9,0,2019,4,13,0.0
245,9,0,2019,5,1,0.293999999761581
246,9,0,2019,5,2,0.293999999761581
247,9,0,2019,5,5,0.0504000000655651
248,9,0,2019,5,7,0.493999987840652
249,9,0,2019,5,8,0.493999987840652
250,9,0,2019,5,10,0.00150000001303852
251,9,0,2019,5,12,0.0
252,9,0,2019,5,14,0.0
253,9,0,2019,6,2,0.0753000006079674
254,9,0,2019,6,12,-0.0399999991059303
255,9,0,2019,7,2,0.0753000006079674
256,9,0,2019,8,12,0.0
257,9,0,2019,8,15,0.0
258,9,0,2020,2,1,0.293999999761581
259,9,0,2020,2,12,0.0
260,9,0,2020,2,13,0.0
261,9,0,2020,3,1,0.293999999761581
262,9,0,2020,3,2,0.293999999761581
263,9,0,2020,3,5,0.0504000000655651
264,9,0,2020,3,7,0.493999987840652
265,9,0,2020,3,8,0.493999987840652
266,9,0,2020,3,10,0.00150000001303852
267,9,0,2020,3,12,0.0
268,9,0,2020,3,13,0.0
269,9,0,2020,3,14,0.0
270,9,0,2020,4,1,0.293999999761581
271,9,0,2020,4,2,0.293999999761581
272,9,0,2020,4,5,0.0504000000655651
273,9,0,2020,4,7,0.493999987840652
274,9,0,2020,4,8,0.493999987840652
275,9,0,2020,4,10,0.00150000001303852
276,9,0,2020,4,12,0.0
277,9,0,2020,4,13,0.0
278,9,0,2020,5,1,0.293999999761581
279,9,0,2020,5,2,0.293999999761581
280,9,0,2020,5,5,0.0504000000655651
281,9,0,2020,5,7,0.493999987840652
282,9,0,2020,5,8,0.493999987840652
283,9,0,2020,5,10,0.00150000001303852
284,9,0,2020,5,12,0.0
285,9,0,2020,5,13,0.0
286,9,0,2020,5,14,0.0
287,9,0,2020,6,2,0.0753000006079674
288,9,0,2020,6,12,-0.0399999991059303
289,9,0,2020,7,2,0.0753000006079674
290,9,0,2020,8,12,0.0
291,9,0,2020,8,15,0.0
292,9,0,2021,2,1,0.293999999761581
293,9,0,2021,2,12,0.0
294,9,0,2021,2,13,0.0
295,9,0,2021,3,1,0.293999999761581
296,9,0,2021,3,2,0.293999999761581
297,9,0,2021,3,5,0.0504000000655651
298,9,0,2021,3,7,0.493999987840652
299,9,0,2021,3,8,0.493999987840652
300,9,0,2021,3,10,0.00150000001303852
301,9,0,2021,3,12,0.0
302,9,0,2021,3,13,0.0
303,9,0,2021,3,14,0.0
304,9,0,2021,4,1,0.293999999761581
305,9,0,2021,4,2,0.293999999761581
306,9,0,2021,4,5,0.0504000000655651
307,9,0,2021,4,7,0.493999987840652
308,9,0,2021,4,8,0.493999987840652
309,9,0,2021,4,10,0.00150000001303852
310,9,0,2021,4,12,0.0
311,9,0,2021,4,13,0.0
312,9,0,2021,5,1,0.293999999761581
313,9,0,2021,5,2,0.293999999761581
314,9,0,2021,5,5,0.0504000000655651
315,9,0,2021,5,7,0.493999987840652
316,9,0,2021,5,8,0.493999987840652
317,9,0,2021,5,10,0.00150000001303852
318,9,0,2021,5,12,0.0
319,9,0,2021,5,13,0.0
320,9,0,2021,5,14,0.0
321,9,0,2021,6,2,0.0753000006079674
322,9,0,2021,6,12,-0.0399999991059303
323,9,0,2021,7,2,0.0753000006079674
324,9,0,2021,8,12,0.0
325,9,0,2021,8,15,0.0
326,9,0,2022,2,1,0.293999999761581
327,9,0,2022,2,12,0.0
328,9,0,2022,2,13,0.0
329,9,0,2022,3,1,0.293999999761581
330,9,0,2022,3,2,0.293999999761581
331,9,0,2022,3,5,0.0504000000655651
332,9,0,2022,3,7,0.493999987840652
333,9,0,2022,3,8,0.493999987840652
334,9,0,2022,3,10,0.00150000001303852
335,9,0,2022,3,12,0.0
336,9,0,2022,3,13,0.0
337,9,0,2022,3,14,0.0
338,9,0,2022,4,1,0.293999999761581
339,9,0,2022,4,2,0.293999999761581
340,9,0,2022,4,5,0.0504000000655651
341,9,0,2022,4,7,0.493999987840652
342,9,0,2022,4,8,0.493999987840652
343,9,0,2022,4,10,0.00150000001303852
344,9,0,2022,4,12,0.0
345,9,0,2022,4,13,0.0
346,9,0,2022,5,1,0.293999999761581
347,9,0,2022,5,2,0.293999999761581
348,9,0,2022,5,5,0.0504000000655651
349,9,0,2022,5,7,0.493999987840652
350,9,0,2022,5,8,0.493999987840652
351,9,0,2022,5,10,0.00150000001303852
352,9,0,2022,5,12,0.0
353,9,0,2022,5,13,0.0
354,9,0,2022,5,14,0.0
355,9,0,2022,6,2,0.0753000006079674
356,9,0,2022,6,12,-0.0399999991059303
357,9,0,2022,7,2,0.0753000006079674
358,9,0,2022,8,12,0.0
359,9,0,2022,8,15,0.0
360,9,0,2023,2,1,0.293999999761581
361,9,0,2023,2,12,0.0
362,9,0,2023,2,13,0.0
363,9,0,2023,3,1,0.293999999761581
364,9,0,2023,3,2,0.293999999761581
365,9,0,2023,3,5,0.0504000000655651
366,9,0,2023,3,7,0.493999987840652
367,9,0,2023,3,8,0.493999987840652
368,9,0,2023,3,10,0.00150000001303852
369,9,0,2023,3,12,0.0
370,9,0,2023,3,13,0.0
371,9,0,2023,3,14,0.0
372,9,0,2023,4,1,0.293999999761581
373,9,0,2023,4,2,0.293999999761581
374,9,0,2023,4,5,0.0504000000655651
375,9,0,2023,4,7,0.493999987840652
376,9,0,2023,4,8,0.493999987840652
377,9,0,2023,4,10,0.00150000001303852
378,9,0,2023,4,12,0.0
379,9,0,2023,4,13,0.0
380,9,0,2023,5,1,0.293999999761581
381,9,0,2023,5,2,0.293999999761581
382,9,0,2023,5,5,0.0504000000655651
383,9,0,2023,5,7,0.493999987840652
384,9,0,2023,5,8,0.493999987840652
385,9,0,2023,5,10,0.00150000001303852
386,9,0,2023,5,12,0.0
387,9,0,2023,5,13,0.0
388,9,0,2023,5,14,0.0
389,9,0,2023,6,2,0.0753000006079674
390,9,0,2023,6,12,-0.0399999991059303
391,9,0,2023,7,2,0.0753000006079674
392,9,0,2023,8,12,0.0
393,9,0,2023,8,15,0.0
394,9,0,2024,2,1,0.293999999761581
395,9,0,2024,2,12,0.0
396,9,0,2024,2,13,0.0
397,9,0,2024,3,1,0.293999999761581
398,9,0,2024,3,2,0.293999999761581
399,9,0,2024,3,5,0.0504000000655651
400,9,0,2024,3,7,0.493999987840652
401,9,0,2024,3,8,0.493999987840652
402,9,0,2024,3,10,0.00150000001303852
403,9,0,2024,3,12,0.0
404,9,0,2024,3,13,0.0
405,9,0,2024,3,14,0.0
406,9,0,2024,4,1,0.293999999761581
407,9,0,2024,4,2,0.293999999761581
408,9,0,2024,4,5,0.0504000000655651
409,9,0,2024,4,7,0.493999987840652
410,9,0,2024,4,8,0.493999987840652
411,9,0,2024,4,10,0.00150000001303852
412,9,0,2024,4,12,0.0
413,9,0,2024,4,13,0.0
414,9,0,2024,5,1,0.293999999761581
415,9,0,2024,5,2,0.293999999761581
416,9,0,2024,5,5,0.0504000000655651
417,9,0,2024,5,7,0.493999987840652
418,9,0,2024,5,8,0.493999987840652
419,9,0,2024,5,10,0.00150000001303852
420,9,0,2024,5,12,0.0
421,9,0,2024,5,13,0.0
422,9,0,2024,5,14,0.0
423,9,0,2024,6,2,0.0753000006079674
424,9,0,2024,6,12,-0.0399999991059303
425,9,0,2024,7,2,0.0753000006079674
426,9,0,2024,8,12,0.0
427,9,0,2024,8,15,0.0
428,9,0,2025,2,1,0.293999999761581
429,9,0,2025,2,12,0.0
430,9,0,2025,2,13,0.0
431,9,0,2025,3,1,0.293999999761581
432,9,0,2025,3,2,0.293999999761581
433,9,0,2025,3,5,0.0504000000655651
434,9,0,2025,3,7,0.493999987840652
435,9,0,2025,3,8,0.493999987840652
436,9,0,2025,3,10,0.00150000001303852
437,9,0,2025,3,12,0.0
438,9,0,2025,3,13,0.0
439,9,0,2025,3,14,0.0
440,9,0,2025,4,1,0.293999999761581
441,9,0,2025,4,2,0.293999999761581
442,9,0,2025,4,5,0.0504000000655651
443,9,0,2025,4,7,0.493999987840652
444,9,0,2025,4,8,0.493999987840652
445,9,0,2025,4,10,0.00150000001303852
446,9,0,2025,4,12,0.0
447,9,0,2025,4,13,0.0
448,9,0,2025,5,1,0.293999999761581
449,9,0,2025,5,2,0.293999999761581
450,9,0,2025,5,5,0.0504000000655651
451,9,0,2025,5,7,0.493999987840652
452,9,0,2025,5,8,0.493999987840652
453,9,0,2025,5,10,0.00150000001303852
454,9,0,2025,5,12,0.0
455,9,0,2025,5,13,0.0
456,9,0,2025,5,14,0.0
457,9,0,2025,6,2,0.0753000006079674
458,9,0,2025,6,12,-0.0399999991059303
459,9,0,2025,7,2,0.0753000006079674
460,9,0,2025,8,12,0.0
461,9,0,2025,8,14,0.0
462,9,0,2025,8,15,0.0
463,9,0,2026,2,1,0.293999999761581
464,9,0,2026,2,12,0.0
465,9,0,2026,2,13,0.0
466,9,0,2026,3,1,0.293999999761581
467,9,0,2026,3,2,0.293999999761581
468,9,0,2026,3,5,0.0504000000655651
469,9,0,2026,3,7,0.493999987840652
470,9,0,2026,3,8,0.493999987840652
471,9,0,2026,3,10,0.00150000001303852
472,9,0,2026,3,12,0.0
473,9,0,2026,3,13,0.0
474,9,0,2026,3,14,0.0
475,9,0,2026,4,1,0.293999999761581
476,9,0,2026,4,2,0.293999999761581
477,9,0,2026,4,5,0.0504000000655651
478,9,0,2026,4,7,0.493999987840652
479,9,0,2026,4,8,0.493999987840652
480,9,0,2026,4,10,0.00150000001303852
481,9,0,2026,4,12,0.0
482,9,0,2026,4,13,0.0
483,9,0,2026,5,1,0.293999999761581
484,9,0,2026,5,2,0.293999999761581
485,9,0,2026,5,5,0.0504000000655651
486,9,0,2026,5,7,0.493999987840652
487,9,0,2026,5,8,0.493999987840652
488,9,0,2026,5,10,0.00150000001303852
489,9,0,2026,5,12,0.0
490,9,0,2026,5,13,0.0
491,9,0,2026,5,14,0.0
492,9,0,2026,6,2,0.0753000006079674
493,9,0,2026,6,12,-0.0399999991059303
494,9,0,2026,7,2,0.0753000006079674
495,9,0,2026,8,12,0.0
496,9,0,2026,8,14,0.0
497,9,0,2026,8,15,0.0
498,9,0,2027,2,1,0.293999999761581
499,9,0,2027,2,12,0.0
500,9,0,2027,2,13,0.0
501,9,0,2027,3,1,0.293999999761581
502,9,0,2027,3,2,0.293999999761581
503,9,0,2027,3,5,0.0504000000655651
504,9,0,2027,3,7,0.493999987840652
505,9,0,2027,3,8,0.493999987840652
506,9,0,2027,3,10,0.00150000001303852
507,9,0,2027,3,12,0.0
508,9,0,2027,3,13,0.0
509,9,0,2027,3,14,0.0
510,9,0,2027,4,1,0.293999999761581
511,9,0,2027,4,2,0.293999999761581
512,9,0,2027,4,5,0.0504000000655651
513,9,0,2027,4,7,0.493999987840652
514,9,0,2027,4,8,0.493999987840652
515,9,0,2027,4,10,0.00150000001303852
516,9,0,2027,4,12,0.0
517,9,0,2027,4,13,0.0
518,9,0,2027,5,1,0.293999999761581
519,9,0,2027,5,2,0.293999999761581
520,9,0,2027,5,5,0.0504000000655651
521,9,0,2027,5,7,0.493999987840652
522,9,0,2027,5,8,0.493999987840652
523,9,0,2027,5,10,0.00150000001303852
524,9,0,2027,5,12,0.0
525,9,0,2027,5,13,0.0
526,9,0,2027,5,14,0.0
527,9,0,2027,6,2,0.0753000006079674
528,9,0,2027,6,12,-0.0399999991059303
529,9,0,2027,7,2,0.0753000006079674
530,9,0,2027,8,12,0.0
531,9,0,2027,8,14,0.0
532,9,0,2027,8,15,0.0
533,9,0,2028,2,1,0.293999999761581
534,9,0,2028,2,12,0.0
535,9,0,2028,2,13,0.0
536,9,0,2028,3,1,0.293999999761581
537,9,0,2028,3,2,0.293999999761581
538,9,0,2028,3,5,0.0504000000655651
539,9,0,2028,3,7,0.493999987840652
540,9,0,2028,3,8,0.493999987840652
541,9,0,2028,3,10,0.00150000001303852
542,9,0,2028,3,12,0.0
543,9,0,2028,3,13,0.0
544,9,0,2028,3,14,0.0
545,9,0,2028,4,1,0.293999999761581
546,9,0,2028,4,2,0.293999999761581
547,9,0,2028,4,5,0.0504000000655651
548,9,0,2028,4,7,0.493999987840652
549,9,0,2028,4,8,0.493999987840652
550,9,0,2028,4,10,0.00150000001303852
551,9,0,2028,4,12,0.0
552,9,0,2028,4,13,0.0
553,9,0,2028,5,1,0.293999999761581
554,9,0,2028,5,2,0.293999999761581
555,9,0,2028,5,5,0.0504000000655651
556,9,0,2028,5,7,0.493999987840652
557,9,0,2028,5,8,0.493999987840652
558,9,0,2028,5,10,0.00150000001303852
559,9,0,2028,5,12,0.0
560,9,0,2028,5,13,0.0
561,9,0,2028,5,14,0.0
562,9,0,2028,6,2,0.0753000006079674
563,9,0,2028,6,12,-0.0399999991059303
564,9,0,2028,7,2,0.0753000006079674
565,9,0,2028,8,12,0.0
566,9,0,2028,8,14,0.0
567,9,0,2028,8,15,0.0
568,9,0,2029,2,1,0.293999999761581
569,9,0,2029,2,12,0.0
570,9,0,2029,2,13,0.0
571,9,0,2029,3,1,0.293999999761581
572,9,0,2029,3,2,0.293999999761581
573,9,0,2029,3,5,0.0504000000655651
574,9,0,2029,3,7,0.493999987840652
575,9,0,2029,3,8,0.493999987840652
576,9,0,2029,3,10,0.00150000001303852
577,9,0,2029,3,12,0.0
578,9,0,2029,3,13,0.0
579,9,0,2029,3,14,0.0
580,9,0,2029,4,1,0.293999999761581
581,9,0,2029,4,2,0.293999999761581
582,9,0,2029,4,5,0.0504000000655651
583,9,0,2029,4,7,0.493999987840652
584,9,0,2029,4,8,0.493999987840652
585,9,0,2029,4,10,0.00150000001303852
586,9,0,2029,4,12,0.0
587,9,0,2029,4,13,0.0
588,9,0,2029,5,1,0.293999999761581
589,9,0,2029,5,2,0.293999999761581
590,9,0,2029,5,5,0.0504000000655651
591,9,0,2029,5,7,0.493999987840652
592,9,0,2029,5,8,0.493999987840652
593,9,0,2029,5,10,0.00150000001303852
594,9,0,2029,5,12,0.0
595,9,0,2029,5,13,0.0
596,9,0,2029,5,14,0.0
597,9,0,2029,6,2,0.0753000006079674
598,9,0,2029,6,12,-0.0399999991059303
599,9,0,2029,7,2,0.0753000006079674
600,9,0,2029,8,12,0.0
601,9,0,2029,8,14,0.0
602,9,0,2029,8,15,0.0
603,9,0,2030,2,1,0.293999999761581
604,9,0,2030,2,12,0.0
605,9,0,2030,2,13,0.0
606,9,0,2030,3,1,0.293999999761581
607,9,0,2030,3,2,0.293999999761581
608,9,0,2030,3,5,0.0504000000655651
609,9,0,2030,3,7,0.493999987840652
610,9,0,2030,3,8,0.493999987840652
611,9,0,2030,3,10,0.00150000001303852
612,9,0,2030,3,12,0.0
613,9,0,2030,3,13,0.0
614,9,0,2030,3,14,0.0
615,9,0,2030,4,1,0.293999999761581
616,9,0,2030,4,2,0.293999999761581
617,9,0,2030,4,5,0.0504000000655651
618,9,0,2030,4,7,0.493999987840652
619,9,0,2030,4,8,0.493999987840652
620,9,0,2030,4,10,0.00150000001303852
621,9,0,2030,4,12,0.0
622,9,0,2030,4,13,0.0
623,9,0,2030,5,1,0.293999999761581
624,9,0,2030,5,2,0.293999999761581
625,9,0,2030,5,5,0.0504000000655651
626,9,0,2030,5,7,0.493999987840652
627,9,0,2030,5,8,0.493999987840652
628,9,0,2030,5,10,0.00150000001303852
629,9,0,2030,5,12,0.0
630,9,0,2030,5,13,0.0
631,9,0,2030,5,14,0.0
632,9,0,2030,6,2,0.0753000006079674
633,9,0,2030,6,12,-0.0399999991059303
634,9,0,2030,7,2,0.0753000006079674
635,9,0,2030,8,12,0.0
636,9,0,2030,8,14,0.0
637,9,0,2030,8,15,0.0
638,9,0,2031,2,1,0.293999999761581
639,9,0,2031,2,12,0.0
640,9,0,2031,2,13,0.0
641,9,0,2031,3,1,0.293999999761581
642,9,0,2031,3,2,0.293999999761581
643,9,0,2031,3,5,0.0504000000655651
644,9,0,2031,3,7,0.493999987840652
645,9,0,2031,3,8,0.493999987840652
646,9,0,2031,3,10,0.00150000001303852
647,9,0,2031,3,12,0.0
648,9,0,2031,3,13,0.0
649,9,0,2031,3,14,0.0
650,9,0,2031,4,1,0.293999999761581
651,9,0,2031,4,2,0.293999999761581
652,9,0,2031,4,5,0.0504000000655651
653,9,0,2031,4,7,0.493999987840652
654,9,0,2031,4,8,0.493999987840652
655,9,0,2031,4,10,0.00150000001303852
656,9,0,2031,4,12,0.0
657,9,0,2031,4,13,0.0
658,9,0,2031,5,1,0.293999999761581
659,9,0,2031,5,2,0.293999999761581
660,9,0,2031,5,5,0.0504000000655651
661,9,0,2031,5,7,0.493999987840652
662,9,0,2031,5,8,0.493999987840652
663,9,0,2031,5,10,0.00150000001303852
664,9,0,2031,5,12,0.0
665,9,0,2031,5,13,0.0
666,9,0,2031,5,14,0.0
667,9,0,2031,6,2,0.0753000006079674
668,9,0,2031,6,12,-0.0399999991059303
669,9,0,2031,7,2,0.0753000006079674
670,9,0,2031,8,12,0.0
671,9,0,2031,8,14,0.0
672,9,0,2031,8,15,0.0
673,9,0,2032,2,1,0.293999999761581
674,9,0,2032,2,12,0.0
675,9,0,2032,2,13,0.0
676,9,0,2032,3,1,0.293999999761581
677,9,0,2032,3,2,0.293999999761581
678,9,0,2032,3,5,0.0504000000655651
679,9,0,2032,3,7,0.493999987840652
680,9,0,2032,3,8,0.493999987840652
681,9,0,2032,3,10,0.00150000001303852
682,9,0,2032,3,12,0.0
683,9,0,2032,3,13,0.0
684,9,0,2032,3,14,0.0
685,9,0,2032,4,1,0.293999999761581
686,9,0,2032,4,2,0.293999999761581
687,9,0,2032,4,5,0.0504000000655651
688,9,0,2032,4,7,0.493999987840652
689,9,0,2032,4,8,0.493999987840652
690,9,0,2032,4,10,0.00150000001303852
691,9,0,2032,4,12,0.0
692,9,0,2032,4,13,0.0
693,9,0,2032,5,1,0.293999999761581
694,9,0,2032,5,2,0.293999999761581
695,9,0,2032,5,5,0.0504000000655651
696,9,0,2032,5,7,0.493999987840652
697,9,0,2032,5,8,0.493999987840652
698,9,0,2032,5,10,0.00150000001303852
699,9,0,2032,5,12,0.0
700,9,0,2032,5,13,0.0
701,9,0,2032,5,14,0.0
702,9,0,2032,6,2,0.0753000006079674
703,9,0,2032,6,12,-0.0399999991059303
704,9,0,2032,7,2,0.0753000006079674
705,9,0,2032,8,12,0.0
706,9,0,2032,8,14,0.0
707,9,0,2032,8,15,0.0
708,9,0,2033,2,1,0.293999999761581
709,9,0,2033,2,12,0.0
710,9,0,2033,2,13,0.0
711,9,0,2033,3,1,0.293999999761581
712,9,0,2033,3,2,0.293999999761581
713,9,0,2033,3,5,0.0504000000655651
714,9,0,2033,3,7,0.493999987840652
715,9,0,2033,3,8,0.493999987840652
716,9,0,2033,3,10,0.00150000001303852
717,9,0,2033,3,12,0.0
718,9,0,2033,3,13,0.0
719,9,0,2033,3,14,0.0
720,9,0,2033,4,1,0.293999999761581
721,9,0,2033,4,2,0.293999999761581
722,9,0,2033,4,5,0.0504000000655651
723,9,0,2033,4,7,0.493999987840652
724,9,0,2033,4,8,0.493999987840652
725,9,0,2033,4,10,0.00150000001303852
726,9,0,2033,4,12,0.0
727,9,0,2033,4,13,0.0
728,9,0,2033,5,1,0.293999999761581
729,9,0,2033,5,2,0.293999999761581
730,9,0,2033,5,5,0.0504000000655651
731,9,0,2033,5,7,0.493999987840652
732,9,0,2033,5,8,0.493999987840652
733,9,0,2033,5,10,0.00150000001303852
734,9,0,2033,5,12,0.0
735,9,0,2033,5,13,0.0
736,9,0,2033,5,14,0.0
737,9,0,2033,6,2,0.0753000006079674
738,9,0,2033,6,12,-0.0399999991059303
739,9,0,2033,7,2,0.0753000006079674
740,9,0,2033,8,12,0.0
741,9,0,2033,8,14,0.0
742,9,0,2033,8,15,0.0
743,9,0,2034,2,1,0.293999999761581
744,9,0,2034,2,12,0.0
745,9,0,2034,2,13,0.0
746,9,0,2034,3,1,0.293999999761581
747,9,0,2034,3,2,0.293999999761581
748,9,0,2034,3,5,0.0504000000655651
749,9,0,2034,3,7,0.493999987840652
750,9,0,2034,3,8,0.493999987840652
751,9,0,2034,3,10,0.00150000001303852
752,9,0,2034,3,12,0.0
753,9,0,2034,3,13,0.0
754,9,0,2034,3,14,0.0
755,9,0,2034,4,1,0.293999999761581
756,9,0,2034,4,2,0.293999999761581
757,9,0,2034,4,5,0.0504000000655651
758,9,0,2034,4,7,0.493999987840652
759,9,0,2034,4,8,0.493999987840652
760,9,0,2034,4,10,0.00150000001303852
761,9,0,2034,4,12,0.0
762,9,0,2034,4,13,0.0
763,9,0,2034,5,1,0.293999999761581
764,9,0,2034,5,2,0.293999999761581
765,9,0,2034,5,5,0.0504000000655651
766,9,0,2034,5,7,0.493999987840652
767,9,0,2034,5,8,0.493999987840652
768,9,0,2034,5,10,0.00150000001303852
769,9,0,2034,5,12,0.0
770,9,0,2034,5,13,0.0
771,9,0,2034,5,14,0.0
772,9,0,2034,6,2,0.0753000006079674
773,9,0,2034,6,12,-0.0399999991059303
774,9,0,2034,7,2,0.0753000006079674
775,9,0,2034,8,12,0.0
776,9,0,2034,8,14,0.0
777,9,0,2034,8,15,0.0
778,9,0,2035,2,1,0.293999999761581
779,9,0,2035,2,12,0.0
780,9,0,2035,2,13,0.0
781,9,0,2035,3,1,0.293999999761581
782,9,0,2035,3,2,0.293999999761581
783,9,0,2035,3,5,0.0504000000655651
784,9,0,2035,3,7,0.493999987840652
785,9,0,2035,3,8,0.493999987840652
786,9,0,2035,3,10,0.00150000001303852
787,9,0,2035,3,12,0.0
788,9,0,2035,3,13,0.0
789,9,0,2035,3,14,0.0
790,9,0,2035,4,1,0.293999999761581
791,9,0,2035,4,2,0.293999999761581
792,9,0,2035,4,5,0.0504000000655651
793,9,0,2035,4,7,0.493999987840652
794,9,0,2035,4,8,0.493999987840652
795,9,0,2035,4,10,0.00150000001303852
796,9,0,2035,4,12,0.0
797,9,0,2035,4,13,0.0
798,9,0,2035,5,1,0.293999999761581
799,9,0,2035,5,2,0.293999999761581
800,9,0,2035,5,5,0.0504000000655651
801,9,0,2035,5,7,0.493999987840652
802,9,0,2035,5,8,0.493999987840652
803,9,0,2035,5,10,0.00150000001303852
804,9,0,2035,5,12,0.0
805,9,0,2035,5,13,0.0
806,9,0,2035,5,14,0.0
807,9,0,2035,6,2,0.0753000006079674
808,9,0,2035,6,12,-0.0399999991059303
809,9,0,2035,7,2,0.0753000006079674
810,9,0,2035,8,12,0.0
811,9,0,2035,8,14,0.0
812,9,0,2035,8,15,0.0
813,9,0,2036,2,1,0.293999999761581
814,9,0,2036,2,12,0.0
815,9,0,2036,2,13,0.0
816,9,0,2036,3,1,0.293999999761581
817,9,0,2036,3,2,0.293999999761581
818,9,0,2036,3,5,0.0504000000655651
819,9,0,2036,3,7,0.493999987840652
820,9,0,2036,3,8,0.493999987840652
821,9,0,2036,3,10,0.00150000001303852
822,9,0,2036,3,12,0.0
823,9,0,2036,3,13,0.0
824,9,0,2036,3,14,0.0
825,9,0,2036,4,1,0.293999999761581
826,9,0,2036,4,2,0.293999999761581
827,9,0,2036,4,5,0.0504000000655651
828,9,0,2036,4,7,0.493999987840652
829,9,0,2036,4,8,0.493999987840652
830,9,0,2036,4,10,0.00150000001303852
831,9,0,2036,4,12,0.0
832,9,0,2036,4,13,0.0
833,9,0,2036,5,1,0.293999999761581
834,9,0,2036,5,2,0.293999999761581
835,9,0,2036,5,5,0.0504000000655651
836,9,0,2036,5,7,0.493999987840652
837,9,0,2036,5,8,0.493999987840652
838,9,0,2036,5,10,0.00150000001303852
839,9,0,2036,5,12,0.0
840,9,0,2036,5,13,0.0
841,9,0,2036,5,14,0.0
842,9,0,2036,6,2,0.0753000006079674
843,9,0,2036,6,12,-0.0399999991059303
844,9,0,2036,7,2,0.0753000006079674
845,9,0,2036,8,12,0.0
846,9,0,2036,8,14,0.0
847,9,0,2036,8,15,0.0
848,9,0,2037,2,1,0.293999999761581
849,9,0,2037,2,12,0.0
850,9,0,2037,2,13,0.0
851,9,0,2037,3,1,0.293999999761581
852,9,0,2037,3,2,0.293999999761581
853,9,0,2037,3,5,0.0504000000655651
854,9,0,2037,3,7,0.493999987840652
855,9,0,2037,3,8,0.493999987840652
856,9,0,2037,3,10,0.00150000001303852
857,9,0,2037,3,12,0.0
858,9,0,2037,3,13,0.0
859,9,0,2037,3,14,0.0
860,9,0,2037,4,1,0.293999999761581
861,9,0,2037,4,2,0.293999999761581
862,9,0,2037,4,5,0.0504000000655651
863,9,0,2037,4,7,0.493999987840652
864,9,0,2037,4,8,0.493999987840652
865,9,0,2037,4,10,0.00150000001303852
866,9,0,2037,4,12,0.0
867,9,0,2037,4,13,0.0
868,9,0,2037,5,1,0.293999999761581
869,9,0,2037,5,2,0.293999999761581
870,9,0,2037,5,5,0.0504000000655651
871,9,0,2037,5,7,0.493999987840652
872,9,0,2037,5,8,0.493999987840652
873,9,0,2037,5,10,0.00150000001303852
874,9,0,2037,5,12,0.0
875,9,0,2037,5,13,0.0
876,9,0,2037,5,14,0.0
877,9,0,2037,6,2,0.0753000006079674
878,9,0,2037,6,12,-0.0399999991059303
879,9,0,2037,7,2,0.0753000006079674
880,9,0,2037,8,12,0.0
881,9,0,2037,8,14,0.0
882,9,0,2037,8,15,0.0
883,9,0,2038,2,1,0.293999999761581
884,9,0,2038,2,12,0.0
885,9,0,2038,2,13,0.0
886,9,0,2038,3,1,0.293999999761581
887,9,0,2038,3,2,0.293999999761581
888,9,0,2038,3,5,0.0504000000655651
889,9,0,2038,3,7,0.493999987840652
890,9,0,2038,3,8,0.493999987840652
891,9,0,2038,3,10,0.00150000001303852
892,9,0,2038,3,12,0.0
893,9,0,2038,3,13,0.0
894,9,0,2038,3,14,0.0
895,9,0,2038,4,1,0.293999999761581
896,9,0,2038,4,2,0.293999999761581
897,9,0,2038,4,5,0.0504000000655651
898,9,0,2038,4,7,0.493999987840652
899,9,0,2038,4,8,0.493999987840652
900,9,0,2038,4,10,0.00150000001303852
901,9,0,2038,4,12,0.0
902,9,0,2038,4,13,0.0
903,9,0,2038,5,1,0.293999999761581
904,9,0,2038,5,2,0.293999999761581
905,9,0,2038,5,5,0.0504000000655651
906,9,0,2038,5,7,0.493999987840652
907,9,0,2038,5,8,0.493999987840652
908,9,0,2038,5,10,0.00150000001303852
909,9,0,2038,5,12,0.0
910,9,0,2038,5,13,0.0
911,9,0,2038,5,14,0.0
912,9,0,2038,6,2,0.0753000006079674
913,9,0,2038,6,12,-0.0399999991059303
914,9,0,2038,7,2,0.0753000006079674
915,9,0,2038,8,12,0.0
916,9,0,2038,8,14,0.0
917,9,0,2038,8,15,0.0
918,9,0,2039,2,1,0.293999999761581
919,9,0,2039,2,12,0.0
920,9,0,2039,2,13,0.0
921,9,0,2039,3,1,0.293999999761581
922,9,0,2039,3,2,0.293999999761581
923,9,0,2039,3,5,0.0504000000655651
924,9,0,2039,3,7,0.493999987840652
925,9,0,2039,3,8,0.493999987840652
926,9,0,2039,3,10,0.00150000001303852
927,9,0,2039,3,12,0.0
928,9,0,2039,3,13,0.0
929,9,0,2039,3,14,0.0
930,9,0,2039,4,1,0.293999999761581
931,9,0,2039,4,2,0.293999999761581
932,9,0,2039,4,5,0.0504000000655651
933,9,0,2039,4,7,0.493999987840652
934,9,0,2039,4,8,0.493999987840652
935,9,0,2039,4,10,0.00150000001303852
936,9,0,2039,4,12,0.0
937,9,0,2039,4,13,0.0
938,9,0,2039,5,1,0.293999999761581
939,9,0,2039,5,2,0.293999999761581
940,9,0,2039,5,5,0.0504000000655651
941,9,0,2039,5,7,0.493999987840652
942,9,0,2039,5,8,0.493999987840652
943,9,0,2039,5,10,0.00150000001303852
944,9,0,2039,5,12,0.0
945,9,0,2039,5,13,0.0
946,9,0,2039,5,14,0.0
947,9,0,2039,6,2,0.0753000006079674
948,9,0,2039,6,12,-0.0399999991059303
949,9,0,2039,7,2,0.0753000006079674
950,9,0,2039,8,12,0.0
951,9,0,2039,8,14,0.0
952,9,0,2039,8,15,0.0
953,9,0,2040,2,1,0.293999999761581
954,9,0,2040,2,12,0.0
955,9,0,2040,2,13,0.0
956,9,0,2040,3,1,0.293999999761581
957,9,0,2040,3,2,0.293999999761581
958,9,0,2040,3,5,0.0504000000655651
959,9,0,2040,3,7,0.493999987840652
960,9,0,2040,3,8,0.493999987840652
961,9,0,2040,3,10,0.00150000001303852
962,9,0,2040,3,12,0.0
963,9,0,2040,3,13,0.0
964,9,0,2040,3,14,0.0
965,9,0,2040,4,1,0.293999999761581
966,9,0,2040,4,2,0.293999999761581
967,9,0,2040,4,5,0.0504000000655651
968,9,0,2040,4,7,0.493999987840652
969,9,0,2040,4,8,0.493999987840652
970,9,0,2040,4,10,0.00150000001303852
971,9,0,2040,4,12,0.0
972,9,0,2040,4,13,0.0
973,9,0,2040,5,1,0.293999999761581
974,9,0,2040,5,2,0.293999999761581
975,9,0,2040,5,5,0.0504000000655651
976,9,0,2040,5,7,0.493999987840652
977,9,0,2040,5,8,0.493999987840652
978,9,0,2040,5,10,0.00150000001303852
979,9,0,2040,5,12,0.0
980,9,0,2040,5,13,0.0
981,9,0,2040,5,14,0.0
982,9,0,2040,6,2,0.0753000006079674
983,9,0,2040,6,12,-0.0399999991059303
984,9,0,2040,7,2,0.0753000006079674
985,9,0,2040,8,12,0.0
986,9,0,2040,8,14,0.0
987,9,0,2040,8,15,0.0
988,9,0,2041,2,1,0.293999999761581
989,9,0,2041,2,12,0.0
990,9,0,2041,2,13,0.0
991,9,0,2041,3,1,0.293999999761581
992,9,0,2041,3,2,0.293999999761581
993,9,0,2041,3,5,0.0504000000655651
994,9,0,2041,3,7,0.493999987840652
995,9,0,2041,3,8,0.493999987840652
996,9,0,2041,3,10,0.00150000001303852
997,9,0,2041,3,12,0.0
998,9,0,2041,3,13,0.0
999,9,0,2041,3,14,0.0
1000,9,0,2041,4,1,0.293999999761581
1001,9,0,2041,4,2,0.293999999761581
1002,9,0,2041,4,5,0.0504000000655651
1003,9,0,2041,4,7,0.493999987840652
1004,9,0,2041,4,8,0.493999987840652
1005,9,0,2041,4,10,0.00150000001303852
1006,9,0,2041,4,12,0.0
1007,9,0,2041,4,13,0.0
1008,9,0,2041,5,1,0.293999999761581
1009,9,0,2041,5,2,0.293999999761581
1010,9,0,2041,5,5,0.0504000000655651
1011,9,0,2041,5,7,0.493999987840652
1012,9,0,2041,5,8,0.493999987840652
1013,9,0,2041,5,10,0.00150000001303852
1014,9,0,2041,5,12,0.0
1015,9,0,2041,5,13,0.0
1016,9,0,2041,5,14,0.0
1017,9,0,2041,6,2,0.0753000006079674
1018,9,0,2041,6,12,-0.0399999991059303
1019,9,0,2041,7,2,0.0753000006079674
1020,9,0,2041,8,12,0.0
1021,9,0,2041,8,14,0.0
1022,9,0,2041,8,15,0.0
1023,9,0,2042,2,1,0.293999999761581
1024,9,0,2042,2,12,0.0
1025,9,0,2042,2,13,0.0
1026,9,0,2042,3,1,0.293999999761581
1027,9,0,2042,3,2,0.293999999761581
1028,9,0,2042,3,5,0.0504000000655651
1029,9,0,2042,3,7,0.493999987840652
1030,9,0,2042,3,8,0.493999987840652
1031,9,0,2042,3,10,0.00150000001303852
1032,9,0,2042,3,12,0.0
1033,9,0,2042,3,13,0.0
1034,9,0,2042,3,14,0.0
1035,9,0,2042,4,1,0.293999999761581
1036,9,0,2042,4,2,0.293999999761581
1037,9,0,2042,4,5,0.0504000000655651
1038,9,0,2042,4,7,0.493999987840652
1039,9,0,2042,4,8,0.493999987840652
1040,9,0,2042,4,10,0.00150000001303852
1041,9,0,2042,4,12,0.0
1042,9,0,2042,4,13,0.0
1043,9,0,2042,5,1,0.293999999761581
1044,9,0,2042,5,2,0.293999999761581
1045,9,0,2042,5,5,0.0504000000655651
1046,9,0,2042,5,7,0.493999987840652
1047,9,0,2042,5,8,0.493999987840652
1048,9,0,2042,5,10,0.00150000001303852
1049,9,0,2042,5,12,0.0
1050,9,0,2042,5,13,0.0
1051,9,0,2042,5,14,0.0
1052,9,0,2042,6,2,0.0753000006079674
1053,9,0,2042,6,12,-0.0399999991059303
1054,9,0,2042,7,2,0.0753000006079674
1055,9,0,2042,8,12,0.0
1056,9,0,2042,8,14,0.0
1057,9,0,2042,8,15,0.0
1058,9,0,2043,2,1,0.293999999761581
1059,9,0,2043,2,12,0.0
1060,9,0,2043,2,13,0.0
1061,9,0,2043,3,1,0.293999999761581
1062,9,0,2043,3,2,0.293999999761581
1063,9,0,2043,3,5,0.0504000000655651
1064,9,0,2043,3,7,0.493999987840652
1065,9,0,2043,3,8,0.493999987840652
1066,9,0,2043,3,10,0.00150000001303852
1067,9,0,2043,3,12,0.0
1068,9,0,2043,3,13,0.0
1069,9,0,2043,3,14,0.0
1070,9,0,2043,4,1,0.293999999761581
1071,9,0,2043,4,2,0.293999999761581
1072,9,0,2043,4,5,0.0504000000655651
1073,9,0,2043,4,7,0.493999987840652
1074,9,0,2043,4,8,0.493999987840652
1075,9,0,2043,4,10,0.00150000001303852
1076,9,0,2043,4,12,0.0
1077,9,0,2043,4,13,0.0
1078,9,0,2043,5,1,0.293999999761581
1079,9,0,2043,5,2,0.293999999761581
1080,9,0,2043,5,5,0.0504000000655651
1081,9,0,2043,5,7,0.493999987840652
1082,9,0,2043,5,8,0.493999987840652
1083,9,0,2043,5,10,0.00150000001303852
1084,9,0,2043,5,12,0.0
1085,9,0,2043,5,13,0.0
1086,9,0,2043,5,14,0.0
1087,9,0,2043,6,2,0.0753000006079674
1088,9,0,2043,6,12,-0.0399999991059303
1089,9,0,2043,7,2,0.0753000006079674
1090,9,0,2043,8,12,0.0
1091,9,0,2043,8,14,0.0
1092,9,0,2043,8,15,0.0
1093,9,0,2044,2,1,0.293999999761581
1094,9,0,2044,2,12,0.0
1095,9,0,2044,2,13,0.0
1096,9,0,2044,3,1,0.293999999761581
1097,9,0,2044,3,2,0.293999999761581
1098,9,0,2044,3,5,0.0504000000655651
1099,9,0,2044,3,7,0.493999987840652
1100,9,0,2044,3,8,0.493999987840652
1101,9,0,2044,3,10,0.00150000001303852
1102,9,0,2044,3,12,0.0
1103,9,0,2044,3,13,0.0
1104,9,0,2044,3,14,0.0
1105,9,0,2044,4,1,0.293999999761581
1106,9,0,2044,4,2,0.293999999761581
1107,9,0,2044,4,5,0.0504000000655651
1108,9,0,2044,4,7,0.493999987840652
1109,9,0,2044,4,8,0.493999987840652
1110,9,0,2044,4,10,0.00150000001303852
1111,9,0,2044,4,12,0.0
1112,9,0,2044,4,13,0.0
1113,9,0,2044,5,1,0.293999999761581
1114,9,0,2044,5,2,0.293999999761581
1115,9,0,2044,5,5,0.0504000000655651
1116,9,0,2044,5,7,0.493999987840652
1117,9,0,2044,5,8,0.493999987840652
1118,9,0,2044,5,10,0.00150000001303852
1119,9,0,2044,5,12,0.0
1120,9,0,2044,5,13,0.0
1121,9,0,2044,5,14,0.0
1122,9,0,2044,6,2,0.0753000006079674
1123,9,0,2044,6,12,-0.0399999991059303
1124,9,0,2044,7,2,0.0753000006079674
1125,9,0,2044,8,12,0.0
1126,9,0,2044,8,14,0.0
1127,9,0,2044,8,15,0.0
1128,9,0,2045,2,1,0.293999999761581
1129,9,0,2045,2,12,0.0
1130,9,0,2045,2,13,0.0
1131,9,0,2045,3,1,0.293999999761581
1132,9,0,2045,3,2,0.293999999761581
1133,9,0,2045,3,5,0.0504000000655651
1134,9,0,2045,3,7,0.493999987840652
1135,9,0,2045,3,8,0.493999987840652
1136,9,0,2045,3,10,0.00150000001303852
1137,9,0,2045,3,12,0.0
1138,9,0,2045,3,13,0.0
1139,9,0,2045,3,14,0.0
1140,9,0,2045,4,1,0.293999999761581
1141,9,0,2045,4,2,0.293999999761581
1142,9,0,2045,4,5,0.0504000000655651
1143,9,0,2045,4,7,0.493999987840652
1144,9,0,2045,4,8,0.493999987840652
1145,9,0,2045,4,10,0.00150000001303852
1146,9,0,2045,4,12,0.0
1147,9,0,2045,4,13,0.0
1148,9,0,2045,5,1,0.293999999761581
1149,9,0,2045,5,2,0.293999999761581
1150,9,0,2045,5,5,0.0504000000655651
1151,9,0,2045,5,7,0.493999987840652
1152,9,0,2045,5,8,0.493999987840652
1153,9,0,2045,5,10,0.00150000001303852
1154,9,0,2045,5,12,0.0
1155,9,0,2045,5,13,0.0
1156,9,0,2045,5,14,0.0
1157,9,0,2045,6,2,0.0753000006079674
1158,9,0,2045,6,12,-0.0399999991059303
1159,9,0,2045,7,2,0.0753000006079674
1160,9,0,2045,8,12,0.0
1161,9,0,2045,8,14,0.0
1162,9,0,2045,8,15,0.0
1163,9,0,2046,2,1,0.293999999761581
1164,9,0,2046,2,12,0.0
1165,9,0,2046,2,13,0.0
1166,9,0,2046,3,1,0.293999999761581
1167,9,0,2046,3,2,0.293999999761581
1168,9,0,2046,3,5,0.0504000000655651
1169,9,0,2046,3,7,0.493999987840652
1170,9,0,2046,3,8,0.493999987840652
1171,9,0,2046,3,10,0.00150000001303852
1172,9,0,2046,3,12,0.0
1173,9,0,2046,3,13,0.0
1174,9,0,2046,3,14,0.0
1175,9,0,2046,4,1,0.293999999761581
1176,9,0,2046,4,2,0.293999999761581
1177,9,0,2046,4,5,0.0504000000655651
1178,9,0,2046,4,7,0.493999987840652
1179,9,0,2046,4,8,0.493999987840652
1180,9,0,2046,4,10,0.00150000001303852
1181,9,0,2046,4,12,0.0
1182,9,0,2046,4,13,0.0
1183,9,0,2046,5,1,0.293999999761581
1184,9,0,2046,5,2,0.293999999761581
1185,9,0,2046,5,5,0.0504000000655651
1186,9,0,2046,5,7,0.493999987840652
1187,9,0,2046,5,8,0.493999987840652
1188,9,0,2046,5,10,0.00150000001303852
1189,9,0,2046,5,12,0.0
1190,9,0,2046,5,13,0.0
1191,9,0,2046,5,14,0.0
1192,9,0,2046,6,2,0.0753000006079674
1193,9,0,2046,6,12,-0.0399999991059303
1194,9,0,2046,7,2,0.0753000006079674
1195,9,0,2046,8,12,0.0
1196,9,0,2046,8,14,0.0
1197,9,0,2046,8,15,0.0
1198,9,0,2047,2,1,0.293999999761581
1199,9,0,2047,2,12,0.0
1200,9,0,2047,2,13,0.0
1201,9,0,2047,3,1,0.293999999761581
1202,9,0,2047,3,2,0.293999999761581
1203,9,0,2047,3,5,0.0504000000655651
1204,9,0,2047,3,7,0.493999987840652
1205,9,0,2047,3,8,0.493999987840652
1206,9,0,2047,3,10,0.00150000001303852
1207,9,0,2047,3,12,0.0
1208,9,0,2047,3,13,0.0
1209,9,0,2047,3,14,0.0
1210,9,0,2047,4,1,0.293999999761581
1211,9,0,2047,4,2,0.293999999761581
1212,9,0,2047,4,5,0.0504000000655651
1213,9,0,2047,4,7,0.493999987840652
1214,9,0,2047,4,8,0.493999987840652
1215,9,0,2047,4,10,0.00150000001303852
1216,9,0,2047,4,12,0.0
1217,9,0,2047,4,13,0.0
1218,9,0,2047,5,1,0.293999999761581
1219,9,0,2047,5,2,0.293999999761581
1220,9,0,2047,5,5,0.0504000000655651
1221,9,0,2047,5,7,0.493999987840652
1222,9,0,2047,5,8,0.493999987840652
1223,9,0,2047,5,10,0.00150000001303852
1224,9,0,2047,5,12,0.0
1225,9,0,2047,5,13,0.0
1226,9,0,2047,5,14,0.0
1227,9,0,2047,6,2,0.0753000006079674
1228,9,0,2047,6,12,-0.0399999991059303
1229,9,0,2047,7,2,0.0753000006079674
1230,9,0,2047,8,12,0.0
1231,9,0,2047,8,14,0.0
1232,9,0,2047,8,15,0.0
1233,9,0,2048,2,1,0.293999999761581
1234,9,0,2048,2,12,0.0
1235,9,0,2048,2,13,0.0
1236,9,0,2048,3,1,0.293999999761581
1237,9,0,2048,3,2,0.293999999761581
1238,9,0,2048,3,5,0.0504000000655651
1239,9,0,2048,3,7,0.493999987840652
1240,9,0,2048,3,8,0.493999987840652
1241,9,0,2048,3,10,0.00150000001303852
1242,9,0,2048,3,12,0.0
1243,9,0,2048,3,13,0.0
1244,9,0,2048,3,14,0.0
1245,9,0,2048,4,1,0.293999999761581
1246,9,0,2048,4,2,0.293999999761581
1247,9,0,2048,4,5,0.0504000000655651
1248,9,0,2048,4,7,0.493999987840652
1249,9,0,2048,4,8,0.493999987840652
1250,9,0,2048,4,10,0.00150000001303852
1251,9,0,2048,4,12,0.0
1252,9,0,2048,4,13,0.0
1253,9,0,2048,5,1,0.293999999761581
1254,9,0,2048,5,2,0.293999999761581
1255,9,0,2048,5,5,0.0504000000655651
1256,9,0,2048,5,7,0.493999987840652
1257,9,0,2048,5,8,0.493999987840652
1258,9,0,2048,5,10,0.00150000001303852
1259,9,0,2048,5,12,0.0
1260,9,0,2048,5,13,0.0
1261,9,0,2048,5,14,0.0
1262,9,0,2048,6,2,0.0753000006079674
1263,9,0,2048,6,12,-0.0399999991059303
1264,9,0,2048,7,2,0.0753000006079674
1265,9,0,2048,8,12,0.0
1266,9,0,2048,8,14,0.0
1267,9,0,2048,8,15,0.0
1268,9,0,2049,2,1,0.293999999761581
1269,9,0,2049,2,12,0.0
1270,9,0,2049,2,13,0.0
1271,9,0,2049,3,1,0.293999999761581
1272,9,0,2049,3,2,0.293999999761581
1273,9,0,2049,3,5,0.0504000000655651
1274,9,0,2049,3,7,0.493999987840652
1275,9,0,2049,3,8,0.493999987840652
1276,9,0,2049,3,10,0.00150000001303852
1277,9,0,2049,3,12,0.0
1278,9,0,2049,3,13,0.0
1279,9,0,2049,3,14,0.0
1280,9,0,2049,4,1,0.293999999761581
1281,9,0,2049,4,2,0.293999999761581
1282,9,0,2049,4,5,0.0504000000655651
1283,9,0,2049,4,7,0.493999987840652
1284,9,0,2049,4,8,0.493999987840652
1285,9,0,2049,4,10,0.00150000001303852
1286,9,0,2049,4,12,0.0
1287,9,0,2049,4,13,0.0
1288,9,0,2049,5,1,0.293999999761581
1289,9,0,2049,5,2,0.293999999761581
1290,9,0,2049,5,5,0.0504000000655651
1291,9,0,2049,5,7,0.493999987840652
1292,9,0,2049,5,8,0.493999987840652
1293,9,0,2049,5,10,0.00150000001303852
1294,9,0,2049,5,12,0.0
1295,9,0,2049,5,13,0.0
1296,9,0,2049,5,14,0.0
1297,9,0,2049,6,2,0.0753000006079674
1298,9,0,2049,6,12,-0.0399999991059303
1299,9,0,2049,7,2,0.0753000006079674
1300,9,0,2049,8,12,0.0
1301,9,0,2049,8,14,0.0
1302,9,0,2049,8,15,0.0
1303,9,0,2050,2,1,0.293999999761581
1304,9,0,2050,2,12,0.0
1305,9,0,2050,2,13,0.0
1306,9,0,2050,3,1,0.293999999761581
1307,9,0,2050,3,2,0.293999999761581
1308,9,0,2050,3,5,0.0504000000655651
1309,9,0,2050,3,7,0.493999987840652
1310,9,0,2050,3,8,0.493999987840652
1311,9,0,2050,3,10,0.00150000001303852
1312,9,0,2050,3,12,0.0
1313,9,0,2050,3,13,0.0
1314,9,0,2050,3,14,0.0
1315,9,0,2050,4,1,0.293999999761581
1316,9,0,2050,4,2,0.293999999761581
1317,9,0,2050,4,5,0.0504000000655651
1318,9,0,2050,4,7,0.493999987840652
1319,9,0,2050,4,8,0.493999987840652
1320,9,0,2050,4,10,0.00150000001303852
1321,9,0,2050,4,12,0.0
1322,9,0,2050,4,13,0.0
1323,9,0,2050,5,1,0.293999999761581
1324,9,0,2050,5,2,0.293999999761581
1325,9,0,2050,5,5,0.0504000000655651
1326,9,0,2050,5,7,0.493999987840652
1327,9,0,2050,5,8,0.493999987840652
1328,9,0,2050,5,10,0.00150000001303852
1329,9,0,2050,5,12,0.0
1330,9,0,2050,5,13,0.0
1331,9,0,2050,5,14,0.0
1332,9,0,2050,6,2,0.0753000006079674
1333,9,0,2050,6,12,-0.0399999991059303
1334,9,0,2050,7,2,0.0753000006079674
1335,9,0,2050,8,12,0.0
1336,9,0,2050,8,14,0.0
1337,9,0,2050,8,15,0.0
1338,9,0,2051,2,1,0.293999999761581
1339,9,0,2051,2,12,0.0
1340,9,0,2051,2,13,0.0
1341,9,0,2051,3,1,0.293999999761581
1342,9,0,2051,3,2,0.293999999761581
1343,9,0,2051,3,5,0.0504000000655651
1344,9,0,2051,3,7,0.493999987840652
1345,9,0,2051,3,8,0.493999987840652
1346,9,0,2051,3,10,0.00150000001303852
1347,9,0,2051,3,12,0.0
1348,9,0,2051,3,13,0.0
1349,9,0,2051,3,14,0.0
1350,9,0,2051,4,1,0.293999999761581
1351,9,0,2051,4,2,0.293999999761581
1352,9,0,2051,4,5,0.0504000000655651
1353,9,0,2051,4,7,0.493999987840652
1354,9,0,2051,4,8,0.493999987840652
1355,9,0,2051,4,10,0.00150000001303852
1356,9,0,2051,4,12,0.0
1357,9,0,2051,4,13,0.0
1358,9,0,2051,5,1,0.293999999761581
1359,9,0,2051,5,2,0.293999999761581
1360,9,0,2051,5,5,0.0504000000655651
1361,9,0,2051,5,7,0.493999987840652
1362,9,0,2051,5,8,0.493999987840652
1363,9,0,2051,5,10,0.00150000001303852
1364,9,0,2051,5,12,0.0
1365,9,0,2051,5,13,0.0
1366,9,0,2051,5,14,0.0
1367,9,0,2051,6,2,0.0753000006079674
1368,9,0,2051,6,12,-0.0399999991059303
1369,9,0,2051,7,2,0.0753000006079674
1370,9,0,2051,8,12,0.0
1371,9,0,2051,8,14,0.0
1372,9,0,2051,8,15,0.0
1373,9,0,2052,2,1,0.293999999761581
1374,9,0,2052,2,12,0.0
1375,9,0,2052,2,13,0.0
1376,9,0,2052,3,1,0.293999999761581
1377,9,0,2052,3,2,0.293999999761581
1378,9,0,2052,3,5,0.0504000000655651
1379,9,0,2052,3,7,0.493999987840652
1380,9,0,2052,3,8,0.493999987840652
1381,9,0,2052,3,10,0.00150000001303852
1382,9,0,2052,3,12,0.0
1383,9,0,2052,3,13,0.0
1384,9,0,2052,3,14,0.0
1385,9,0,2052,4,1,0.293999999761581
1386,9,0,2052,4,2,0.293999999761581
1387,9,0,2052,4,5,0.0504000000655651
1388,9,0,2052,4,7,0.493999987840652
1389,9,0,2052,4,8,0.493999987840652
1390,9,0,2052,4,10,0.00150000001303852
1391,9,0,2052,4,12,0.0
1392,9,0,2052,4,13,0.0
1393,9,0,2052,5,1,0.293999999761581
1394,9,0,2052,5,2,0.293999999761581
1395,9,0,2052,5,5,0.0504000000655651
1396,9,0,2052,5,7,0.493999987840652
1397,9,0,2052,5,8,0.493999987840652
1398,9,0,2052,5,10,0.00150000001303852
1399,9,0,2052,5,12,0.0
1400,9,0,2052,5,13,0.0
1401,9,0,2052,5,14,0.0
1402,9,0,2052,6,2,0.0753000006079674
1403,9,0,2052,6,12,-0.0399999991059303
1404,9,0,2052,7,2,0.0753000006079674
1405,9,0,2052,8,12,0.0
1406,9,0,2052,8,14,0.0
1407,9,0,2052,8,15,0.0
1408,9,0,2053,2,1,0.293999999761581
1409,9,0,2053,2,12,0.0
1410,9,0,2053,2,13,0.0
1411,9,0,2053,3,1,0.293999999761581
1412,9,0,2053,3,2,0.293999999761581
1413,9,0,2053,3,5,0.0504000000655651
1414,9,0,2053,3,7,0.493999987840652
1415,9,0,2053,3,8,0.493999987840652
1416,9,0,2053,3,10,0.00150000001303852
1417,9,0,2053,3,12,0.0
1418,9,0,2053,3,13,0.0
1419,9,0,2053,3,14,0.0
1420,9,0,2053,4,1,0.293999999761581
1421,9,0,2053,4,2,0.293999999761581
1422,9,0,2053,4,5,0.0504000000655651
1423,9,0,2053,4,7,0.493999987840652
1424,9,0,2053,4,8,0.493999987840652
1425,9,0,2053,4,10,0.00150000001303852
1426,9,0,2053,4,12,0.0
1427,9,0,2053,4,13,0.0
1428,9,0,2053,5,1,0.293999999761581
1429,9,0,2053,5,2,0.293999999761581
1430,9,0,2053,5,5,0.0504000000655651
1431,9,0,2053,5,7,0.493999987840652
1432,9,0,2053,5,8,0.493999987840652
1433,9,0,2053,5,10,0.00150000001303852
1434,9,0,2053,5,12,0.0
1435,9,0,2053,5,13,0.0
1436,9,0,2053,5,14,0.0
1437,9,0,2053,6,2,0.0753000006079674
1438,9,0,2053,6,12,-0.0399999991059303
1439,9,0,2053,7,2,0.0753000006079674
1440,9,0,2053,8,12,0.0
1441,9,0,2053,8,14,0.0
1442,9,0,2053,8,15,0.0
1443,9,0,2054,2,1,0.293999999761581
1444,9,0,2054,2,12,0.0
1445,9,0,2054,2,13,0.0
1446,9,0,2054,3,1,0.293999999761581
1447,9,0,2054,3,2,0.293999999761581
1448,9,0,2054,3,5,0.0504000000655651
1449,9,0,2054,3,7,0.493999987840652
1450,9,0,2054,3,8,0.493999987840652
1451,9,0,2054,3,10,0.00150000001303852
1452,9,0,2054,3,12,0.0
1453,9,0,2054,3,13,0.0
1454,9,0,2054,3,14,0.0
1455,9,0,2054,4,1,0.293999999761581
1456,9,0,2054,4,2,0.293999999761581
1457,9,0,2054,4,5,0.0504000000655651
1458,9,0,2054,4,7,0.493999987840652
1459,9,0,2054,4,8,0.493999987840652
1460,9,0,2054,4,10,0.00150000001303852
1461,9,0,2054,4,12,0.0
1462,9,0,2054,4,13,0.0
1463,9,0,2054,5,1,0.293999999761581
1464,9,0,2054,5,2,0.293999999761581
1465,9,0,2054,5,5,0.0504000000655651
1466,9,0,2054,5,7,0.493999987840652
1467,9,0,2054,5,8,0.493999987840652
1468,9,0,2054,5,10,0.00150000001303852
1469,9,0,2054,5,12,0.0
1470,9,0,2054,5,13,0.0
1471,9,0,2054,5,14,0.0
1472,9,0,2054,6,2,0.0753000006079674
1473,9,0,2054,6,12,-0.0399999991059303
1474,9,0,2054,7,2,0.0753000006079674
1475,9,0,2054,8,12,0.0
1476,9,0,2054,8,14,0.0
1477,9,0,2054,8,15,0.0
1478,9,0,2055,2,1,0.293999999761581
1479,9,0,2055,2,12,0.0
1480,9,0,2055,2,13,0.0
1481,9,0,2055,3,1,0.293999999761581
1482,9,0,2055,3,2,0.293999999761581
1483,9,0,2055,3,5,0.0504000000655651
1484,9,0,2055,3,7,0.493999987840652
1485,9,0,2055,3,8,0.493999987840652
1486,9,0,2055,3,10,0.00150000001303852
1487,9,0,2055,3,12,0.0
1488,9,0,2055,3,13,0.0
1489,9,0,2055,3,14,0.0
1490,9,0,2055,4,1,0.293999999761581
1491,9,0,2055,4,2,0.293999999761581
1492,9,0,2055,4,5,0.0504000000655651
1493,9,0,2055,4,7,0.493999987840652
1494,9,0,2055,4,8,0.493999987840652
1495,9,0,2055,4,10,0.00150000001303852
1496,9,0,2055,4,12,0.0
1497,9,0,2055,4,13,0.0
1498,9,0,2055,5,1,0.293999999761581
1499,9,0,2055,5,2,0.293999999761581
1500,9,0,2055,5,5,0.0504000000655651
1501,9,0,2055,5,7,0.493999987840652
1502,9,0,2055,5,8,0.493999987840652
1503,9,0,2055,5,10,0.00150000001303852
1504,9,0,2055,5,12,0.0
1505,9,0,2055,5,13,0.0
1506,9,0,2055,5,14,0.0
1507,9,0,2055,6,2,0.0753000006079674
1508,9,0,2055,6,12,-0.0399999991059303
1509,9,0,2055,7,2,0.0753000006079674
1510,9,0,2055,8,12,0.0
1511,9,0,2055,8,14,0.0
1512,9,0,2055,8,15,0.0
1513,9,0,2056,2,1,0.293999999761581
1514,9,0,2056,2,12,0.0
1515,9,0,2056,2,13,0.0
1516,9,0,2056,3,1,0.293999999761581
1517,9,0,2056,3,2,0.293999999761581
1518,9,0,2056,3,5,0.0504000000655651
1519,9,0,2056,3,7,0.493999987840652
1520,9,0,2056,3,8,0.493999987840652
1521,9,0,2056,3,10,0.00150000001303852
1522,9,0,2056,3,12,0.0
1523,9,0,2056,3,13,0.0
1524,9,0,2056,3,14,0.0
1525,9,0,2056,4,1,0.293999999761581
1526,9,0,2056,4,2,0.293999999761581
1527,9,0,2056,4,5,0.0504000000655651
1528,9,0,2056,4,7,0.493999987840652
1529,9,0,2056,4,8,0.493999987840652
1530,9,0,2056,4,10,0.00150000001303852
1531,9,0,2056,4,12,0.0
1532,9,0,2056,4,13,0.0
1533,9,0,2056,5,1,0.293999999761581
1534,9,0,2056,5,2,0.293999999761581
1535,9,0,2056,5,5,0.0504000000655651
1536,9,0,2056,5,7,0.493999987840652
1537,9,0,2056,5,8,0.493999987840652
1538,9,0,2056,5,10,0.00150000001303852
1539,9,0,2056,5,12,0.0
1540,9,0,2056,5,13,0.0
1541,9,0,2056,5,14,0.0
1542,9,0,2056,6,2,0.0753000006079674
1543,9,0,2056,6,12,-0.0399999991059303
1544,9,0,2056,7,2,0.0753000006079674
1545,9,0,2056,8,12,0.0
1546,9,0,2056,8,14,0.0
1547,9,0,2056,8,15,0.0
1548,9,0,2057,2,1,0.293999999761581
1549,9,0,2057,2,12,0.0
1550,9,0,2057,2,13,0.0
1551,9,0,2057,3,1,0.293999999761581
1552,9,0,2057,3,2,0.293999999761581
1553,9,0,2057,3,5,0.0504000000655651
1554,9,0,2057,3,7,0.493999987840652
1555,9,0,2057,3,8,0.493999987840652
1556,9,0,2057,3,10,0.00150000001303852
1557,9,0,2057,3,12,0.0
1558,9,0,2057,3,13,0.0
1559,9,0,2057,3,14,0.0
1560,9,0,2057,4,1,0.293999999761581
1561,9,0,2057,4,2,0.293999999761581
1562,9,0,2057,4,5,0.0504000000655651
1563,9,0,2057,4,7,0.493999987840652
1564,9,0,2057,4,8,0.493999987840652
1565,9,0,2057,4,10,0.00150000001303852
1566,9,0,2057,4,12,0.0
1567,9,0,2057,4,13,0.0
1568,9,0,2057,5,1,0.293999999761581
1569,9,0,2057,5,2,0.293999999761581
1570,9,0,2057,5,5,0.0504000000655651
1571,9,0,2057,5,7,0.493999987840652
1572,9,0,2057,5,8,0.493999987840652
1573,9,0,2057,5,10,0.00150000001303852
1574,9,0,2057,5,12,0.0
1575,9,0,2057,5,13,0.0
1576,9,0,2057,5,14,0.0
1577,9,0,2057,6,2,0.0753000006079674
1578,9,0,2057,6,12,-0.0399999991059303
1579,9,0,2057,7,2,0.0753000006079674
1580,9,0,2057,8,12,0.0
1581,9,0,2057,8,14,0.0
1582,9,0,2057,8,15,0.0
1583,9,0,2058,2,1,0.293999999761581
1584,9,0,2058,2,12,0.0
1585,9,0,2058,2,13,0.0
1586,9,0,2058,3,1,0.293999999761581
1587,9,0,2058,3,2,0.293999999761581
1588,9,0,2058,3,5,0.0504000000655651
1589,9,0,2058,3,7,0.493999987840652
1590,9,0,2058,3,8,0.493999987840652
1591,9,0,2058,3,10,0.00150000001303852
1592,9,0,2058,3,12,0.0
1593,9,0,2058,3,13,0.0
1594,9,0,2058,3,14,0.0
1595,9,0,2058,4,1,0.293999999761581
1596,9,0,2058,4,2,0.293999999761581
1597,9,0,2058,4,5,0.0504000000655651
1598,9,0,2058,4,7,0.493999987840652
1599,9,0,2058,4,8,0.493999987840652
1600,9,0,2058,4,10,0.00150000001303852
1601,9,0,2058,4,12,0.0
1602,9,0,2058,4,13,0.0
1603,9,0,2058,5,1,0.293999999761581
1604,9,0,2058,5,2,0.293999999761581
1605,9,0,2058,5,5,0.0504000000655651
1606,9,0,2058,5,7,0.493999987840652
1607,9,0,2058,5,8,0.493999987840652
1608,9,0,2058,5,10,0.00150000001303852
1609,9,0,2058,5,12,0.0
1610,9,0,2058,5,13,0.0
1611,9,0,2058,5,14,0.0
1612,9,0,2058,6,2,0.0753000006079674
1613,9,0,2058,6,12,-0.0399999991059303
1614,9,0,2058,7,2,0.0753000006079674
1615,9,0,2058,8,12,0.0
1616,9,0,2058,8,14,0.0
1617,9,0,2058,8,15,0.0
1618,9,0,2059,2,1,0.293999999761581
1619,9,0,2059,2,12,0.0
1620,9,0,2059,2,13,0.0
1621,9,0,2059,3,1,0.293999999761581
1622,9,0,2059,3,2,0.293999999761581
1623,9,0,2059,3,5,0.0504000000655651
1624,9,0,2059,3,7,0.493999987840652
1625,9,0,2059,3,8,0.493999987840652
1626,9,0,2059,3,10,0.00150000001303852
1627,9,0,2059,3,12,0.0
1628,9,0,2059,3,13,0.0
1629,9,0,2059,3,14,0.0
1630,9,0,2059,4,1,0.293999999761581
1631,9,0,2059,4,2,0.293999999761581
1632,9,0,2059,4,5,0.0504000000655651
1633,9,0,2059,4,7,0.493999987840652
1634,9,0,2059,4,8,0.493999987840652
1635,9,0,2059,4,10,0.00150000001303852
1636,9,0,2059,4,12,0.0
1637,9,0,2059,4,13,0.0
1638,9,0,2059,5,1,0.293999999761581
1639,9,0,2059,5,2,0.293999999761581
1640,9,0,2059,5,5,0.0504000000655651
1641,9,0,2059,5,7,0.493999987840652
1642,9,0,2059,5,8,0.493999987840652
1643,9,0,2059,5,10,0.00150000001303852
1644,9,0,2059,5,12,0.0
1645,9,0,2059,5,13,0.0
1646,9,0,2059,5,14,0.0
1647,9,0,2059,6,2,0.0753000006079674
1648,9,0,2059,6,12,-0.0399999991059303
1649,9,0,2059,7,2,0.0753000006079674
1650,9,0,2059,8,12,0.0
1651,9,0,2059,8,14,0.0
1652,9,0,2059,8,15,0.0
1653,9,0,2060,2,1,0.293999999761581
1654,9,0,2060,2,12,0.0
1655,9,0,2060,2,13,0.0
1656,9,0,2060,3,1,0.293999999761581
1657,9,0,2060,3,2,0.293999999761581
1658,9,0,2060,3,5,0.0504000000655651
1659,9,0,2060,3,7,0.493999987840652
1660,9,0,2060,3,8,0.493999987840652
1661,9,0,2060,3,10,0.00150000001303852
1662,9,0,2060,3,12,0.0
1663,9,0,2060,3,13,0.0
1664,9,0,2060,3,14,0.0
1665,9,0,2060,4,1,0.293999999761581
1666,9,0,2060,4,2,0.293999999761581
1667,9,0,2060,4,5,0.0504000000655651
1668,9,0,2060,4,7,0.493999987840652
1669,9,0,2060,4,8,0.493999987840652
1670,9,0,2060,4,10,0.00150000001303852
1671,9,0,2060,4,12,0.0
1672,9,0,2060,4,13,0.0
1673,9,0,2060,5,1,0.293999999761581
1674,9,0,2060,5,2,0.293999999761581
1675,9,0,2060,5,5,0.0504000000655651
1676,9,0,2060,5,7,0.493999987840652
1677,9,0,2060,5,8,0.493999987840652
1678,9,0,2060,5,10,0.00150000001303852
1679,9,0,2060,5,12,0.0
1680,9,0,2060,5,13,0.0
1681,9,0,2060,5,14,0.0
1682,9,0,2060,6,2,0.0753000006079674
1683,9,0,2060,6,12,-0.0399999991059303
1684,9,0,2060,7,2,0.0753000006079674
1685,9,0,2060,8,12,0.0
1686,9,0,2060,8,14,0.0
1687,9,0,2060,8,15,0.0
1688,9,0,2061,2,1,0.293999999761581
1689,9,0,2061,2,12,0.0
1690,9,0,2061,2,13,0.0
1691,9,0,2061,3,1,0.293999999761581
1692,9,0,2061,3,2,0.293999999761581
1693,9,0,2061,3,5,0.0504000000655651
1694,9,0,2061,3,7,0.493999987840652
1695,9,0,2061,3,8,0.493999987840652
1696,9,0,2061,3,10,0.00150000001303852
1697,9,0,2061,3,12,0.0
1698,9,0,2061,3,13,0.0
1699,9,0,2061,3,14,0.0
1700,9,0,2061,4,1,0.293999999761581
1701,9,0,2061,4,2,0.293999999761581
1702,9,0,2061,4,5,0.0504000000655651
1703,9,0,2061,4,7,0.493999987840652
1704,9,0,2061,4,8,0.493999987840652
1705,9,0,2061,4,10,0.00150000001303852
1706,9,0,2061,4,12,0.0
1707,9,0,2061,4,13,0.0
1708,9,0,2061,5,1,0.293999999761581
1709,9,0,2061,5,2,0.293999999761581
1710,9,0,2061,5,5,0.0504000000655651
1711,9,0,2061,5,7,0.493999987840652
1712,9,0,2061,5,8,0.493999987840652
1713,9,0,2061,5,10,0.00150000001303852
1714,9,0,2061,5,12,0.0
1715,9,0,2061,5,13,0.0
1716,9,0,2061,5,14,0.0
1717,9,0,2061,6,2,0.0753000006079674
1718,9,0,2061,6,12,-0.0399999991059303
1719,9,0,2061,7,2,0.0753000006079674
1720,9,0,2061,8,12,0.0
1721,9,0,2061,8,14,0.0
1722,9,0,2061,8,15,0.0
1723,9,0,2062,2,1,0.293999999761581
1724,9,0,2062,2,12,0.0
1725,9,0,2062,2,13,0.0
1726,9,0,2062,3,1,0.293999999761581
1727,9,0,2062,3,2,0.293999999761581
1728,9,0,2062,3,5,0.0504000000655651
1729,9,0,2062,3,7,0.493999987840652
1730,9,0,2062,3,8,0.493999987840652
1731,9,0,2062,3,10,0.00150000001303852
1732,9,0,2062,3,12,0.0
1733,9,0,2062,3,13,0.0
1734,9,0,2062,3,14,0.0
1735,9,0,2062,4,1,0.293999999761581
1736,9,0,2062,4,2,0.293999999761581
1737,9,0,2062,4,5,0.0504000000655651
1738,9,0,2062,4,7,0.493999987840652
1739,9,0,2062,4,8,0.493999987840652
1740,9,0,2062,4,10,0.00150000001303852
1741,9,0,2062,4,12,0.0
1742,9,0,2062,4,13,0.0
1743,9,0,2062,5,1,0.293999999761581
1744,9,0,2062,5,2,0.293999999761581
1745,9,0,2062,5,5,0.0504000000655651
1746,9,0,2062,5,7,0.493999987840652
1747,9,0,2062,5,8,0.493999987840652
1748,9,0,2062,5,10,0.00150000001303852
1749,9,0,2062,5,12,0.0
1750,9,0,2062,5,13,0.0
1751,9,0,2062,5,14,0.0
1752,9,0,2062,6,2,0.0753000006079674
1753,9,0,2062,6,12,-0.0399999991059303
1754,9,0,2062,7,2,0.0753000006079674
1755,9,0,2062,8,12,0.0
1756,9,0,2062,8,14,0.0
1757,9,0,2062,8,15,0.0
1758,9,0,2063,2,1,0.293999999761581
1759,9,0,2063,2,12,0.0
1760,9,0,2063,2,13,0.0
1761,9,0,2063,3,1,0.293999999761581
1762,9,0,2063,3,2,0.293999999761581
1763,9,0,2063,3,5,0.0504000000655651
1764,9,0,2063,3,7,0.493999987840652
1765,9,0,2063,3,8,0.493999987840652
1766,9,0,2063,3,10,0.00150000001303852
1767,9,0,2063,3,12,0.0
1768,9,0,2063,3,13,0.0
1769,9,0,2063,3,14,0.0
1770,9,0,2063,4,1,0.293999999761581
1771,9,0,2063,4,2,0.293999999761581
1772,9,0,2063,4,5,0.0504000000655651
1773,9,0,2063,4,7,0.493999987840652
1774,9,0,2063,4,8,0.493999987840652
1775,9,0,2063,4,10,0.00150000001303852
1776,9,0,2063,4,12,0.0
1777,9,0,2063,4,13,0.0
1778,9,0,2063,5,1,0.293999999761581
1779,9,0,2063,5,2,0.293999999761581
1780,9,0,2063,5,5,0.0504000000655651
1781,9,0,2063,5,7,0.493999987840652
1782,9,0,2063,5,8,0.493999987840652
1783,9,0,2063,5,10,0.00150000001303852
1784,9,0,2063,5,12,0.0
1785,9,0,2063,5,13,0.0
1786,9,0,2063,5,14,0.0
1787,9,0,2063,6,2,0.0753000006079674
1788,9,0,2063,6,12,-0.0399999991059303
1789,9,0,2063,7,2,0.0753000006079674
1790,9,0,2063,8,12,0.0
1791,9,0,2063,8,14,0.0
1792,9,0,2063,8,15,0.0
1793,9,0,2064,2,1,0.293999999761581
1794,9,0,2064,2,12,0.0
1795,9,0,2064,2,13,0.0
1796,9,0,2064,3,1,0.293999999761581
1797,9,0,2064,3,2,0.293999999761581
1798,9,0,2064,3,5,0.0504000000655651
1799,9,0,2064,3,7,0.493999987840652
1800,9,0,2064,3,8,0.493999987840652
1801,9,0,2064,3,10,0.00150000001303852
1802,9,0,2064,3,12,0.0
1803,9,0,2064,3,13,0.0
1804,9,0,2064,3,14,0.0
1805,9,0,2064,4,1,0.293999999761581
1806,9,0,2064,4,2,0.293999999761581
1807,9,0,2064,4,5,0.0504000000655651
1808,9,0,2064,4,7,0.493999987840652
1809,9,0,2064,4,8,0.493999987840652
1810,9,0,2064,4,10,0.00150000001303852
1811,9,0,2064,4,12,0.0
1812,9,0,2064,4,13,0.0
1813,9,0,2064,5,1,0.293999999761581
1814,9,0,2064,5,2,0.293999999761581
1815,9,0,2064,5,5,0.0504000000655651
1816,9,0,2064,5,7,0.493999987840652
1817,9,0,2064,5,8,0.493999987840652
1818,9,0,2064,5,10,0.00150000001303852
1819,9,0,2064,5,12,0.0
1820,9,0,2064,5,13,0.0
1821,9,0,2064,5,14,0.0
1822,9,0,2064,6,2,0.0753000006079674
1823,9,0,2064,6,12,-0.0399999991059303
1824,9,0,2064,7,2,0.0753000006079674
1825,9,0,2064,8,12,0.0
1826,9,0,2064,8,14,0.0
1827,9,0,2064,8,15,0.0
1828,9,0,2065,2,1,0.293999999761581
1829,9,0,2065,2,12,0.0
1830,9,0,2065,2,13,0.0
1831,9,0,2065,3,1,0.293999999761581
1832,9,0,2065,3,2,0.293999999761581
1833,9,0,2065,3,5,0.0504000000655651
1834,9,0,2065,3,7,0.493999987840652
1835,9,0,2065,3,8,0.493999987840652
1836,9,0,2065,3,10,0.00150000001303852
1837,9,0,2065,3,12,0.0
1838,9,0,2065,3,13,0.0
1839,9,0,2065,3,14,0.0
1840,9,0,2065,4,1,0.293999999761581
1841,9,0,2065,4,2,0.293999999761581
1842,9,0,2065,4,5,0.0504000000655651
1843,9,0,2065,4,7,0.493999987840652
1844,9,0,2065,4,8,0.493999987840652
1845,9,0,2065,4,10,0.00150000001303852
1846,9,0,2065,4,12,0.0
1847,9,0,2065,4,13,0.0
1848,9,0,2065,5,1,0.293999999761581
1849,9,0,2065,5,2,0.293999999761581
1850,9,0,2065,5,5,0.0504000000655651
1851,9,0,2065,5,7,0.493999987840652
1852,9,0,2065,5,8,0.493999987840652
1853,9,0,2065,5,10,0.00150000001303852
1854,9,0,2065,5,12,0.0
1855,9,0,2065,5,13,0.0
1856,9,0,2065,5,14,0.0
1857,9,0,2065,6,2,0.0753000006079674
1858,9,0,2065,6,12,-0.0399999991059303
1859,9,0,2065,7,2,0.0753000006079674
1860,9,0,2065,8,12,0.0
1861,9,0,2065,8,14,0.0
1862,9,0,2065,8,15,0.0
1863,9,0,2066,2,1,0.293999999761581
1864,9,0,2066,2,12,0.0
1865,9,0,2066,2,13,0.0
1866,9,0,2066,3,1,0.293999999761581
1867,9,0,2066,3,2,0.293999999761581
1868,9,0,2066,3,5,0.0504000000655651
1869,9,0,2066,3,7,0.493999987840652
1870,9,0,2066,3,8,0.493999987840652
1871,9,0,2066,3,10,0.00150000001303852
1872,9,0,2066,3,12,0.0
1873,9,0,2066,3,13,0.0
1874,9,0,2066,3,14,0.0
1875,9,0,2066,4,1,0.293999999761581
1876,9,0,2066,4,2,0.293999999761581
1877,9,0,2066,4,5,0.0504000000655651
1878,9,0,2066,4,7,0.493999987840652
1879,9,0,2066,4,8,0.493999987840652
1880,9,0,2066,4,10,0.00150000001303852
1881,9,0,2066,4,12,0.0
1882,9,0,2066,4,13,0.0
1883,9,0,2066,5,1,0.293999999761581
1884,9,0,2066,5,2,0.293999999761581
1885,9,0,2066,5,5,0.0504000000655651
1886,9,0,2066,5,7,0.493999987840652
1887,9,0,2066,5,8,0.493999987840652
1888,9,0,2066,5,10,0.00150000001303852
1889,9,0,2066,5,12,0.0
1890,9,0,2066,5,13,0.0
1891,9,0,2066,5,14,0.0
1892,9,0,2066,6,2,0.0753000006079674
1893,9,0,2066,6,12,-0.0399999991059303
1894,9,0,2066,7,2,0.0753000006079674
1895,9,0,2066,8,12,0.0
1896,9,0,2066,8,14,0.0
1897,9,0,2066,8,15,0.0
1898,9,0,2067,2,1,0.293999999761581
1899,9,0,2067,2,12,0.0
1900,9,0,2067,2,13,0.0
1901,9,0,2067,3,1,0.293999999761581
1902,9,0,2067,3,2,0.293999999761581
1903,9,0,2067,3,5,0.0504000000655651
1904,9,0,2067,3,7,0.493999987840652
1905,9,0,2067,3,8,0.493999987840652
1906,9,0,2067,3,10,0.00150000001303852
1907,9,0,2067,3,12,0.0
1908,9,0,2067,3,13,0.0
1909,9,0,2067,3,14,0.0
1910,9,0,2067,4,1,0.293999999761581
1911,9,0,2067,4,2,0.293999999761581
1912,9,0,2067,4,5,0.0504000000655651
1913,9,0,2067,4,7,0.493999987840652
1914,9,0,2067,4,8,0.493999987840652
1915,9,0,2067,4,10,0.00150000001303852
1916,9,0,2067,4,12,0.0
1917,9,0,2067,4,13,0.0
1918,9,0,2067,5,1,0.293999999761581
1919,9,0,2067,5,2,0.293999999761581
1920,9,0,2067,5,5,0.0504000000655651
1921,9,0,2067,5,7,0.493999987840652
1922,9,0,2067,5,8,0.493999987840652
1923,9,0,2067,5,10,0.00150000001303852
1924,9,0,2067,5,12,0.0
1925,9,0,2067,5,13,0.0
1926,9,0,2067,5,14,0.0
1927,9,0,2067,6,2,0.0753000006079674
1928,9,0,2067,6,12,-0.0399999991059303
1929,9,0,2067,7,2,0.0753000006079674
1930,9,0,2067,8,12,0.0
1931,9,0,2067,8,14,0.0
1932,9,0,2067,8,15,0.0
1933,9,0,2068,2,1,0.293999999761581
1934,9,0,2068,2,12,0.0
1935,9,0,2068,2,13,0.0
1936,9,0,2068,3,1,0.293999999761581
1937,9,0,2068,3,2,0.293999999761581
1938,9,0,2068,3,5,0.0504000000655651
1939,9,0,2068,3,7,0.493999987840652
1940,9,0,2068,3,8,0.493999987840652
1941,9,0,2068,3,10,0.00150000001303852
1942,9,0,2068,3,12,0.0
1943,9,0,2068,3,13,0.0
1944,9,0,2068,3,14,0.0
1945,9,0,2068,4,1,0.293999999761581
1946,9,0,2068,4,2,0.293999999761581
1947,9,0,2068,4,5,0.0504000000655651
1948,9,0,2068,4,7,0.493999987840652
1949,9,0,2068,4,8,0.493999987840652
1950,9,0,2068,4,10,0.00150000001303852
1951,9,0,2068,4,12,0.0
1952,9,0,2068,4,13,0.0
1953,9,0,2068,5,1,0.293999999761581
1954,9,0,2068,5,2,0.293999999761581
1955,9,0,2068,5,5,0.0504000000655651
1956,9,0,2068,5,7,0.493999987840652
1957,9,0,2068,5,8,0.493999987840652
1958,9,0,2068,5,10,0.00150000001303852
1959,9,0,2068,5,12,0.0
1960,9,0,2068,5,13,0.0
1961,9,0,2068,5,14,0.0
1962,9,0,2068,6,2,0.0753000006079674
1963,9,0,2068,6,12,-0.0399999991059303
1964,9,0,2068,7,2,0.0753000006079674
1965,9,0,2068,8,12,0.0
1966,9,0,2068,8,14,0.0
1967,9,0,2068,8,15,0.0
1968,9,0,2069,2,1,0.293999999761581
1969,9,0,2069,2,12,0.0
1970,9,0,2069,2,13,0.0
1971,9,0,2069,3,1,0.293999999761581
1972,9,0,2069,3,2,0.293999999761581
1973,9,0,2069,3,5,0.0504000000655651
1974,9,0,2069,3,7,0.493999987840652
1975,9,0,2069,3,8,0.493999987840652
1976,9,0,2069,3,10,0.00150000001303852
1977,9,0,2069,3,12,0.0
1978,9,0,2069,3,13,0.0
1979,9,0,2069,3,14,0.0
1980,9,0,2069,4,1,0.293999999761581
1981,9,0,2069,4,2,0.293999999761581
1982,9,0,2069,4,5,0.0504000000655651
1983,9,0,2069,4,7,0.493999987840652
1984,9,0,2069,4,8,0.493999987840652
1985,9,0,2069,4,10,0.00150000001303852
1986,9,0,2069,4,12,0.0
1987,9,0,2069,4,13,0.0
1988,9,0,2069,5,1,0.293999999761581
1989,9,0,2069,5,2,0.293999999761581
1990,9,0,2069,5,5,0.0504000000655651
1991,9,0,2069,5,7,0.493999987840652
1992,9,0,2069,5,8,0.493999987840652
1993,9,0,2069,5,10,0.00150000001303852
1994,9,0,2069,5,12,0.0
1995,9,0,2069,5,13,0.0
1996,9,0,2069,5,14,0.0
1997,9,0,2069,6,2,0.0753000006079674
1998,9,0,2069,6,12,-0.0399999991059303
1999,9,0,2069,7,2,0.0753000006079674
2000,9,0,2069,8,12,0.0
2001,9,0,2069,8,14,0.0
2002,9,0,2069,8,15,0.0
2003,9,0,2070,2,1,0.293999999761581
2004,9,0,2070,2,12,0.0
2005,9,0,2070,2,13,0.0
2006,9,0,2070,3,1,0.293999999761581
2007,9,0,2070,3,2,0.293999999761581
2008,9,0,2070,3,5,0.0504000000655651
2009,9,0,2070,3,7,0.493999987840652
2010,9,0,2070,3,8,0.493999987840652
2011,9,0,2070,3,10,0.00150000001303852
2012,9,0,2070,3,12,0.0
2013,9,0,2070,3,13,0.0
2014,9,0,2070,3,14,0.0
2015,9,0,2070,4,1,0.293999999761581
2016,9,0,2070,4,2,0.293999999761581
2017,9,0,2070,4,5,0.0504000000655651
2018,9,0,2070,4,7,0.493999987840652
2019,9,0,2070,4,8,0.493999987840652
2020,9,0,2070,4,10,0.00150000001303852
2021,9,0,2070,4,12,0.0
2022,9,0,2070,4,13,0.0
2023,9,0,2070,5,1,0.293999999761581
2024,9,0,2070,5,2,0.293999999761581
2025,9,0,2070,5,5,0.0504000000655651
2026,9,0,2070,5,7,0.493999987840652
2027,9,0,2070,5,8,0.493999987840652
2028,9,0,2070,5,10,0.00150000001303852
2029,9,0,2070,5,12,0.0
2030,9,0,2070,5,13,0.0
2031,9,0,2070,5,14,0.0
2032,9,0,2070,6,2,0.0753000006079674
2033,9,0,2070,6,12,-0.0399999991059303
2034,9,0,2070,7,2,0.0753000006079674
2035,9,0,2070,8,12,0.0
2036,9,0,2070,8,14,0.0
2037,9,0,2070,8,15,0.0
2038,9,0,2071,2,1,0.293999999761581
2039,9,0,2071,2,12,0.0
2040,9,0,2071,2,13,0.0
2041,9,0,2071,3,1,0.293999999761581
2042,9,0,2071,3,2,0.293999999761581
2043,9,0,2071,3,5,0.0504000000655651
2044,9,0,2071,3,7,0.493999987840652
2045,9,0,2071,3,8,0.493999987840652
2046,9,0,2071,3,10,0.00150000001303852
2047,9,0,2071,3,12,0.0
2048,9,0,2071,3,13,0.0
2049,9,0,2071,3,14,0.0
2050,9,0,2071,4,1,0.293999999761581
2051,9,0,2071,4,2,0.293999999761581
2052,9,0,2071,4,5,0.0504000000655651
2053,9,0,2071,4,7,0.493999987840652
2054,9,0,2071,4,8,0.493999987840652
2055,9,0,2071,4,10,0.00150000001303852
2056,9,0,2071,4,12,0.0
2057,9,0,2071,4,13,0.0
2058,9,0,2071,5,1,0.293999999761581
2059,9,0,2071,5,2,0.293999999761581
2060,9,0,2071,5,5,0.0504000000655651
2061,9,0,2071,5,7,0.493999987840652
2062,9,0,2071,5,8,0.493999987840652
2063,9,0,2071,5,10,0.00150000001303852
2064,9,0,2071,5,12,0.0
2065,9,0,2071,5,13,0.0
2066,9,0,2071,5,14,0.0
2067,9,0,2071,6,2,0.0753000006079674
2068,9,0,2071,6,12,-0.0399999991059303
2069,9,0,2071,7,2,0.0753000006079674
2070,9,0,2071,8,12,0.0
2071,9,0,2071,8,14,0.0
2072,9,0,2071,8,15,0.0
2073,9,0,2072,2,1,0.293999999761581
2074,9,0,2072,2,12,0.0
2075,9,0,2072,2,13,0.0
2076,9,0,2072,3,1,0.293999999761581
2077,9,0,2072,3,2,0.293999999761581
2078,9,0,2072,3,5,0.0504000000655651
2079,9,0,2072,3,7,0.493999987840652
2080,9,0,2072,3,8,0.493999987840652
2081,9,0,2072,3,10,0.00150000001303852
2082,9,0,2072,3,12,0.0
2083,9,0,2072,3,13,0.0
2084,9,0,2072,3,14,0.0
2085,9,0,2072,4,1,0.293999999761581
2086,9,0,2072,4,2,0.293999999761581
2087,9,0,2072,4,5,0.0504000000655651
2088,9,0,2072,4,7,0.493999987840652
2089,9,0,2072,4,8,0.493999987840652
2090,9,0,2072,4,10,0.00150000001303852
2091,9,0,2072,4,12,0.0
2092,9,0,2072,4,13,0.0
2093,9,0,2072,5,1,0.293999999761581
2094,9,0,2072,5,2,0.293999999761581
2095,9,0,2072,5,5,0.0504000000655651
2096,9,0,2072,5,7,0.493999987840652
2097,9,0,2072,5,8,0.493999987840652
2098,9,0,2072,5,10,0.00150000001303852
2099,9,0,2072,5,12,0.0
2100,9,0,2072,5,13,0.0
2101,9,0,2072,5,14,0.0
2102,9,0,2072,6,2,0.0753000006079674
2103,9,0,2072,6,12,-0.0399999991059303
2104,9,0,2072,7,2,0.0753000006079674
2105,9,0,2072,8,12,0.0
2106,9,0,2072,8,14,0.0
2107,9,0,2072,8,15,0.0
2108,9,0,2073,2,1,0.293999999761581
2109,9,0,2073,2,12,0.0
2110,9,0,2073,2,13,0.0
2111,9,0,2073,3,1,0.293999999761581
2112,9,0,2073,3,2,0.293999999761581
2113,9,0,2073,3,5,0.0504000000655651
2114,9,0,2073,3,7,0.493999987840652
2115,9,0,2073,3,8,0.493999987840652
2116,9,0,2073,3,10,0.00150000001303852
2117,9,0,2073,3,12,0.0
2118,9,0,2073,3,13,0.0
2119,9,0,2073,3,14,0.0
2120,9,0,2073,4,1,0.293999999761581
2121,9,0,2073,4,2,0.293999999761581
2122,9,0,2073,4,5,0.0504000000655651
2123,9,0,2073,4,7,0.493999987840652
2124,9,0,2073,4,8,0.493999987840652
2125,9,0,2073,4,10,0.00150000001303852
2126,9,0,2073,4,12,0.0
2127,9,0,2073,4,13,0.0
2128,9,0,2073,5,1,0.293999999761581
2129,9,0,2073,5,2,0.293999999761581
2130,9,0,2073,5,5,0.0504000000655651
2131,9,0,2073,5,7,0.493999987840652
2132,9,0,2073,5,8,0.493999987840652
2133,9,0,2073,5,10,0.00150000001303852
2134,9,0,2073,5,12,0.0
2135,9,0,2073,5,13,0.0
2136,9,0,2073,5,14,0.0
2137,9,0,2073,6,2,0.0753000006079674
2138,9,0,2073,6,12,-0.0399999991059303
2139,9,0,2073,7,2,0.0753000006079674
2140,9,0,2073,8,12,0.0
2141,9,0,2073,8,14,0.0
2142,9,0,2073,8,15,0.0
2143,9,0,2074,2,1,0.293999999761581
2144,9,0,2074,2,12,0.0
2145,9,0,2074,2,13,0.0
2146,9,0,2074,3,1,0.293999999761581
2147,9,0,2074,3,2,0.293999999761581
2148,9,0,2074,3,5,0.0504000000655651
2149,9,0,2074,3,7,0.493999987840652
2150,9,0,2074,3,8,0.493999987840652
2151,9,0,2074,3,10,0.00150000001303852
2152,9,0,2074,3,12,0.0
2153,9,0,2074,3,13,0.0
2154,9,0,2074,3,14,0.0
2155,9,0,2074,4,1,0.293999999761581
2156,9,0,2074,4,2,0.293999999761581
2157,9,0,2074,4,5,0.0504000000655651
2158,9,0,2074,4,7,0.493999987840652
2159,9,0,2074,4,8,0.493999987840652
2160,9,0,2074,4,10,0.00150000001303852
2161,9,0,2074,4,12,0.0
2162,9,0,2074,4,13,0.0
2163,9,0,2074,5,1,0.293999999761581
2164,9,0,2074,5,2,0.293999999761581
2165,9,0,2074,5,5,0.0504000000655651
2166,9,0,2074,5,7,0.493999987840652
2167,9,0,2074,5,8,0.493999987840652
2168,9,0,2074,5,10,0.00150000001303852
2169,9,0,2074,5,12,0.0
2170,9,0,2074,5,13,0.0
2171,9,0,2074,5,14,0.0
2172,9,0,2074,6,2,0.0753000006079674
2173,9,0,2074,6,12,-0.0399999991059303
2174,9,0,2074,7,2,0.0753000006079674
2175,9,0,2074,8,12,0.0
2176,9,0,2074,8,14,0.0
2177,9,0,2074,8,15,0.0
2178,9,0,2075,2,1,0.293999999761581
2179,9,0,2075,2,12,0.0
2180,9,0,2075,2,13,0.0
2181,9,0,2075,3,1,0.293999999761581
2182,9,0,2075,3,2,0.293999999761581
2183,9,0,2075,3,5,0.0504000000655651
2184,9,0,2075,3,7,0.493999987840652
2185,9,0,2075,3,8,0.493999987840652
2186,9,0,2075,3,10,0.00150000001303852
2187,9,0,2075,3,12,0.0
2188,9,0,2075,3,13,0.0
2189,9,0,2075,3,14,0.0
2190,9,0,2075,4,1,0.293999999761581
2191,9,0,2075,4,2,0.293999999761581
2192,9,0,2075,4,5,0.0504000000655651
2193,9,0,2075,4,7,0.493999987840652
2194,9,0,2075,4,8,0.493999987840652
2195,9,0,2075,4,10,0.00150000001303852
2196,9,0,2075,4,12,0.0
2197,9,0,2075,4,13,0.0
2198,9,0,2075,5,1,0.293999999761581
2199,9,0,2075,5,2,0.293999999761581
2200,9,0,2075,5,5,0.0504000000655651
2201,9,0,2075,5,7,0.493999987840652
2202,9,0,2075,5,8,0.493999987840652
2203,9,0,2075,5,10,0.00150000001303852
2204,9,0,2075,5,12,0.0
2205,9,0,2075,5,13,0.0
2206,9,0,2075,5,14,0.0
2207,9,0,2075,6,2,0.0753000006079674
2208,9,0,2075,6,12,-0.0399999991059303
2209,9,0,2075,7,2,0.0753000006079674
2210,9,0,2075,8,12,0.0
2211,9,0,2075,8,14,0.0
2212,9,0,2075,8,15,0.0
2213,9,0,2076,2,1,0.293999999761581
2214,9,0,2076,2,12,0.0
2215,9,0,2076,2,13,0.0
2216,9,0,2076,3,1,0.293999999761581
2217,9,0,2076,3,2,0.293999999761581
2218,9,0,2076,3,5,0.0504000000655651
2219,9,0,2076,3,7,0.493999987840652
2220,9,0,2076,3,8,0.493999987840652
2221,9,0,2076,3,10,0.00150000001303852
2222,9,0,2076,3,12,0.0
2223,9,0,2076,3,13,0.0
2224,9,0,2076,3,14,0.0
2225,9,0,2076,4,1,0.293999999761581
2226,9,0,2076,4,2,0.293999999761581
2227,9,0,2076,4,5,0.0504000000655651
2228,9,0,2076,4,7,0.493999987840652
2229,9,0,2076,4,8,0.493999987840652
2230,9,0,2076,4,10,0.00150000001303852
2231,9,0,2076,4,12,0.0
2232,9,0,2076,4,13,0.0
2233,9,0,2076,5,1,0.293999999761581
2234,9,0,2076,5,2,0.293999999761581
2235,9,0,2076,5,5,0.0504000000655651
2236,9,0,2076,5,7,0.493999987840652
2237,9,0,2076,5,8,0.493999987840652
2238,9,0,2076,5,10,0.00150000001303852
2239,9,0,2076,5,12,0.0
2240,9,0,2076,5,13,0.0
2241,9,0,2076,5,14,0.0
2242,9,0,2076,6,2,0.0753000006079674
2243,9,0,2076,6,12,-0.0399999991059303
2244,9,0,2076,7,2,0.0753000006079674
2245,9,0,2076,8,12,0.0
2246,9,0,2076,8,14,0.0
2247,9,0,2076,8,15,0.0
2248,9,0,2077,2,1,0.293999999761581
2249,9,0,2077,2,12,0.0
2250,9,0,2077,2,13,0.0
2251,9,0,2077,3,1,0.293999999761581
2252,9,0,2077,3,2,0.293999999761581
2253,9,0,2077,3,5,0.0504000000655651
2254,9,0,2077,3,7,0.493999987840652
2255,9,0,2077,3,8,0.493999987840652
2256,9,0,2077,3,10,0.00150000001303852
2257,9,0,2077,3,12,0.0
2258,9,0,2077,3,13,0.0
2259,9,0,2077,3,14,0.0
2260,9,0,2077,4,1,0.293999999761581
2261,9,0,2077,4,2,0.293999999761581
2262,9,0,2077,4,5,0.0504000000655651
2263,9,0,2077,4,7,0.493999987840652
2264,9,0,2077,4,8,0.493999987840652
2265,9,0,2077,4,10,0.00150000001303852
2266,9,0,2077,4,12,0.0
2267,9,0,2077,4,13,0.0
2268,9,0,2077,5,1,0.293999999761581
2269,9,0,2077,5,2,0.293999999761581
2270,9,0,2077,5,5,0.0504000000655651
2271,9,0,2077,5,7,0.493999987840652
2272,9,0,2077,5,8,0.493999987840652
2273,9,0,2077,5,10,0.00150000001303852
2274,9,0,2077,5,12,0.0
2275,9,0,2077,5,13,0.0
2276,9,0,2077,5,14,0.0
2277,9,0,2077,6,2,0.0753000006079674
2278,9,0,2077,6,12,-0.0399999991059303
2279,9,0,2077,7,2,0.0753000006079674
2280,9,0,2077,8,12,0.0
2281,9,0,2077,8,14,0.0
2282,9,0,2077,8,15,0.0
2283,9,0,2078,2,1,0.293999999761581
2284,9,0,2078,2,12,0.0
2285,9,0,2078,2,13,0.0
2286,9,0,2078,3,1,0.293999999761581
2287,9,0,2078,3,2,0.293999999761581
2288,9,0,2078,3,5,0.0504000000655651
2289,9,0,2078,3,7,0.493999987840652
2290,9,0,2078,3,8,0.493999987840652
2291,9,0,2078,3,10,0.00150000001303852
2292,9,0,2078,3,12,0.0
2293,9,0,2078,3,13,0.0
2294,9,0,2078,3,14,0.0
2295,9,0,2078,4,1,0.293999999761581
2296,9,0,2078,4,2,0.293999999761581
2297,9,0,2078,4,5,0.0504000000655651
2298,9,0,2078,4,7,0.493999987840652
2299,9,0,2078,4,8,0.493999987840652
2300,9,0,2078,4,10,0.00150000001303852
2301,9,0,2078,4,12,0.0
2302,9,0,2078,4,13,0.0
2303,9,0,2078,5,1,0.293999999761581
2304,9,0,2078,5,2,0.293999999761581
2305,9,0,2078,5,5,0.0504000000655651
2306,9,0,2078,5,7,0.493999987840652
2307,9,0,2078,5,8,0.493999987840652
2308,9,0,2078,5,10,0.00150000001303852
2309,9,0,2078,5,12,0.0
2310,9,0,2078,5,13,0.0
2311,9,0,2078,5,14,0.0
2312,9,0,2078,6,2,0.0753000006079674
2313,9,0,2078,6,12,-0.0399999991059303
2314,9,0,2078,7,2,0.0753000006079674
2315,9,0,2078,8,12,0.0
2316,9,0,2078,8,14,0.0
2317,9,0,2078,8,15,0.0
2318,9,0,2079,2,1,0.293999999761581
2319,9,0,2079,2,12,0.0
2320,9,0,2079,2,13,0.0
2321,9,0,2079,3,1,0.293999999761581
2322,9,0,2079,3,2,0.293999999761581
2323,9,0,2079,3,5,0.0504000000655651
2324,9,0,2079,3,7,0.493999987840652
2325,9,0,2079,3,8,0.493999987840652
2326,9,0,2079,3,10,0.00150000001303852
2327,9,0,2079,3,12,0.0
2328,9,0,2079,3,13,0.0
2329,9,0,2079,3,14,0.0
2330,9,0,2079,4,1,0.293999999761581
2331,9,0,2079,4,2,0.293999999761581
2332,9,0,2079,4,5,0.0504000000655651
2333,9,0,2079,4,7,0.493999987840652
2334,9,0,2079,4,8,0.493999987840652
2335,9,0,2079,4,10,0.00150000001303852
2336,9,0,2079,4,12,0.0
2337,9,0,2079,4,13,0.0
2338,9,0,2079,5,1,0.293999999761581
2339,9,0,2079,5,2,0.293999999761581
2340,9,0,2079,5,5,0.0504000000655651
2341,9,0,2079,5,7,0.493999987840652
2342,9,0,2079,5,8,0.493999987840652
2343,9,0,2079,5,10,0.00150000001303852
2344,9,0,2079,5,12,0.0
2345,9,0,2079,5,13,0.0
2346,9,0,2079,5,14,0.0
2347,9,0,2079,6,2,0.0753000006079674
2348,9,0,2079,6,12,-0.0399999991059303
2349,9,0,2079,7,2,0.0753000006079674
2350,9,0,2079,8,12,0.0
2351,9,0,2079,8,14,0.0
2352,9,0,2079,8,15,0.0
2353,9,0,2080,2,1,0.293999999761581
2354,9,0,2080,2,12,0.0
2355,9,0,2080,2,13,0.0
2356,9,0,2080,3,1,0.293999999761581
2357,9,0,2080,3,2,0.293999999761581
2358,9,0,2080,3,5,0.0504000000655651
2359,9,0,2080,3,7,0.493999987840652
2360,9,0,2080,3,8,0.493999987840652
2361,9,0,2080,3,10,0.00150000001303852
2362,9,0,2080,3,12,0.0
2363,9,0,2080,3,13,0.0
2364,9,0,2080,3,14,0.0
2365,9,0,2080,4,1,0.293999999761581
2366,9,0,2080,4,2,0.293999999761581
2367,9,0,2080,4,5,0.0504000000655651
2368,9,0,2080,4,7,0.493999987840652
2369,9,0,2080,4,8,0.493999987840652
2370,9,0,2080,4,10,0.00150000001303852
2371,9,0,2080,4,12,0.0
2372,9,0,2080,4,13,0.0
2373,9,0,2080,5,1,0.293999999761581
2374,9,0,2080,5,2,0.293999999761581
2375,9,0,2080,5,5,0.0504000000655651
2376,9,0,2080,5,7,0.493999987840652
2377,9,0,2080,5,8,0.493999987840652
2378,9,0,2080,5,10,0.00150000001303852
2379,9,0,2080,5,12,0.0
2380,9,0,2080,5,13,0.0
2381,9,0,2080,5,14,0.0
2382,9,0,2080,6,2,0.0753000006079674
2383,9,0,2080,6,12,-0.0399999991059303
2384,9,0,2080,7,2,0.0753000006079674
2385,9,0,2080,8,12,0.0
2386,9,0,2080,8,14,0.0
2387,9,0,2080,8,15,0.0
2388,9,0,2081,2,1,0.293999999761581
2389,9,0,2081,2,12,0.0
2390,9,0,2081,2,13,0.0
2391,9,0,2081,3,1,0.293999999761581
2392,9,0,2081,3,2,0.293999999761581
2393,9,0,2081,3,5,0.0504000000655651
2394,9,0,2081,3,7,0.493999987840652
2395,9,0,2081,3,8,0.493999987840652
2396,9,0,2081,3,10,0.00150000001303852
2397,9,0,2081,3,12,0.0
2398,9,0,2081,3,13,0.0
2399,9,0,2081,3,14,0.0
2400,9,0,2081,4,1,0.293999999761581
2401,9,0,2081,4,2,0.293999999761581
2402,9,0,2081,4,5,0.0504000000655651
2403,9,0,2081,4,7,0.493999987840652
2404,9,0,2081,4,8,0.493999987840652
2405,9,0,2081,4,10,0.00150000001303852
2406,9,0,2081,4,12,0.0
2407,9,0,2081,4,13,0.0
2408,9,0,2081,5,1,0.293999999761581
2409,9,0,2081,5,2,0.293999999761581
2410,9,0,2081,5,5,0.0504000000655651
2411,9,0,2081,5,7,0.493999987840652
2412,9,0,2081,5,8,0.493999987840652
2413,9,0,2081,5,10,0.00150000001303852
2414,9,0,2081,5,12,0.0
2415,9,0,2081,5,13,0.0
2416,9,0,2081,5,14,0.0
2417,9,0,2081,6,2,0.0753000006079674
2418,9,0,2081,6,12,-0.0399999991059303
2419,9,0,2081,7,2,0.0753000006079674
2420,9,0,2081,8,12,0.0
2421,9,0,2081,8,14,0.0
2422,9,0,2081,8,15,0.0
2423,9,0,2082,2,1,0.293999999761581
2424,9,0,2082,2,12,0.0
2425,9,0,2082,2,13,0.0
2426,9,0,2082,3,1,0.293999999761581
2427,9,0,2082,3,2,0.293999999761581
2428,9,0,2082,3,5,0.0504000000655651
2429,9,0,2082,3,7,0.493999987840652
2430,9,0,2082,3,8,0.493999987840652
2431,9,0,2082,3,10,0.00150000001303852
2432,9,0,2082,3,12,0.0
2433,9,0,2082,3,13,0.0
2434,9,0,2082,3,14,0.0
2435,9,0,2082,4,1,0.293999999761581
2436,9,0,2082,4,2,0.293999999761581
2437,9,0,2082,4,5,0.0504000000655651
2438,9,0,2082,4,7,0.493999987840652
2439,9,0,2082,4,8,0.493999987840652
2440,9,0,2082,4,10,0.00150000001303852
2441,9,0,2082,4,12,0.0
2442,9,0,2082,4,13,0.0
2443,9,0,2082,5,1,0.293999999761581
2444,9,0,2082,5,2,0.293999999761581
2445,9,0,2082,5,5,0.0504000000655651
2446,9,0,2082,5,7,0.493999987840652
2447,9,0,2082,5,8,0.493999987840652
2448,9,0,2082,5,10,0.00150000001303852
2449,9,0,2082,5,12,0.0
2450,9,0,2082,5,13,0.0
2451,9,0,2082,5,14,0.0
2452,9,0,2082,6,2,0.0753000006079674
2453,9,0,2082,6,12,-0.0399999991059303
2454,9,0,2082,7,2,0.0753000006079674
2455,9,0,2082,8,12,0.0
2456,9,0,2082,8,14,0.0
2457,9,0,2082,8,15,0.0
2458,9,0,2083,2,1,0.293999999761581
2459,9,0,2083,2,12,0.0
2460,9,0,2083,2,13,0.0
2461,9,0,2083,3,1,0.293999999761581
2462,9,0,2083,3,2,0.293999999761581
2463,9,0,2083,3,5,0.0504000000655651
2464,9,0,2083,3,7,0.493999987840652
2465,9,0,2083,3,8,0.493999987840652
2466,9,0,2083,3,10,0.00150000001303852
2467,9,0,2083,3,12,0.0
2468,9,0,2083,3,13,0.0
2469,9,0,2083,3,14,0.0
2470,9,0,2083,4,1,0.293999999761581
2471,9,0,2083,4,2,0.293999999761581
2472,9,0,2083,4,5,0.0504000000655651
2473,9,0,2083,4,7,0.493999987840652
2474,9,0,2083,4,8,0.493999987840652
2475,9,0,2083,4,10,0.00150000001303852
2476,9,0,2083,4,12,0.0
2477,9,0,2083,4,13,0.0
2478,9,0,2083,5,1,0.293999999761581
2479,9,0,2083,5,2,0.293999999761581
2480,9,0,2083,5,5,0.0504000000655651
2481,9,0,2083,5,7,0.493999987840652
2482,9,0,2083,5,8,0.493999987840652
2483,9,0,2083,5,10,0.00150000001303852
2484,9,0,2083,5,12,0.0
2485,9,0,2083,5,13,0.0
2486,9,0,2083,5,14,0.0
2487,9,0,2083,6,2,0.0753000006079674
2488,9,0,2083,6,12,-0.0399999991059303
2489,9,0,2083,7,2,0.0753000006079674
2490,9,0,2083,8,12,0.0
2491,9,0,2083,8,14,0.0
2492,9,0,2083,8,15,0.0
2493,9,0,2084,2,1,0.293999999761581
2494,9,0,2084,2,12,0.0
2495,9,0,2084,2,13,0.0
2496,9,0,2084,3,1,0.293999999761581
2497,9,0,2084,3,2,0.293999999761581
2498,9,0,2084,3,5,0.0504000000655651
2499,9,0,2084,3,7,0.493999987840652
2500,9,0,2084,3,8,0.493999987840652
2501,9,0,2084,3,10,0.00150000001303852
2502,9,0,2084,3,12,0.0
2503,9,0,2084,3,13,0.0
2504,9,0,2084,3,14,0.0
2505,9,0,2084,4,1,0.293999999761581
2506,9,0,2084,4,2,0.293999999761581
2507,9,0,2084,4,5,0.0504000000655651
2508,9,0,2084,4,7,0.493999987840652
2509,9,0,2084,4,8,0.493999987840652
2510,9,0,2084,4,10,0.00150000001303852
2511,9,0,2084,4,12,0.0
2512,9,0,2084,4,13,0.0
2513,9,0,2084,5,1,0.293999999761581
2514,9,0,2084,5,2,0.293999999761581
2515,9,0,2084,5,5,0.0504000000655651
2516,9,0,2084,5,7,0.493999987840652
2517,9,0,2084,5,8,0.493999987840652
2518,9,0,2084,5,10,0.00150000001303852
2519,9,0,2084,5,12,0.0
2520,9,0,2084,5,13,0.0
2521,9,0,2084,5,14,0.0
2522,9,0,2084,6,2,0.0753000006079674
2523,9,0,2084,6,12,-0.0399999991059303
2524,9,0,2084,7,2,0.0753000006079674
2525,9,0,2084,8,12,0.0
2526,9,0,2084,8,14,0.0
2527,9,0,2084,8,15,0.0
2528,9,0,2085,2,1,0.293999999761581
2529,9,0,2085,2,12,0.0
2530,9,0,2085,2,13,0.0
2531,9,0,2085,3,1,0.293999999761581
2532,9,0,2085,3,2,0.293999999761581
2533,9,0,2085,3,5,0.0504000000655651
2534,9,0,2085,3,7,0.493999987840652
2535,9,0,2085,3,8,0.493999987840652
2536,9,0,2085,3,10,0.00150000001303852
2537,9,0,2085,3,12,0.0
2538,9,0,2085,3,13,0.0
2539,9,0,2085,3,14,0.0
2540,9,0,2085,4,1,0.293999999761581
2541,9,0,2085,4,2,0.293999999761581
2542,9,0,2085,4,5,0.0504000000655651
2543,9,0,2085,4,7,0.493999987840652
2544,9,0,2085,4,8,0.493999987840652
2545,9,0,2085,4,10,0.00150000001303852
2546,9,0,2085,4,12,0.0
2547,9,0,2085,4,13,0.0
2548,9,0,2085,5,1,0.293999999761581
2549,9,0,2085,5,2,0.293999999761581
2550,9,0,2085,5,5,0.0504000000655651
2551,9,0,2085,5,7,0.493999987840652
2552,9,0,2085,5,8,0.493999987840652
2553,9,0,2085,5,10,0.00150000001303852
2554,9,0,2085,5,12,0.0
2555,9,0,2085,5,13,0.0
2556,9,0,2085,5,14,0.0
2557,9,0,2085,6,2,0.0753000006079674
2558,9,0,2085,6,12,-0.0399999991059303
2559,9,0,2085,7,2,0.0753000006079674
2560,9,0,2085,8,12,0.0
2561,9,0,2085,8,14,0.0
2562,9,0,2085,8,15,0.0
2563,9,0,2086,2,1,0.293999999761581
2564,9,0,2086,2,12,0.0
2565,9,0,2086,2,13,0.0
2566,9,0,2086,3,1,0.293999999761581
2567,9,0,2086,3,2,0.293999999761581
2568,9,0,2086,3,5,0.0504000000655651
2569,9,0,2086,3,7,0.493999987840652
2570,9,0,2086,3,8,0.493999987840652
2571,9,0,2086,3,10,0.00150000001303852
2572,9,0,2086,3,12,0.0
2573,9,0,2086,3,13,0.0
2574,9,0,2086,3,14,0.0
2575,9,0,2086,4,1,0.293999999761581
2576,9,0,2086,4,2,0.293999999761581
2577,9,0,2086,4,5,0.0504000000655651
2578,9,0,2086,4,7,0.493999987840652
2579,9,0,2086,4,8,0.493999987840652
2580,9,0,2086,4,10,0.00150000001303852
2581,9,0,2086,4,12,0.0
2582,9,0,2086,4,13,0.0
2583,9,0,2086,5,1,0.293999999761581
2584,9,0,2086,5,2,0.293999999761581
2585,9,0,2086,5,5,0.0504000000655651
2586,9,0,2086,5,7,0.493999987840652
2587,9,0,2086,5,8,0.493999987840652
2588,9,0,2086,5,10,0.00150000001303852
2589,9,0,2086,5,12,0.0
2590,9,0,2086,5,13,0.0
2591,9,0,2086,5,14,0.0
2592,9,0,2086,6,2,0.0753000006079674
2593,9,0,2086,6,12,-0.0399999991059303
2594,9,0,2086,7,2,0.0753000006079674
2595,9,0,2086,8,12,0.0
2596,9,0,2086,8,14,0.0
2597,9,0,2086,8,15,0.0
2598,9,0,2087,2,1,0.293999999761581
2599,9,0,2087,2,12,0.0
2600,9,0,2087,2,13,0.0
2601,9,0,2087,3,1,0.293999999761581
2602,9,0,2087,3,2,0.293999999761581
2603,9,0,2087,3,5,0.0504000000655651
2604,9,0,2087,3,7,0.493999987840652
2605,9,0,2087,3,8,0.493999987840652
2606,9,0,2087,3,10,0.00150000001303852
2607,9,0,2087,3,12,0.0
2608,9,0,2087,3,13,0.0
2609,9,0,2087,3,14,0.0
2610,9,0,2087,4,1,0.293999999761581
2611,9,0,2087,4,2,0.293999999761581
2612,9,0,2087,4,5,0.0504000000655651
2613,9,0,2087,4,7,0.493999987840652
2614,9,0,2087,4,8,0.493999987840652
2615,9,0,2087,4,10,0.00150000001303852
2616,9,0,2087,4,12,0.0
2617,9,0,2087,4,13,0.0
2618,9,0,2087,5,1,0.293999999761581
2619,9,0,2087,5,2,0.293999999761581
2620,9,0,2087,5,5,0.0504000000655651
2621,9,0,2087,5,7,0.493999987840652
2622,9,0,2087,5,8,0.493999987840652
2623,9,0,2087,5,10,0.00150000001303852
2624,9,0,2087,5,12,0.0
2625,9,0,2087,5,13,0.0
2626,9,0,2087,5,14,0.0
2627,9,0,2087,6,2,0.0753000006079674
2628,9,0,2087,6,12,-0.0399999991059303
2629,9,0,2087,7,2,0.0753000006079674
2630,9,0,2087,8,12,0.0
2631,9,0,2087,8,14,0.0
2632,9,0,2087,8,15,0.0
2633,9,0,2088,2,1,0.293999999761581
2634,9,0,2088,2,12,0.0
2635,9,0,2088,2,13,0.0
2636,9,0,2088,3,1,0.293999999761581
2637,9,0,2088,3,2,0.293999999761581
2638,9,0,2088,3,5,0.0504000000655651
2639,9,0,2088,3,7,0.493999987840652
2640,9,0,2088,3,8,0.493999987840652
2641,9,0,2088,3,10,0.00150000001303852
2642,9,0,2088,3,12,0.0
2643,9,0,2088,3,13,0.0
2644,9,0,2088,3,14,0.0
2645,9,0,2088,4,1,0.293999999761581
2646,9,0,2088,4,2,0.293999999761581
2647,9,0,2088,4,5,0.0504000000655651
2648,9,0,2088,4,7,0.493999987840652
2649,9,0,2088,4,8,0.493999987840652
2650,9,0,2088,4,10,0.00150000001303852
2651,9,0,2088,4,12,0.0
2652,9,0,2088,4,13,0.0
2653,9,0,2088,5,1,0.293999999761581
2654,9,0,2088,5,2,0.293999999761581
2655,9,0,2088,5,5,0.0504000000655651
2656,9,0,2088,5,7,0.493999987840652
2657,9,0,2088,5,8,0.493999987840652
2658,9,0,2088,5,10,0.00150000001303852
2659,9,0,2088,5,12,0.0
2660,9,0,2088,5,13,0.0
2661,9,0,2088,5,14,0.0
2662,9,0,2088,6,2,0.0753000006079674
2663,9,0,2088,6,12,-0.0399999991059303
2664,9,0,2088,7,2,0.0753000006079674
2665,9,0,2088,8,12,0.0
2666,9,0,2088,8,14,0.0
2667,9,0,2088,8,15,0.0
2668,9,0,2089,2,1,0.293999999761581
2669,9,0,2089,2,12,0.0
2670,9,0,2089,2,13,0.0
2671,9,0,2089,3,1,0.293999999761581
2672,9,0,2089,3,2,0.293999999761581
2673,9,0,2089,3,5,0.0504000000655651
2674,9,0,2089,3,7,0.493999987840652
2675,9,0,2089,3,8,0.493999987840652
2676,9,0,2089,3,10,0.00150000001303852
2677,9,0,2089,3,12,0.0
2678,9,0,2089,3,13,0.0
2679,9,0,2089,3,14,0.0
2680,9,0,2089,4,1,0.293999999761581
2681,9,0,2089,4,2,0.293999999761581
2682,9,0,2089,4,5,0.0504000000655651
2683,9,0,2089,4,7,0.493999987840652
2684,9,0,2089,4,8,0.493999987840652
2685,9,0,2089,4,10,0.00150000001303852
2686,9,0,2089,4,12,0.0
2687,9,0,2089,4,13,0.0
2688,9,0,2089,5,1,0.293999999761581
2689,9,0,2089,5,2,0.293999999761581
2690,9,0,2089,5,5,0.0504000000655651
2691,9,0,2089,5,7,0.493999987840652
2692,9,0,2089,5,8,0.493999987840652
2693,9,0,2089,5,10,0.00150000001303852
2694,9,0,2089,5,12,0.0
2695,9,0,2089,5,13,0.0
2696,9,0,2089,5,14,0.0
2697,9,0,2089,6,2,0.0753000006079674
2698,9,0,2089,6,12,-0.0399999991059303
2699,9,0,2089,7,2,0.0753000006079674
2700,9,0,2089,8,12,0.0
2701,9,0,2089,8,14,0.0
2702,9,0,2089,8,15,0.0
2703,9,0,2090,2,1,0.293999999761581
2704,9,0,2090,2,12,0.0
2705,9,0,2090,2,13,0.0
2706,9,0,2090,3,1,0.293999999761581
2707,9,0,2090,3,2,0.293999999761581
2708,9,0,2090,3,5,0.0504000000655651
2709,9,0,2090,3,7,0.493999987840652
2710,9,0,2090,3,8,0.493999987840652
2711,9,0,2090,3,10,0.00150000001303852
2712,9,0,2090,3,12,0.0
2713,9,0,2090,3,13,0.0
2714,9,0,2090,3,14,0.0
2715,9,0,2090,4,1,0.293999999761581
2716,9,0,2090,4,2,0.293999999761581
2717,9,0,2090,4,5,0.0504000000655651
2718,9,0,2090,4,7,0.493999987840652
2719,9,0,2090,4,8,0.493999987840652
2720,9,0,2090,4,10,0.00150000001303852
2721,9,0,2090,4,12,0.0
2722,9,0,2090,4,13,0.0
2723,9,0,2090,5,1,0.293999999761581
2724,9,0,2090,5,2,0.293999999761581
2725,9,0,2090,5,5,0.0504000000655651
2726,9,0,2090,5,7,0.493999987840652
2727,9,0,2090,5,8,0.493999987840652
2728,9,0,2090,5,10,0.00150000001303852
2729,9,0,2090,5,12,0.0
2730,9,0,2090,5,13,0.0
2731,9,0,2090,5,14,0.0
2732,9,0,2090,6,2,0.0753000006079674
2733,9,0,2090,6,12,-0.0399999991059303
2734,9,0,2090,7,2,0.0753000006079674
2735,9,0,2090,8,12,0.0
2736,9,0,2090,8,14,0.0
2737,9,0,2090,8,15,0.0
2738,9,0,2091,2,1,0.293999999761581
2739,9,0,2091,2,12,0.0
2740,9,0,2091,2,13,0.0
2741,9,0,2091,3,1,0.293999999761581
2742,9,0,2091,3,2,0.293999999761581
2743,9,0,2091,3,5,0.0504000000655651
2744,9,0,2091,3,7,0.493999987840652
2745,9,0,2091,3,8,0.493999987840652
2746,9,0,2091,3,10,0.00150000001303852
2747,9,0,2091,3,12,0.0
2748,9,0,2091,3,13,0.0
2749,9,0,2091,3,14,0.0
2750,9,0,2091,4,1,0.293999999761581
2751,9,0,2091,4,2,0.293999999761581
2752,9,0,2091,4,5,0.0504000000655651
2753,9,0,2091,4,7,0.493999987840652
2754,9,0,2091,4,8,0.493999987840652
2755,9,0,2091,4,10,0.00150000001303852
2756,9,0,2091,4,12,0.0
2757,9,0,2091,4,13,0.0
2758,9,0,2091,5,1,0.293999999761581
2759,9,0,2091,5,2,0.293999999761581
2760,9,0,2091,5,5,0.0504000000655651
2761,9,0,2091,5,7,0.493999987840652
2762,9,0,2091,5,8,0.493999987840652
2763,9,0,2091,5,10,0.00150000001303852
2764,9,0,2091,5,12,0.0
2765,9,0,2091,5,13,0.0
2766,9,0,2091,5,14,0.0
2767,9,0,2091,6,2,0.0753000006079674
2768,9,0,2091,6,12,-0.0399999991059303
2769,9,0,2091,7,2,0.0753000006079674
2770,9,0,2091,8,12,0.0
2771,9,0,2091,8,14,0.0
2772,9,0,2091,8,15,0.0
2773,9,0,2092,2,1,0.293999999761581
2774,9,0,2092,2,12,0.0
2775,9,0,2092,2,13,0.0
2776,9,0,2092,3,1,0.293999999761581
2777,9,0,2092,3,2,0.293999999761581
2778,9,0,2092,3,5,0.0504000000655651
2779,9,0,2092,3,7,0.493999987840652
2780,9,0,2092,3,8,0.493999987840652
2781,9,0,2092,3,10,0.00150000001303852
2782,9,0,2092,3,12,0.0
2783,9,0,2092,3,13,0.0
2784,9,0,2092,3,14,0.0
2785,9,0,2092,4,1,0.293999999761581
2786,9,0,2092,4,2,0.293999999761581
2787,9,0,2092,4,5,0.0504000000655651
2788,9,0,2092,4,7,0.493999987840652
2789,9,0,2092,4,8,0.493999987840652
2790,9,0,2092,4,10,0.00150000001303852
2791,9,0,2092,4,12,0.0
2792,9,0,2092,4,13,0.0
2793,9,0,2092,5,1,0.293999999761581
2794,9,0,2092,5,2,0.293999999761581
2795,9,0,2092,5,5,0.0504000000655651
2796,9,0,2092,5,7,0.493999987840652
2797,9,0,2092,5,8,0.493999987840652
2798,9,0,2092,5,10,0.00150000001303852
2799,9,0,2092,5,12,0.0
2800,9,0,2092,5,13,0.0
2801,9,0,2092,5,14,0.0
2802,9,0,2092,6,2,0.0753000006079674
2803,9,0,2092,6,12,-0.0399999991059303
2804,9,0,2092,7,2,0.0753000006079674
2805,9,0,2092,8,12,0.0
2806,9,0,2092,8,14,0.0
2807,9,0,2092,8,15,0.0
2808,9,0,2093,2,1,0.293999999761581
2809,9,0,2093,2,12,0.0
2810,9,0,2093,2,13,0.0
2811,9,0,2093,3,1,0.293999999761581
2812,9,0,2093,3,2,0.293999999761581
2813,9,0,2093,3,5,0.0504000000655651
2814,9,0,2093,3,7,0.493999987840652
2815,9,0,2093,3,8,0.493999987840652
2816,9,0,2093,3,10,0.00150000001303852
2817,9,0,2093,3,12,0.0
2818,9,0,2093,3,13,0.0
2819,9,0,2093,3,14,0.0
2820,9,0,2093,4,1,0.293999999761581
2821,9,0,2093,4,2,0.293999999761581
2822,9,0,2093,4,5,0.0504000000655651
2823,9,0,2093,4,7,0.493999987840652
2824,9,0,2093,4,8,0.493999987840652
2825,9,0,2093,4,10,0.00150000001303852
2826,9,0,2093,4,12,0.0
2827,9,0,2093,4,13,0.0
2828,9,0,2093,5,1,0.293999999761581
2829,9,0,2093,5,2,0.293999999761581
2830,9,0,2093,5,5,0.0504000000655651
2831,9,0,2093,5,7,0.493999987840652
2832,9,0,2093,5,8,0.493999987840652
2833,9,0,2093,5,10,0.00150000001303852
2834,9,0,2093,5,12,0.0
2835,9,0,2093,5,13,0.0
2836,9,0,2093,5,14,0.0
2837,9,0,2093,6,2,0.0753000006079674
2838,9,0,2093,6,12,-0.0399999991059303
2839,9,0,2093,7,2,0.0753000006079674
2840,9,0,2093,8,12,0.0
2841,9,0,2093,8,14,0.0
2842,9,0,2093,8,15,0.0
2843,9,0,2094,2,1,0.293999999761581
2844,9,0,2094,2,12,0.0
2845,9,0,2094,2,13,0.0
2846,9,0,2094,3,1,0.293999999761581
2847,9,0,2094,3,2,0.293999999761581
2848,9,0,2094,3,5,0.0504000000655651
2849,9,0,2094,3,7,0.493999987840652
2850,9,0,2094,3,8,0.493999987840652
2851,9,0,2094,3,10,0.00150000001303852
2852,9,0,2094,3,12,0.0
2853,9,0,2094,3,13,0.0
2854,9,0,2094,3,14,0.0
2855,9,0,2094,4,1,0.293999999761581
2856,9,0,2094,4,2,0.293999999761581
2857,9,0,2094,4,5,0.0504000000655651
2858,9,0,2094,4,7,0.493999987840652
2859,9,0,2094,4,8,0.493999987840652
2860,9,0,2094,4,10,0.00150000001303852
2861,9,0,2094,4,12,0.0
2862,9,0,2094,4,13,0.0
2863,9,0,2094,5,1,0.293999999761581
2864,9,0,2094,5,2,0.293999999761581
2865,9,0,2094,5,5,0.0504000000655651
2866,9,0,2094,5,7,0.493999987840652
2867,9,0,2094,5,8,0.493999987840652
2868,9,0,2094,5,10,0.00150000001303852
2869,9,0,2094,5,12,0.0
2870,9,0,2094,5,13,0.0
2871,9,0,2094,5,14,0.0
2872,9,0,2094,6,2,0.0753000006079674
2873,9,0,2094,6,12,-0.0399999991059303
2874,9,0,2094,7,2,0.0753000006079674
2875,9,0,2094,8,12,0.0
2876,9,0,2094,8,14,0.0
2877,9,0,2094,8,15,0.0
2878,9,0,2095,2,1,0.293999999761581
2879,9,0,2095,2,12,0.0
2880,9,0,2095,2,13,0.0
2881,9,0,2095,3,1,0.293999999761581
2882,9,0,2095,3,2,0.293999999761581
2883,9,0,2095,3,5,0.0504000000655651
2884,9,0,2095,3,7,0.493999987840652
2885,9,0,2095,3,8,0.493999987840652
2886,9,0,2095,3,10,0.00150000001303852
2887,9,0,2095,3,12,0.0
2888,9,0,2095,3,13,0.0
2889,9,0,2095,3,14,0.0
2890,9,0,2095,4,1,0.293999999761581
2891,9,0,2095,4,2,0.293999999761581
2892,9,0,2095,4,5,0.0504000000655651
2893,9,0,2095,4,7,0.493999987840652
2894,9,0,2095,4,8,0.493999987840652
2895,9,0,2095,4,10,0.00150000001303852
2896,9,0,2095,4,12,0.0
2897,9,0,2095,4,13,0.0
2898,9,0,2095,5,1,0.293999999761581
2899,9,0,2095,5,2,0.293999999761581
2900,9,0,2095,5,5,0.0504000000655651
2901,9,0,2095,5,7,0.493999987840652
2902,9,0,2095,5,8,0.493999987840652
2903,9,0,2095,5,10,0.00150000001303852
2904,9,0,2095,5,12,0.0
2905,9,0,2095,5,13,0.0
2906,9,0,2095,5,14,0.0
2907,9,0,2095,6,2,0.0753000006079674
2908,9,0,2095,6,12,-0.0399999991059303
2909,9,0,2095,7,2,0.0753000006079674
2910,9,0,2095,8,12,0.0
2911,9,0,2095,8,14,0.0
2912,9,0,2095,8,15,0.0
2913,9,0,2096,2,1,0.293999999761581
2914,9,0,2096,2,12,0.0
2915,9,0,2096,2,13,0.0
2916,9,0,2096,3,1,0.293999999761581
2917,9,0,2096,3,2,0.293999999761581
2918,9,0,2096,3,5,0.0504000000655651
2919,9,0,2096,3,7,0.493999987840652
2920,9,0,2096,3,8,0.493999987840652
2921,9,0,2096,3,10,0.00150000001303852
2922,9,0,2096,3,12,0.0
2923,9,0,2096,3,13,0.0
2924,9,0,2096,3,14,0.0
2925,9,0,2096,4,1,0.293999999761581
2926,9,0,2096,4,2,0.293999999761581
2927,9,0,2096,4,5,0.0504000000655651
2928,9,0,2096,4,7,0.493999987840652
2929,9,0,2096,4,8,0.493999987840652
2930,9,0,2096,4,10,0.00150000001303852
2931,9,0,2096,4,12,0.0
2932,9,0,2096,4,13,0.0
2933,9,0,2096,5,1,0.293999999761581
2934,9,0,2096,5,2,0.293999999761581
2935,9,0,2096,5,5,0.0504000000655651
2936,9,0,2096,5,7,0.493999987840652
2937,9,0,2096,5,8,0.493999987840652
2938,9,0,2096,5,10,0.00150000001303852
2939,9,0,2096,5,12,0.0
2940,9,0,2096,5,13,0.0
2941,9,0,2096,5,14,0.0
2942,9,0,2096,6,2,0.0753000006079674
2943,9,0,2096,6,12,-0.0399999991059303
2944,9,0,2096,7,2,0.0753000006079674
2945,9,0,2096,8,12,0.0
2946,9,0,2096,8,14,0.0
2947,9,0,2096,8,15,0.0
2948,9,0,2097,2,1,0.293999999761581
2949,9,0,2097,2,12,0.0
2950,9,0,2097,2,13,0.0
2951,9,0,2097,3,1,0.293999999761581
2952,9,0,2097,3,2,0.293999999761581
2953,9,0,2097,3,5,0.0504000000655651
2954,9,0,2097,3,7,0.493999987840652
2955,9,0,2097,3,8,0.493999987840652
2956,9,0,2097,3,10,0.00150000001303852
2957,9,0,2097,3,12,0.0
2958,9,0,2097,3,13,0.0
2959,9,0,2097,3,14,0.0
2960,9,0,2097,4,1,0.293999999761581
2961,9,0,2097,4,2,0.293999999761581
2962,9,0,2097,4,5,0.0504000000655651
2963,9,0,2097,4,7,0.493999987840652
2964,9,0,2097,4,8,0.493999987840652
2965,9,0,2097,4,10,0.00150000001303852
2966,9,0,2097,4,12,0.0
2967,9,0,2097,4,13,0.0
2968,9,0,2097,5,1,0.293999999761581
2969,9,0,2097,5,2,0.293999999761581
2970,9,0,2097,5,5,0.0504000000655651
2971,9,0,2097,5,7,0.493999987840652
2972,9,0,2097,5,8,0.493999987840652
2973,9,0,2097,5,10,0.00150000001303852
2974,9,0,2097,5,12,0.0
2975,9,0,2097,5,13,0.0
2976,9,0,2097,5,14,0.0
2977,9,0,2097,6,2,0.0753000006079674
2978,9,0,2097,6,12,-0.0399999991059303
2979,9,0,2097,7,2,0.0753000006079674
2980,9,0,2097,8,12,0.0
2981,9,0,2097,8,14,0.0
2982,9,0,2097,8,15,0.0
2983,9,0,2098,2,1,0.293999999761581
2984,9,0,2098,2,12,0.0
2985,9,0,2098,2,13,0.0
2986,9,0,2098,3,1,0.293999999761581
2987,9,0,2098,3,2,0.293999999761581
2988,9,0,2098,3,5,0.0504000000655651
2989,9,0,2098,3,7,0.493999987840652
2990,9,0,2098,3,8,0.493999987840652
2991,9,0,2098,3,10,0.00150000001303852
2992,9,0,2098,3,12,0.0
2993,9,0,2098,3,13,0.0
2994,9,0,2098,3,14,0.0
2995,9,0,2098,4,1,0.293999999761581
2996,9,0,2098,4,2,0.293999999761581
2997,9,0,2098,4,5,0.0504000000655651
2998,9,0,2098,4,7,0.493999987840652
2999,9,0,2098,4,8,0.493999987840652
3000,9,0,2098,4,10,0.00150000001303852
3001,9,0,2098,4,12,0.0
3002,9,0,2098,4,13,0.0
3003,9,0,2098,5,1,0.293999999761581
3004,9,0,2098,5,2,0.293999999761581
3005,9,0,2098,5,5,0.0504000000655651
3006,9,0,2098,5,7,0.493999987840652
3007,9,0,2098,5,8,0.493999987840652
3008,9,0,2098,5,10,0.00150000001303852
3009,9,0,2098,5,12,0.0
3010,9,0,2098,5,13,0.0
3011,9,0,2098,5,14,0.0
3012,9,0,2098,6,2,0.0753000006079674
3013,9,0,2098,6,12,-0.0399999991059303
3014,9,0,2098,7,2,0.0753000006079674
3015,9,0,2098,8,12,0.0
3016,9,0,2098,8,14,0.0
3017,9,0,2098,8,15,0.0
3018,9,0,2099,2,1,0.293999999761581
3019,9,0,2099,2,12,0.0
3020,9,0,2099,2,13,0.0
3021,9,0,2099,3,1,0.293999999761581
3022,9,0,2099,3,2,0.293999999761581
3023,9,0,2099,3,5,0.0504000000655651
3024,9,0,2099,3,7,0.493999987840652
3025,9,0,2099,3,8,0.493999987840652
3026,9,0,2099,3,10,0.00150000001303852
3027,9,0,2099,3,12,0.0
3028,9,0,2099,3,13,0.0
3029,9,0,2099,3,14,0.0
3030,9,0,2099,4,1,0.293999999761581
3031,9,0,2099,4,2,0.293999999761581
3032,9,0,2099,4,5,0.0504000000655651
3033,9,0,2099,4,7,0.493999987840652
3034,9,0,2099,4,8,0.493999987840652
3035,9,0,2099,4,10,0.00150000001303852
3036,9,0,2099,4,12,0.0
3037,9,0,2099,4,13,0.0
3038,9,0,2099,5,1,0.293999999761581
3039,9,0,2099,5,2,0.293999999761581
3040,9,0,2099,5,5,0.0504000000655651
3041,9,0,2099,5,7,0.493999987840652
3042,9,0,2099,5,8,0.493999987840652
3043,9,0,2099,5,10,0.00150000001303852
3044,9,0,2099,5,12,0.0
3045,9,0,2099,5,13,0.0
3046,9,0,2099,5,14,0.0
3047,9,0,2099,6,2,0.0753000006079674
3048,9,0,2099,6,12,-0.0399999991059303
3049,9,0,2099,7,2,0.0753000006079674
3050,9,0,2099,8,12,0.0
3051,9,0,2099,8,14,0.0
3052,9,0,2099,8,15,0.0
3053,9,0,2100,2,1,0.293999999761581
3054,9,0,2100,2,12,0.0
3055,9,0,2100,2,13,0.0
3056,9,0,2100,3,1,0.293999999761581
3057,9,0,2100,3,2,0.293999999761581
3058,9,0,2100,3,5,0.0504000000655651
3059,9,0,2100,3,7,0.493999987840652
3060,9,0,2100,3,8,0.493999987840652
3061,9,0,2100,3,10,0.00150000001303852
3062,9,0,2100,3,12,0.0
3063,9,0,2100,3,13,0.0
3064,9,0,2100,3,14,0.0
3065,9,0,2100,4,1,0.293999999761581
3066,9,0,2100,4,2,0.293999999761581
3067,9,0,2100,4,5,0.0504000000655651
3068,9,0,2100,4,7,0.493999987840652
3069,9,0,2100,4,8,0.493999987840652
3070,9,0,2100,4,10,0.00150000001303852
3071,9,0,2100,4,12,0.0
3072,9,0,2100,4,13,0.0
3073,9,0,2100,5,1,0.293999999761581
3074,9,0,2100,5,2,0.293999999761581
3075,9,0,2100,5,5,0.0504000000655651
3076,9,0,2100,5,7,0.493999987840652
3077,9,0,2100,5,8,0.493999987840652
3078,9,0,2100,5,10,0.00150000001303852
3079,9,0,2100,5,12,0.0
3080,9,0,2100,5,13,0.0
3081,9,0,2100,5,14,0.0
3082,9,0,2100,6,2,0.0753000006079674
3083,9,0,2100,6,12,-0.0399999991059303
3084,9,0,2100,7,2,0.0753000006079674
3085,9,0,2100,8,12,0.0
3086,9,0,2100,8,14,0.0
3087,9,0,2100,8,15,0.0
