,LCEIID,TDVSID,VEEMID,ScenarioID,CountryID,Year,VehTypeID,day_night,LEQ,PopN_Value,PopN_PFix,PopN_Unit
0,6,0,7,1,9,2012,3,D,40,50527287.072154,1,no
1,6,0,7,1,9,2012,3,D,45,25624151.4310762,1,no
2,6,0,7,1,9,2012,3,D,50,11667011.8003668,1,no
3,6,0,7,1,9,2012,3,D,55,4767994.86128762,1,no
4,6,0,7,1,9,2012,3,D,60,1831848.49710163,1,no
5,6,0,7,1,9,2012,3,D,65,675636.232367095,1,no
6,6,0,7,1,9,2012,3,D,70,236184.156202324,1,no
7,6,0,7,1,9,2012,3,D,75,115487.372561428,1,no
8,6,0,7,1,9,2012,3,N,40,18851712.430912,1,no
9,6,0,7,1,9,2012,3,N,45,8179625.98328071,1,no
10,6,0,7,1,9,2012,3,N,50,3239397.25834143,1,no
11,6,0,7,1,9,2012,3,N,55,1223476.79697871,1,no
12,6,0,7,1,9,2012,3,N,60,441796.9738255,1,no
13,6,0,7,1,9,2012,3,N,65,150872.772903617,1,no
14,6,0,7,1,9,2012,3,N,70,49348.1784945617,1,no
15,6,0,7,1,9,2012,3,N,75,23137.6304289155,1,no
16,6,0,7,1,9,2012,4,D,40,21878819.8365216,1,no
17,6,0,7,1,9,2012,4,D,45,9610706.7777615,1,no
18,6,0,7,1,9,2012,4,D,50,3709012.44588883,1,no
19,6,0,7,1,9,2012,4,D,55,1309064.65470436,1,no
20,6,0,7,1,9,2012,4,D,60,437146.47307649,1,no
21,6,0,7,1,9,2012,4,D,65,141379.266339744,1,no
22,6,0,7,1,9,2012,4,D,70,45065.6660373512,1,no
23,6,0,7,1,9,2012,4,D,75,20902.7179215553,1,no
24,6,0,7,1,9,2012,4,N,40,2492275.32621026,1,no
25,6,0,7,1,9,2012,4,N,45,857094.049469475,1,no
26,6,0,7,1,9,2012,4,N,50,281680.556046989,1,no
27,6,0,7,1,9,2012,4,N,55,90398.7461048565,1,no
28,6,0,7,1,9,2012,4,N,60,28730.7166505075,1,no
29,6,0,7,1,9,2012,4,N,65,9100.28837300758,1,no
30,6,0,7,1,9,2012,4,N,70,2879.26191336003,1,no
31,6,0,7,1,9,2012,4,N,75,1331.83166889976,1,no
32,6,0,7,1,9,2012,5,D,40,95927366.6463522,1,no
33,6,0,7,1,9,2012,5,D,45,51987258.2139982,1,no
34,6,0,7,1,9,2012,5,D,50,26503621.0677259,1,no
35,6,0,7,1,9,2012,5,D,55,12081288.9425775,1,no
36,6,0,7,1,9,2012,5,D,60,4845054.1845172,1,no
37,6,0,7,1,9,2012,5,D,65,1772497.35760396,1,no
38,6,0,7,1,9,2012,5,D,70,610842.370609982,1,no
39,6,0,7,1,9,2012,5,D,75,296370.839975941,1,no
40,6,0,7,1,9,2012,5,N,40,19404030.0129158,1,no
41,6,0,7,1,9,2012,5,N,45,8369575.57398945,1,no
42,6,0,7,1,9,2012,5,N,50,3212549.18817181,1,no
43,6,0,7,1,9,2012,5,N,55,1143639.10234121,1,no
44,6,0,7,1,9,2012,5,N,60,386202.012131548,1,no
45,6,0,7,1,9,2012,5,N,65,125735.325851949,1,no
46,6,0,7,1,9,2012,5,N,70,40188.0959807791,1,no
47,6,0,7,1,9,2012,5,N,75,18659.9490873091,1,no
48,6,0,7,1,9,2013,3,D,40,51434608.2366001,1,no
49,6,0,7,1,9,2013,3,D,45,26147780.6781606,1,no
50,6,0,7,1,9,2013,3,D,50,11945102.1711408,1,no
51,6,0,7,1,9,2013,3,D,55,4893582.33633382,1,no
52,6,0,7,1,9,2013,3,D,60,1882333.63444721,1,no
53,6,0,7,1,9,2013,3,D,65,695137.415303165,1,no
54,6,0,7,1,9,2013,3,D,70,243389.344376217,1,no
55,6,0,7,1,9,2013,3,D,75,119173.113519095,1,no
56,6,0,7,1,9,2013,3,N,40,19264445.3848936,1,no
57,6,0,7,1,9,2013,3,N,45,8385575.89512961,1,no
58,6,0,7,1,9,2013,3,N,50,3327218.99357612,1,no
59,6,0,7,1,9,2013,3,N,55,1258103.8046045,1,no
60,6,0,7,1,9,2013,3,N,60,455006.752111078,1,no
61,6,0,7,1,9,2013,3,N,65,155623.60171041,1,no
62,6,0,7,1,9,2013,3,N,70,50948.4707481204,1,no
63,6,0,7,1,9,2013,3,N,75,23898.1134734311,1,no
64,6,0,7,1,9,2013,4,D,40,21584068.0290738,1,no
65,6,0,7,1,9,2013,4,D,45,9460516.64643399,1,no
66,6,0,7,1,9,2013,4,D,50,3647728.02615838,1,no
67,6,0,7,1,9,2013,4,D,55,1288236.05873934,1,no
68,6,0,7,1,9,2013,4,D,60,430596.355695775,1,no
69,6,0,7,1,9,2013,4,D,65,139336.938628276,1,no
70,6,0,7,1,9,2013,4,D,70,44424.3491531696,1,no
71,6,0,7,1,9,2013,4,D,75,20606.9683592303,1,no
72,6,0,7,1,9,2013,4,N,40,2452830.87634651,1,no
73,6,0,7,1,9,2013,4,N,45,844254.474294303,1,no
74,6,0,7,1,9,2013,4,N,50,277676.779789552,1,no
75,6,0,7,1,9,2013,4,N,55,89147.1939071069,1,no
76,6,0,7,1,9,2013,4,N,60,28336.8519766105,1,no
77,6,0,7,1,9,2013,4,N,65,8975.94719753596,1,no
78,6,0,7,1,9,2013,4,N,70,2839.96324004881,1,no
79,6,0,7,1,9,2013,4,N,75,1313.66048985378,1,no
80,6,0,7,1,9,2013,5,D,40,95985195.0147369,1,no
81,6,0,7,1,9,2013,5,D,45,52020620.277002,1,no
82,6,0,7,1,9,2013,5,D,50,26522956.2025987,1,no
83,6,0,7,1,9,2013,5,D,55,12091701.9926795,1,no
84,6,0,7,1,9,2013,5,D,60,4849809.33932706,1,no
85,6,0,7,1,9,2013,5,D,65,1774379.42743924,1,no
86,6,0,7,1,9,2013,5,D,70,611529.605772977,1,no
87,6,0,7,1,9,2013,5,D,75,296719.82870062,1,no
88,6,0,7,1,9,2013,5,N,40,19419201.9764973,1,no
89,6,0,7,1,9,2013,5,N,45,8377252.82755627,1,no
90,6,0,7,1,9,2013,5,N,50,3215822.62183819,1,no
91,6,0,7,1,9,2013,5,N,55,1144885.8740747,1,no
92,6,0,7,1,9,2013,5,N,60,386645.178383028,1,no
93,6,0,7,1,9,2013,5,N,65,125883.946598302,1,no
94,6,0,7,1,9,2013,5,N,70,40236.1896362768,1,no
95,6,0,7,1,9,2013,5,N,75,18682.3875918676,1,no
96,6,0,7,1,9,2014,3,D,40,51735778.5948046,1,no
97,6,0,7,1,9,2014,3,D,45,26321686.9350035,1,no
98,6,0,7,1,9,2014,3,D,50,12037690.8326083,1,no
99,6,0,7,1,9,2014,3,D,55,4935511.09595336,1,no
100,6,0,7,1,9,2014,3,D,60,1899202.98918159,1,no
101,6,0,7,1,9,2014,3,D,65,701654.045256932,1,no
102,6,0,7,1,9,2014,3,D,70,245799.052214288,1,no
103,6,0,7,1,9,2014,3,D,75,120407.415248203,1,no
104,6,0,7,1,9,2014,3,N,40,19402689.6320362,1,no
105,6,0,7,1,9,2014,3,N,45,8454840.57571328,1,no
106,6,0,7,1,9,2014,3,N,50,3356909.75252405,1,no
107,6,0,7,1,9,2014,3,N,55,1269874.43700359,1,no
108,6,0,7,1,9,2014,3,N,60,459520.160206839,1,no
109,6,0,7,1,9,2014,3,N,65,157252.381526563,1,no
110,6,0,7,1,9,2014,3,N,70,51498.035768584,1,no
111,6,0,7,1,9,2014,3,N,75,24159.4610466202,1,no
112,6,0,7,1,9,2014,4,D,40,21163029.195026,1,no
113,6,0,7,1,9,2014,4,D,45,9242133.31192086,1,no
114,6,0,7,1,9,2014,4,D,50,3552454.4172627,1,no
115,6,0,7,1,9,2014,4,D,55,1251836.38554192,1,no
116,6,0,7,1,9,2014,4,D,60,417807.054486415,1,no
117,6,0,7,1,9,2014,4,D,65,135094.289091579,1,no
118,6,0,7,1,9,2014,4,D,70,43058.5987008434,1,no
119,6,0,7,1,9,2014,4,D,75,19971.1342989288,1,no
120,6,0,7,1,9,2014,4,N,40,2388523.87865224,1,no
121,6,0,7,1,9,2014,4,N,45,820561.628105303,1,no
122,6,0,7,1,9,2014,4,N,50,269567.94334226,1,no
123,6,0,7,1,9,2014,4,N,55,86497.745459551,1,no
124,6,0,7,1,9,2014,4,N,60,27489.3213921068,1,no
125,6,0,7,1,9,2014,4,N,65,8706.9195081024,1,no
126,6,0,7,1,9,2014,4,N,70,2754.78610594844,1,no
127,6,0,7,1,9,2014,4,N,75,1274.25135432344,1,no
128,6,0,7,1,9,2014,5,D,40,97322832.5687636,1,no
129,6,0,7,1,9,2014,5,D,45,52792326.8031007,1,no
130,6,0,7,1,9,2014,5,D,50,26970362.9978147,1,no
131,6,0,7,1,9,2014,5,D,55,12332985.914543,1,no
132,6,0,7,1,9,2014,5,D,60,4959943.865156,1,no
133,6,0,7,1,9,2014,5,D,65,1817782.74334421,1,no
134,6,0,7,1,9,2014,5,D,70,627284.042454858,1,no
135,6,0,7,1,9,2014,5,D,75,304678.044744794,1,no
136,6,0,7,1,9,2014,5,N,40,19770461.8382688,1,no
137,6,0,7,1,9,2014,5,N,45,8555083.05509057,1,no
138,6,0,7,1,9,2014,5,N,50,3291501.53815047,1,no
139,6,0,7,1,9,2014,5,N,55,1173552.08431052,1,no
140,6,0,7,1,9,2014,5,N,60,396774.603483358,1,no
141,6,0,7,1,9,2014,5,N,65,129269.088004631,1,no
142,6,0,7,1,9,2014,5,N,70,41330.0306085758,1,no
143,6,0,7,1,9,2014,5,N,75,19192.4465039961,1,no
144,6,0,7,1,9,2015,3,D,40,53207911.3229119,1,no
145,6,0,7,1,9,2015,3,D,45,27172337.8027983,1,no
146,6,0,7,1,9,2015,3,D,50,12492245.4203621,1,no
147,6,0,7,1,9,2015,3,D,55,5142295.34380856,1,no
148,6,0,7,1,9,2015,3,D,60,1982599.58213028,1,no
149,6,0,7,1,9,2015,3,D,65,733912.387760134,1,no
150,6,0,7,1,9,2015,3,D,70,257751.346240129,1,no
151,6,0,7,1,9,2015,3,D,75,126543.472576792,1,no
152,6,0,7,1,9,2015,3,N,40,20073683.9358246,1,no
153,6,0,7,1,9,2015,3,N,45,8792112.96131459,1,no
154,6,0,7,1,9,2015,3,N,50,3501501.49969706,1,no
155,6,0,7,1,9,2015,3,N,55,1326950.73010741,1,no
156,6,0,7,1,9,2015,3,N,60,481322.373685347,1,no
157,6,0,7,1,9,2015,3,N,65,165116.966123234,1,no
158,6,0,7,1,9,2015,3,N,70,54153.6997181278,1,no
159,6,0,7,1,9,2015,3,N,75,25423.1309795774,1,no
160,6,0,7,1,9,2015,4,D,40,20505329.5122315,1,no
161,6,0,7,1,9,2015,4,D,45,8905166.51187078,1,no
162,6,0,7,1,9,2015,4,D,50,3409287.15606203,1,no
163,6,0,7,1,9,2015,4,D,55,1198997.76884375,1,no
164,6,0,7,1,9,2015,4,D,60,399750.307853368,1,no
165,6,0,7,1,9,2015,4,D,65,129188.343645688,1,no
166,6,0,7,1,9,2015,4,D,70,41167.7336990488,1,no
167,6,0,7,1,9,2015,4,D,75,19092.6212627938,1,no
168,6,0,7,1,9,2015,4,N,40,2311631.62923878,1,no
169,6,0,7,1,9,2015,4,N,45,792966.908902497,1,no
170,6,0,7,1,9,2015,4,N,50,260282.793320188,1,no
171,6,0,7,1,9,2015,4,N,55,83486.4987113701,1,no
172,6,0,7,1,9,2015,4,N,60,26528.6222230209,1,no
173,6,0,7,1,9,2015,4,N,65,8402.23562590524,1,no
174,6,0,7,1,9,2015,4,N,70,2658.34741298493,1,no
175,6,0,7,1,9,2015,4,N,75,1229.63631399365,1,no
176,6,0,7,1,9,2015,5,D,40,98429344.6487132,1,no
177,6,0,7,1,9,2015,5,D,45,53430381.2014292,1,no
178,6,0,7,1,9,2015,5,D,50,27340378.7141503,1,no
179,6,0,7,1,9,2015,5,D,55,12533133.8096658,1,no
180,6,0,7,1,9,2015,5,D,60,5051772.64852187,1,no
181,6,0,7,1,9,2015,5,D,65,1854166.22324663,1,no
182,6,0,7,1,9,2015,5,D,70,640562.447205336,1,no
183,6,0,7,1,9,2015,5,D,75,311420.139884789,1,no
184,6,0,7,1,9,2015,5,N,40,20061215.5642813,1,no
185,6,0,7,1,9,2015,5,N,45,8702900.53816567,1,no
186,6,0,7,1,9,2015,5,N,50,3354744.91107438,1,no
187,6,0,7,1,9,2015,5,N,55,1197638.28725993,1,no
188,6,0,7,1,9,2015,5,N,60,405330.07670914,1,no
189,6,0,7,1,9,2015,5,N,65,132138.139350484,1,no
190,6,0,7,1,9,2015,5,N,70,42258.5357699509,1,no
191,6,0,7,1,9,2015,5,N,75,19625.6787064241,1,no
192,6,0,7,1,9,2016,3,D,40,53888533.7652886,1,no
193,6,0,7,1,9,2016,3,D,45,27565947.3159936,1,no
194,6,0,7,1,9,2016,3,D,50,12703462.2753271,1,no
195,6,0,7,1,9,2016,3,D,55,5238875.50955197,1,no
196,6,0,7,1,9,2016,3,D,60,2021637.1278354,1,no
197,6,0,7,1,9,2016,3,D,65,749023.615304786,1,no
198,6,0,7,1,9,2016,3,D,70,263360.466456159,1,no
199,6,0,7,1,9,2016,3,D,75,129430.310062105,1,no
200,6,0,7,1,9,2016,3,N,40,20385402.954161,1,no
201,6,0,7,1,9,2016,3,N,45,8949667.57791608,1,no
202,6,0,7,1,9,2016,3,N,50,3569398.62626393,1,no
203,6,0,7,1,9,2016,3,N,55,1353833.52318245,1,no
204,6,0,7,1,9,2016,3,N,60,491620.642820305,1,no
205,6,0,7,1,9,2016,3,N,65,168843.297326061,1,no
206,6,0,7,1,9,2016,3,N,70,55414.5723794026,1,no
207,6,0,7,1,9,2016,3,N,75,26023.7342024717,1,no
208,6,0,7,1,9,2016,4,D,40,19300760.0753397,1,no
209,6,0,7,1,9,2016,4,D,45,8291617.78309756,1,no
210,6,0,7,1,9,2016,4,D,50,3147916.95008915,1,no
211,6,0,7,1,9,2016,4,D,55,1101219.25109367,1,no
212,6,0,7,1,9,2016,4,D,60,365913.52664546,1,no
213,6,0,7,1,9,2016,4,D,65,118052.690227592,1,no
214,6,0,7,1,9,2016,4,D,70,37594.38591988,1,no
215,6,0,7,1,9,2016,4,D,75,17431.0258403771,1,no
216,6,0,7,1,9,2016,4,N,40,2137044.3158224,1,no
217,6,0,7,1,9,2016,4,N,45,729804.331449172,1,no
218,6,0,7,1,9,2016,4,N,50,238920.266208992,1,no
219,6,0,7,1,9,2016,4,N,55,76544.7247449067,1,no
220,6,0,7,1,9,2016,4,N,60,24312.4874549345,1,no
221,6,0,7,1,9,2016,4,N,65,7699.25344340482,1,no
222,6,0,7,1,9,2016,4,N,70,2435.82330386034,1,no
223,6,0,7,1,9,2016,4,N,75,1126.68839480596,1,no
224,6,0,7,1,9,2016,5,D,40,99637261.5146509,1,no
225,6,0,7,1,9,2016,5,D,45,54126692.8798661,1,no
226,6,0,7,1,9,2016,5,D,50,27744297.3896355,1,no
227,6,0,7,1,9,2016,5,D,55,12752178.0425425,1,no
228,6,0,7,1,9,2016,5,D,60,5152652.10977104,1,no
229,6,0,7,1,9,2016,5,D,65,1894250.39709327,1,no
230,6,0,7,1,9,2016,5,D,70,655225.986103667,1,no
231,6,0,7,1,9,2016,5,D,75,318883.752485929,1,no
232,6,0,7,1,9,2016,5,N,40,20378845.28484,1,no
233,6,0,7,1,9,2016,5,N,45,8864926.76299522,1,no
234,6,0,7,1,9,2016,5,N,50,3424312.10974334,1,no
235,6,0,7,1,9,2016,5,N,55,1224199.45790503,1,no
236,6,0,7,1,9,2016,5,N,60,414786.149482217,1,no
237,6,0,7,1,9,2016,5,N,65,135314.475439393,1,no
238,6,0,7,1,9,2016,5,N,70,43287.3167514271,1,no
239,6,0,7,1,9,2016,5,N,75,20105.8505678016,1,no
240,6,0,7,1,9,2017,3,D,40,54319110.3910678,1,no
241,6,0,7,1,9,2017,3,D,45,27815041.6943226,1,no
242,6,0,7,1,9,2017,3,D,50,12837417.2140393,1,no
243,6,0,7,1,9,2017,3,D,55,5300284.64233222,1,no
244,6,0,7,1,9,2017,3,D,60,2046485.48598944,1,no
245,6,0,7,1,9,2017,3,D,65,758644.781612476,1,no
246,6,0,7,1,9,2017,3,D,70,266934.719830268,1,no
247,6,0,7,1,9,2017,3,D,75,131272.194011066,1,no
248,6,0,7,1,9,2017,3,N,40,20583407.4885114,1,no
249,6,0,7,1,9,2017,3,N,45,9050046.49960835,1,no
250,6,0,7,1,9,2017,3,N,50,3612796.67826813,1,no
251,6,0,7,1,9,2017,3,N,55,1371060.45113429,1,no
252,6,0,7,1,9,2017,3,N,60,498236.12888838,1,no
253,6,0,7,1,9,2017,3,N,65,171242.084498845,1,no
254,6,0,7,1,9,2017,3,N,70,56227.2513486951,1,no
255,6,0,7,1,9,2017,3,N,75,26411.0751084508,1,no
256,6,0,7,1,9,2017,4,D,40,19025471.7012278,1,no
257,6,0,7,1,9,2017,4,D,45,8152770.89252176,1,no
258,6,0,7,1,9,2017,4,D,50,3089497.5905257,1,no
259,6,0,7,1,9,2017,4,D,55,1079609.89475511,1,no
260,6,0,7,1,9,2017,4,D,60,358499.282455094,1,no
261,6,0,7,1,9,2017,4,D,65,115623.826491584,1,no
262,6,0,7,1,9,2017,4,D,70,36816.402811003,1,no
263,6,0,7,1,9,2017,4,D,75,17069.516122994,1,no
264,6,0,7,1,9,2017,4,N,40,2098216.60204735,1,no
265,6,0,7,1,9,2017,4,N,45,715901.295915233,1,no
266,6,0,7,1,9,2017,4,N,50,234250.399050256,1,no
267,6,0,7,1,9,2017,4,N,55,75032.0961307718,1,no
268,6,0,7,1,9,2017,4,N,60,23830.1602234038,1,no
269,6,0,7,1,9,2017,4,N,65,7546.31344570603,1,no
270,6,0,7,1,9,2017,4,N,70,2387.41799493196,1,no
271,6,0,7,1,9,2017,4,N,75,1104.29514119849,1,no
272,6,0,7,1,9,2017,5,D,40,100190271.608503,1,no
273,6,0,7,1,9,2017,5,D,45,54445250.4885411,1,no
274,6,0,7,1,9,2017,5,D,50,27929051.2445778,1,no
275,6,0,7,1,9,2017,5,D,55,12852639.4983569,1,no
276,6,0,7,1,9,2017,5,D,60,5199272.3514076,1,no
277,6,0,7,1,9,2017,5,D,65,1913008.75419735,1,no
278,6,0,7,1,9,2017,5,D,70,662194.7850108,1,no
279,6,0,7,1,9,2017,5,D,75,322482.485153461,1,no
280,6,0,7,1,9,2017,5,N,40,20524217.4272582,1,no
281,6,0,7,1,9,2017,5,N,45,8939431.21939982,1,no
282,6,0,7,1,9,2017,5,N,50,3456612.25421398,1,no
283,6,0,7,1,9,2017,5,N,55,1236709.18158513,1,no
284,6,0,7,1,9,2017,5,N,60,419306.417812263,1,no
285,6,0,7,1,9,2017,5,N,65,136847.514075331,1,no
286,6,0,7,1,9,2017,5,N,70,43785.9487419419,1,no
287,6,0,7,1,9,2017,5,N,75,20338.9756964143,1,no
288,6,0,7,1,9,2018,3,D,40,54638644.9750526,1,no
289,6,0,7,1,9,2018,3,D,45,27999939.6650333,1,no
290,6,0,7,1,9,2018,3,D,50,12936984.9901569,1,no
291,6,0,7,1,9,2018,3,D,55,5346009.64667904,1,no
292,6,0,7,1,9,2018,3,D,60,2064999.37176561,1,no
293,6,0,7,1,9,2018,3,D,65,765813.877733314,1,no
294,6,0,7,1,9,2018,3,D,70,269599.316376078,1,no
295,6,0,7,1,9,2018,3,D,75,132646.424859569,1,no
296,6,0,7,1,9,2018,3,N,40,20730973.9969802,1,no
297,6,0,7,1,9,2018,3,N,45,9125018.03956679,1,no
298,6,0,7,1,9,2018,3,N,50,3645299.35657546,1,no
299,6,0,7,1,9,2018,3,N,55,1383996.12106225,1,no
300,6,0,7,1,9,2018,3,N,60,503216.419242844,1,no
301,6,0,7,1,9,2018,3,N,65,173051.355904387,1,no
302,6,0,7,1,9,2018,3,N,70,56840.8309187118,1,no
303,6,0,7,1,9,2018,3,N,75,26703.6504374332,1,no
304,6,0,7,1,9,2018,4,D,40,17948706.1485657,1,no
305,6,0,7,1,9,2018,4,D,45,7612787.49946484,1,no
306,6,0,7,1,9,2018,4,D,50,2862576.29336808,1,no
307,6,0,7,1,9,2018,4,D,55,995278.703018879,1,no
308,6,0,7,1,9,2018,4,D,60,329436.989231607,1,no
309,6,0,7,1,9,2018,4,D,65,106083.850228683,1,no
310,6,0,7,1,9,2018,4,D,70,33758.4921518842,1,no
311,6,0,7,1,9,2018,4,D,75,15648.2196944752,1,no
312,6,0,7,1,9,2018,4,N,40,1947164.44724075,1,no
313,6,0,7,1,9,2018,4,N,45,661531.042252786,1,no
314,6,0,7,1,9,2018,4,N,50,215925.907324813,1,no
315,6,0,7,1,9,2018,4,N,55,69088.6042357272,1,no
316,6,0,7,1,9,2018,4,N,60,21934.1065308953,1,no
317,6,0,7,1,9,2018,4,N,65,6945.01069829159,1,no
318,6,0,7,1,9,2018,4,N,70,2197.09541499996,1,no
319,6,0,7,1,9,2018,4,N,75,1016.24733737991,1,no
320,6,0,7,1,9,2018,5,D,40,100149543.76857,1,no
321,6,0,7,1,9,2018,5,D,45,54421532.0081307,1,no
322,6,0,7,1,9,2018,5,D,50,27915109.1866022,1,no
323,6,0,7,1,9,2018,5,D,55,12845241.865344,1,no
324,6,0,7,1,9,2018,5,D,60,5196294.25515646,1,no
325,6,0,7,1,9,2018,5,D,65,1912209.92569095,1,no
326,6,0,7,1,9,2018,5,D,70,662091.918432678,1,no
327,6,0,7,1,9,2018,5,D,75,322520.863849469,1,no
328,6,0,7,1,9,2018,5,N,40,20513266.2141002,1,no
329,6,0,7,1,9,2018,5,N,45,8934152.89903055,1,no
330,6,0,7,1,9,2018,5,N,50,3454790.90448202,1,no
331,6,0,7,1,9,2018,5,N,55,1236320.77756121,1,no
332,6,0,7,1,9,2018,5,N,60,419286.379224971,1,no
333,6,0,7,1,9,2018,5,N,65,136866.37397059,1,no
334,6,0,7,1,9,2018,5,N,70,43795.6976661272,1,no
335,6,0,7,1,9,2018,5,N,75,20344.2032637546,1,no
336,6,0,7,1,9,2019,3,D,40,55666085.9332413,1,no
337,6,0,7,1,9,2019,3,D,45,28594684.6791118,1,no
338,6,0,7,1,9,2019,3,D,50,13258054.9658198,1,no
339,6,0,7,1,9,2019,3,D,55,5493958.22609522,1,no
340,6,0,7,1,9,2019,3,D,60,2125022.22065244,1,no
341,6,0,7,1,9,2019,3,D,65,789080.966188629,1,no
342,6,0,7,1,9,2019,3,D,70,278260.030478542,1,no
343,6,0,7,1,9,2019,3,D,75,137120.852811716,1,no
344,6,0,7,1,9,2019,3,N,40,21202116.0608264,1,no
345,6,0,7,1,9,2019,3,N,45,9364902.36552947,1,no
346,6,0,7,1,9,2019,3,N,50,3749271.50594147,1,no
347,6,0,7,1,9,2019,3,N,55,1425211.84526899,1,no
348,6,0,7,1,9,2019,3,N,60,519022.178837024,1,no
349,6,0,7,1,9,2019,3,N,65,178787.75536123,1,no
350,6,0,7,1,9,2019,3,N,70,58787.0176909759,1,no
351,6,0,7,1,9,2019,3,N,75,27632.0533862184,1,no
352,6,0,7,1,9,2019,4,D,40,18109847.8358399,1,no
353,6,0,7,1,9,2019,4,D,45,7693806.41139288,1,no
354,6,0,7,1,9,2019,4,D,50,2897158.34011897,1,no
355,6,0,7,1,9,2019,4,D,55,1008439.30530298,1,no
356,6,0,7,1,9,2019,4,D,60,334050.884106625,1,no
357,6,0,7,1,9,2019,4,D,65,107610.111223975,1,no
358,6,0,7,1,9,2019,4,D,70,34249.0670083921,1,no
359,6,0,7,1,9,2019,4,D,75,15876.4633788453,1,no
360,6,0,7,1,9,2019,4,N,40,1970409.50304035,1,no
361,6,0,7,1,9,2019,4,N,45,670086.865897865,1,no
362,6,0,7,1,9,2019,4,N,50,218846.823427444,1,no
363,6,0,7,1,9,2019,4,N,55,70040.8946728662,1,no
364,6,0,7,1,9,2019,4,N,60,22238.4344889467,1,no
365,6,0,7,1,9,2019,4,N,65,7041.57863634961,1,no
366,6,0,7,1,9,2019,4,N,70,2227.66619594259,1,no
367,6,0,7,1,9,2019,4,N,75,1030.39112461699,1,no
368,6,0,7,1,9,2019,5,D,40,101078614.296577,1,no
369,6,0,7,1,9,2019,5,D,45,54956682.9757969,1,no
370,6,0,7,1,9,2019,5,D,50,28225559.5079661,1,no
371,6,0,7,1,9,2019,5,D,55,13014242.4429421,1,no
372,6,0,7,1,9,2019,5,D,60,5274759.83045204,1,no
373,6,0,7,1,9,2019,5,D,65,1943726.16654726,1,no
374,6,0,7,1,9,2019,5,D,70,673769.601918423,1,no
375,6,0,7,1,9,2019,5,D,75,328541.776424996,1,no
376,6,0,7,1,9,2019,5,N,40,20757640.9843516,1,no
377,6,0,7,1,9,2019,5,N,45,9059538.60962808,1,no
378,6,0,7,1,9,2019,5,N,50,3509129.19022247,1,no
379,6,0,7,1,9,2019,5,N,55,1257314.76399704,1,no
380,6,0,7,1,9,2019,5,N,60,426855.173223823,1,no
381,6,0,7,1,9,2019,5,N,65,139431.002339528,1,no
382,6,0,7,1,9,2019,5,N,70,44629.6594248303,1,no
383,6,0,7,1,9,2019,5,N,75,20734.0798405392,1,no
384,6,0,7,1,9,2020,3,D,40,56284699.7445629,1,no
385,6,0,7,1,9,2020,3,D,45,28952931.4152558,1,no
386,6,0,7,1,9,2020,3,D,50,13452019.011317,1,no
387,6,0,7,1,9,2020,3,D,55,5583679.74817025,1,no
388,6,0,7,1,9,2020,3,D,60,2161485.34790753,1,no
389,6,0,7,1,9,2020,3,D,65,803222.207372178,1,no
390,6,0,7,1,9,2020,3,D,70,283530.183668584,1,no
391,6,0,7,1,9,2020,3,D,75,139848.644495302,1,no
392,6,0,7,1,9,2020,3,N,40,21487493.3250628,1,no
393,6,0,7,1,9,2020,3,N,45,9510773.68965748,1,no
394,6,0,7,1,9,2020,3,N,50,3812739.64604195,1,no
395,6,0,7,1,9,2020,3,N,55,1450425.28945427,1,no
396,6,0,7,1,9,2020,3,N,60,528709.610220981,1,no
397,6,0,7,1,9,2020,3,N,65,182311.312376522,1,no
398,6,0,7,1,9,2020,3,N,70,59984.2785272743,1,no
399,6,0,7,1,9,2020,3,N,75,28203.642796566,1,no
400,6,0,7,1,9,2020,4,D,40,18055579.3080944,1,no
401,6,0,7,1,9,2020,4,D,45,7666401.50713901,1,no
402,6,0,7,1,9,2020,4,D,50,2885326.74127954,1,no
403,6,0,7,1,9,2020,4,D,55,1003861.0531793,1,no
404,6,0,7,1,9,2020,4,D,60,332423.323955646,1,no
405,6,0,7,1,9,2020,4,D,65,107067.852288412,1,no
406,6,0,7,1,9,2020,4,D,70,34074.2948693281,1,no
407,6,0,7,1,9,2020,4,D,75,15795.0657623147,1,no
408,6,0,7,1,9,2020,4,N,40,1979976.29515541,1,no
409,6,0,7,1,9,2020,4,N,45,673115.207159637,1,no
410,6,0,7,1,9,2020,4,N,50,219779.907013123,1,no
411,6,0,7,1,9,2020,4,N,55,70331.4241408605,1,no
412,6,0,7,1,9,2020,4,N,60,22329.7515309565,1,no
413,6,0,7,1,9,2020,4,N,65,7070.39622752589,1,no
414,6,0,7,1,9,2020,4,N,70,2236.77336793523,1,no
415,6,0,7,1,9,2020,4,N,75,1034.60196483391,1,no
416,6,0,7,1,9,2020,5,D,40,102080619.845908,1,no
417,6,0,7,1,9,2020,5,D,45,55533694.5513936,1,no
418,6,0,7,1,9,2020,5,D,50,28560363.2631318,1,no
419,6,0,7,1,9,2020,5,D,55,13196840.1385644,1,no
420,6,0,7,1,9,2020,5,D,60,5359759.35642057,1,no
421,6,0,7,1,9,2020,5,D,65,1977918.29126498,1,no
422,6,0,7,1,9,2020,5,D,70,686451.773826328,1,no
423,6,0,7,1,9,2020,5,D,75,335090.681130822,1,no
424,6,0,7,1,9,2020,5,N,40,21021329.1789295,1,no
425,6,0,7,1,9,2020,5,N,45,9195166.04054245,1,no
426,6,0,7,1,9,2020,5,N,50,3568039.84825312,1,no
427,6,0,7,1,9,2020,5,N,55,1280100.54243919,1,no
428,6,0,7,1,9,2020,5,N,60,435079.489057227,1,no
429,6,0,7,1,9,2020,5,N,65,142220.898667357,1,no
430,6,0,7,1,9,2020,5,N,70,45537.4495077403,1,no
431,6,0,7,1,9,2020,5,N,75,21158.5900165522,1,no
432,6,0,7,1,9,2021,3,D,40,56812601.9010014,1,no
433,6,0,7,1,9,2021,3,D,45,29258738.9994445,1,no
434,6,0,7,1,9,2021,3,D,50,13617920.6188279,1,no
435,6,0,7,1,9,2021,3,D,55,5660629.22769854,1,no
436,6,0,7,1,9,2021,3,D,60,2192802.83513139,1,no
437,6,0,7,1,9,2021,3,D,65,815374.618138058,1,no
438,6,0,7,1,9,2021,3,D,70,288063.714053755,1,no
439,6,0,7,1,9,2021,3,D,75,142198.477764982,1,no
440,6,0,7,1,9,2021,3,N,40,21729971.1147872,1,no
441,6,0,7,1,9,2021,3,N,45,9635050.84587051,1,no
442,6,0,7,1,9,2021,3,N,50,3866956.44486676,1,no
443,6,0,7,1,9,2021,3,N,55,1471996.1698592,1,no
444,6,0,7,1,9,2021,3,N,60,537009.513917538,1,no
445,6,0,7,1,9,2021,3,N,65,185335.318705377,1,no
446,6,0,7,1,9,2021,3,N,70,61013.0592902409,1,no
447,6,0,7,1,9,2021,3,N,75,28695.1141411729,1,no
448,6,0,7,1,9,2021,4,D,40,17978059.8959281,1,no
449,6,0,7,1,9,2021,4,D,45,7626859.13816522,1,no
450,6,0,7,1,9,2021,4,D,50,2867809.36738165,1,no
451,6,0,7,1,9,2021,4,D,55,996858.919335221,1,no
452,6,0,7,1,9,2021,4,D,60,329877.483500186,1,no
453,6,0,7,1,9,2021,4,D,65,106211.04538781,1,no
454,6,0,7,1,9,2021,4,D,70,33797.1326221165,1,no
455,6,0,7,1,9,2021,4,D,75,15665.8068881276,1,no
456,6,0,7,1,9,2021,4,N,40,1967966.81756793,1,no
457,6,0,7,1,9,2021,4,N,45,668483.978930453,1,no
458,6,0,7,1,9,2021,4,N,50,218153.776732485,1,no
459,6,0,7,1,9,2021,4,N,55,69795.0020172728,1,no
460,6,0,7,1,9,2021,4,N,60,22157.615670247,1,no
461,6,0,7,1,9,2021,4,N,65,7015.7012797459,1,no
462,6,0,7,1,9,2021,4,N,70,2219.45071528791,1,no
463,6,0,7,1,9,2021,4,N,75,1026.58630405829,1,no
464,6,0,7,1,9,2021,5,D,40,102970033.496562,1,no
465,6,0,7,1,9,2021,5,D,45,56045720.0440526,1,no
466,6,0,7,1,9,2021,5,D,50,28857510.0854191,1,no
467,6,0,7,1,9,2021,5,D,55,13359198.5291256,1,no
468,6,0,7,1,9,2021,5,D,60,5435580.83367093,1,no
469,6,0,7,1,9,2021,5,D,65,2008507.89352437,1,no
470,6,0,7,1,9,2021,5,D,70,697831.477346258,1,no
471,6,0,7,1,9,2021,5,D,75,340987.299161929,1,no
472,6,0,7,1,9,2021,5,N,40,21255478.9198322,1,no
473,6,0,7,1,9,2021,5,N,45,9315915.74872353,1,no
474,6,0,7,1,9,2021,5,N,50,3620654.30303842,1,no
475,6,0,7,1,9,2021,5,N,55,1300509.27343818,1,no
476,6,0,7,1,9,2021,5,N,60,442468.099951253,1,no
477,6,0,7,1,9,2021,5,N,65,144733.286478675,1,no
478,6,0,7,1,9,2021,5,N,70,46355.9111631471,1,no
479,6,0,7,1,9,2021,5,N,75,21541.5173071057,1,no
480,6,0,7,1,9,2022,3,D,40,57227753.5728716,1,no
481,6,0,7,1,9,2022,3,D,45,29499271.2625379,1,no
482,6,0,7,1,9,2022,3,D,50,13748619.2871322,1,no
483,6,0,7,1,9,2022,3,D,55,5721383.51106833,1,no
484,6,0,7,1,9,2022,3,D,60,2217554.85396897,1,no
485,6,0,7,1,9,2022,3,D,65,824981.977351201,1,no
486,6,0,7,1,9,2022,3,D,70,291650.246262449,1,no
487,6,0,7,1,9,2022,3,D,75,144059.371383365,1,no
488,6,0,7,1,9,2022,3,N,40,21921427.7781489,1,no
489,6,0,7,1,9,2022,3,N,45,9733377.13485531,1,no
490,6,0,7,1,9,2022,3,N,50,3909930.29795088,1,no
491,6,0,7,1,9,2022,3,N,55,1489103.89681918,1,no
492,6,0,7,1,9,2022,3,N,60,543594.804808344,1,no
493,6,0,7,1,9,2022,3,N,65,187736.734664055,1,no
494,6,0,7,1,9,2022,3,N,70,61830.6336947106,1,no
495,6,0,7,1,9,2022,3,N,75,29085.8556126922,1,no
496,6,0,7,1,9,2022,4,D,40,17930017.1785505,1,no
497,6,0,7,1,9,2022,4,D,45,7602010.12076985,1,no
498,6,0,7,1,9,2022,4,D,50,2856426.24253586,1,no
499,6,0,7,1,9,2022,4,D,55,992128.875590185,1,no
500,6,0,7,1,9,2022,4,D,60,328114.546259468,1,no
501,6,0,7,1,9,2022,4,D,65,105611.429993224,1,no
502,6,0,7,1,9,2022,4,D,70,33602.4472396716,1,no
503,6,0,7,1,9,2022,4,D,75,15574.8865259367,1,no
504,6,0,7,1,9,2022,4,N,40,1960028.87099286,1,no
505,6,0,7,1,9,2022,4,N,45,665316.765539067,1,no
506,6,0,7,1,9,2022,4,N,50,217021.42299695,1,no
507,6,0,7,1,9,2022,4,N,55,69418.8379758091,1,no
508,6,0,7,1,9,2022,4,N,60,22036.6197355653,1,no
509,6,0,7,1,9,2022,4,N,65,6977.22593336789,1,no
510,6,0,7,1,9,2022,4,N,70,2207.26222752201,1,no
511,6,0,7,1,9,2022,4,N,75,1020.94597287878,1,no
512,6,0,7,1,9,2022,5,D,40,103933946.571055,1,no
513,6,0,7,1,9,2022,5,D,45,56600555.4494142,1,no
514,6,0,7,1,9,2022,5,D,50,29179579.5854949,1,no
515,6,0,7,1,9,2022,5,D,55,13535450.2166619,1,no
516,6,0,7,1,9,2022,5,D,60,5518006.46540019,1,no
517,6,0,7,1,9,2022,5,D,65,2041730.65359371,1,no
518,6,0,7,1,9,2022,5,D,70,710161.732658713,1,no
519,6,0,7,1,9,2022,5,D,75,347365.34143484,1,no
520,6,0,7,1,9,2022,5,N,40,21509397.9311496,1,no
521,6,0,7,1,9,2022,5,N,45,9447104.47838992,1,no
522,6,0,7,1,9,2022,5,N,50,3677850.4975434,1,no
523,6,0,7,1,9,2022,5,N,55,1322654.95166679,1,no
524,6,0,7,1,9,2022,5,N,60,450468.416758149,1,no
525,6,0,7,1,9,2022,5,N,65,147450.869336022,1,no
526,6,0,7,1,9,2022,5,N,70,47240.9173688649,1,no
527,6,0,7,1,9,2022,5,N,75,21955.5316636403,1,no
528,6,0,7,1,9,2023,3,D,40,57585689.4125152,1,no
529,6,0,7,1,9,2023,3,D,45,29706688.1684034,1,no
530,6,0,7,1,9,2023,3,D,50,13861472.6655937,1,no
531,6,0,7,1,9,2023,3,D,55,5773936.74502821,1,no
532,6,0,7,1,9,2023,3,D,60,2238986.05395154,1,no
533,6,0,7,1,9,2023,3,D,65,833303.400642404,1,no
534,6,0,7,1,9,2023,3,D,70,294758.608349426,1,no
535,6,0,7,1,9,2023,3,D,75,145673.681903239,1,no
536,6,0,7,1,9,2023,3,N,40,22086467.0358509,1,no
537,6,0,7,1,9,2023,3,N,45,9818273.19342564,1,no
538,6,0,7,1,9,2023,3,N,50,3947082.47640776,1,no
539,6,0,7,1,9,2023,3,N,55,1503895.50632851,1,no
540,6,0,7,1,9,2023,3,N,60,549288.510051574,1,no
541,6,0,7,1,9,2023,3,N,65,189814.157878789,1,no
542,6,0,7,1,9,2023,3,N,70,62538.3338993708,1,no
543,6,0,7,1,9,2023,3,N,75,29424.2036355917,1,no
544,6,0,7,1,9,2023,4,D,40,17911537.7946331,1,no
545,6,0,7,1,9,2023,4,D,45,7591882.39228168,1,no
546,6,0,7,1,9,2023,4,D,50,2851180.99555059,1,no
547,6,0,7,1,9,2023,4,D,55,989668.972162361,1,no
548,6,0,7,1,9,2023,4,D,60,327132.73873916,1,no
549,6,0,7,1,9,2023,4,D,65,105268.096946335,1,no
550,6,0,7,1,9,2023,4,D,70,33489.8897419992,1,no
551,6,0,7,1,9,2023,4,D,75,15522.1429993844,1,no
552,6,0,7,1,9,2023,4,N,40,1956162.32221782,1,no
553,6,0,7,1,9,2023,4,N,45,663611.235984952,1,no
554,6,0,7,1,9,2023,4,N,50,216381.365883664,1,no
555,6,0,7,1,9,2023,4,N,55,69202.3198404383,1,no
556,6,0,7,1,9,2023,4,N,60,21966.5481034632,1,no
557,6,0,7,1,9,2023,4,N,65,6954.90103317637,1,no
558,6,0,7,1,9,2023,4,N,70,2200.18567617624,1,no
559,6,0,7,1,9,2023,4,N,75,1017.6703399309,1,no
560,6,0,7,1,9,2023,5,D,40,104915329.671309,1,no
561,6,0,7,1,9,2023,5,D,45,57165363.9593551,1,no
562,6,0,7,1,9,2023,5,D,50,29507542.1109558,1,no
563,6,0,7,1,9,2023,5,D,55,13715206.6496055,1,no
564,6,0,7,1,9,2023,5,D,60,5602208.47747402,1,no
565,6,0,7,1,9,2023,5,D,65,2075642.72598419,1,no
566,6,0,7,1,9,2023,5,D,70,722718.482800252,1,no
567,6,0,7,1,9,2023,5,D,75,353847.954409981,1,no
568,6,0,7,1,9,2023,5,N,40,21768081.3231755,1,no
569,6,0,7,1,9,2023,5,N,45,9581010.36325406,1,no
570,6,0,7,1,9,2023,5,N,50,3736275.89574506,1,no
571,6,0,7,1,9,2023,5,N,55,1345236.91964899,1,no
572,6,0,7,1,9,2023,5,N,60,458607.741918289,1,no
573,6,0,7,1,9,2023,5,N,65,150212.246511748,1,no
574,6,0,7,1,9,2023,5,N,70,48139.7963724121,1,no
575,6,0,7,1,9,2023,5,N,75,22375.9681352445,1,no
576,6,0,7,1,9,2024,3,D,40,57876780.5683701,1,no
577,6,0,7,1,9,2024,3,D,45,29875399.1433105,1,no
578,6,0,7,1,9,2024,3,D,50,13953359.3305308,1,no
579,6,0,7,1,9,2024,3,D,55,5816793.41751818,1,no
580,6,0,7,1,9,2024,3,D,60,2256477.51713549,1,no
581,6,0,7,1,9,2024,3,D,65,840097.150521399,1,no
582,6,0,7,1,9,2024,3,D,70,297297.729709509,1,no
583,6,0,7,1,9,2024,3,D,75,146993.371791203,1,no
584,6,0,7,1,9,2024,3,N,40,22220629.0123075,1,no
585,6,0,7,1,9,2024,3,N,45,9887376.87539041,1,no
586,6,0,7,1,9,2024,3,N,50,3977352.60560433,1,no
587,6,0,7,1,9,2024,3,N,55,1515946.78109056,1,no
588,6,0,7,1,9,2024,3,N,60,553926.476864507,1,no
589,6,0,7,1,9,2024,3,N,65,191507.038607667,1,no
590,6,0,7,1,9,2024,3,N,70,63115.3132450197,1,no
591,6,0,7,1,9,2024,3,N,75,29700.1330170755,1,no
592,6,0,7,1,9,2024,4,D,40,17910549.11096,1,no
593,6,0,7,1,9,2024,4,D,45,7590497.9125339,1,no
594,6,0,7,1,9,2024,4,D,50,2849628.87941498,1,no
595,6,0,7,1,9,2024,4,D,55,988599.566500944,1,no
596,6,0,7,1,9,2024,4,D,60,326635.587900094,1,no
597,6,0,7,1,9,2024,4,D,65,105084.737843606,1,no
598,6,0,7,1,9,2024,4,D,70,33428.7351797571,1,no
599,6,0,7,1,9,2024,4,D,75,15493.3053416635,1,no
600,6,0,7,1,9,2024,4,N,40,1944497.57696247,1,no
601,6,0,7,1,9,2024,4,N,45,659311.924450405,1,no
602,6,0,7,1,9,2024,4,N,50,214911.963718505,1,no
603,6,0,7,1,9,2024,4,N,55,68723.0141489363,1,no
604,6,0,7,1,9,2024,4,N,60,21813.3462317622,1,no
605,6,0,7,1,9,2024,4,N,65,6906.28366805904,1,no
606,6,0,7,1,9,2024,4,N,70,2184.79470902451,1,no
607,6,0,7,1,9,2024,4,N,75,1010.54963789166,1,no
608,6,0,7,1,9,2024,5,D,40,105857283.697888,1,no
609,6,0,7,1,9,2024,5,D,45,57707397.1544274,1,no
610,6,0,7,1,9,2024,5,D,50,29822353.6847422,1,no
611,6,0,7,1,9,2024,5,D,55,13888037.0683817,1,no
612,6,0,7,1,9,2024,5,D,60,5683302.1432318,1,no
613,6,0,7,1,9,2024,5,D,65,2108285.76895498,1,no
614,6,0,7,1,9,2024,5,D,70,734779.509485667,1,no
615,6,0,7,1,9,2024,5,D,75,360062.890010605,1,no
616,6,0,7,1,9,2024,5,N,40,22016528.0083057,1,no
617,6,0,7,1,9,2024,5,N,45,9709867.22387018,1,no
618,6,0,7,1,9,2024,5,N,50,3792551.93905018,1,no
619,6,0,7,1,9,2024,5,N,55,1366956.50979868,1,no
620,6,0,7,1,9,2024,5,N,60,466419.83147486,1,no
621,6,0,7,1,9,2024,5,N,65,152859.411436467,1,no
622,6,0,7,1,9,2024,5,N,70,49001.109033947,1,no
623,6,0,7,1,9,2024,5,N,75,22778.7696697335,1,no
624,6,0,7,1,9,2025,3,D,40,58110923.4871159,1,no
625,6,0,7,1,9,2025,3,D,45,30011105.6145054,1,no
626,6,0,7,1,9,2025,3,D,50,14027337.0759375,1,no
627,6,0,7,1,9,2025,3,D,55,5851339.22275132,1,no
628,6,0,7,1,9,2025,3,D,60,2270586.36474799,1,no
629,6,0,7,1,9,2025,3,D,65,845578.658081964,1,no
630,6,0,7,1,9,2025,3,D,70,299347.337352015,1,no
631,6,0,7,1,9,2025,3,D,75,148059.292550105,1,no
632,6,0,7,1,9,2025,3,N,40,22328439.5042953,1,no
633,6,0,7,1,9,2025,3,N,45,9942964.76658851,1,no
634,6,0,7,1,9,2025,3,N,50,4001716.8658373,1,no
635,6,0,7,1,9,2025,3,N,55,1525643.15034023,1,no
636,6,0,7,1,9,2025,3,N,60,557656.351639446,1,no
637,6,0,7,1,9,2025,3,N,65,192868.542668504,1,no
638,6,0,7,1,9,2025,3,N,70,63579.4848863778,1,no
639,6,0,7,1,9,2025,3,N,75,29922.1588577792,1,no
640,6,0,7,1,9,2025,4,D,40,17937591.2678505,1,no
641,6,0,7,1,9,2025,4,D,45,7603055.00378518,1,no
642,6,0,7,1,9,2025,4,D,50,2853870.01149509,1,no
643,6,0,7,1,9,2025,4,D,55,989660.487526199,1,no
644,6,0,7,1,9,2025,4,D,60,326867.131404044,1,no
645,6,0,7,1,9,2025,4,D,65,105139.761570609,1,no
646,6,0,7,1,9,2025,4,D,70,33443.8764329073,1,no
647,6,0,7,1,9,2025,4,D,75,15499.9117057541,1,no
648,6,0,7,1,9,2025,4,N,40,1955833.39461369,1,no
649,6,0,7,1,9,2025,4,N,45,662913.122510677,1,no
650,6,0,7,1,9,2025,4,N,50,216026.049724512,1,no
651,6,0,7,1,9,2025,4,N,55,69070.7199983894,1,no
652,6,0,7,1,9,2025,4,N,60,21922.7375108762,1,no
653,6,0,7,1,9,2025,4,N,65,6940.81712382515,1,no
654,6,0,7,1,9,2025,4,N,70,2195.70847165151,1,no
655,6,0,7,1,9,2025,4,N,75,1015.59603233184,1,no
656,6,0,7,1,9,2025,5,D,40,106791546.931081,1,no
657,6,0,7,1,9,2025,5,D,45,58244929.1644256,1,no
658,6,0,7,1,9,2025,5,D,50,30134623.5017816,1,no
659,6,0,7,1,9,2025,5,D,55,14059728.1194778,1,no
660,6,0,7,1,9,2025,5,D,60,5763998.45294502,1,no
661,6,0,7,1,9,2025,5,D,65,2140751.96278515,1,no
662,6,0,7,1,9,2025,5,D,70,746748.54313749,1,no
663,6,0,7,1,9,2025,5,D,75,366217.205563657,1,no
664,6,0,7,1,9,2025,5,N,40,22263073.4266811,1,no
665,6,0,7,1,9,2025,5,N,45,9837985.91653878,1,no
666,6,0,7,1,9,2025,5,N,50,3848558.07012223,1,no
667,6,0,7,1,9,2025,5,N,55,1388540.1079979,1,no
668,6,0,7,1,9,2025,5,N,60,474165.334618804,1,no
669,6,0,7,1,9,2025,5,N,65,155480.416686482,1,no
670,6,0,7,1,9,2025,5,N,70,49853.4114243204,1,no
671,6,0,7,1,9,2025,5,N,75,23177.2717084823,1,no
672,6,0,7,1,9,2026,3,D,40,58292286.2593779,1,no
673,6,0,7,1,9,2026,3,D,45,30116243.4544493,1,no
674,6,0,7,1,9,2026,3,D,50,14084683.8608957,1,no
675,6,0,7,1,9,2026,3,D,55,5878146.13665505,1,no
676,6,0,7,1,9,2026,3,D,60,2281541.23187168,1,no
677,6,0,7,1,9,2026,3,D,65,849835.773555796,1,no
678,6,0,7,1,9,2026,3,D,70,300939.694468064,1,no
679,6,0,7,1,9,2026,3,D,75,148887.843671773,1,no
680,6,0,7,1,9,2026,3,N,40,22411882.6767545,1,no
681,6,0,7,1,9,2026,3,N,45,9986017.52282963,1,no
682,6,0,7,1,9,2026,3,N,50,4020597.32451312,1,no
683,6,0,7,1,9,2026,3,N,55,1533154.14029769,1,no
684,6,0,7,1,9,2026,3,N,60,560544.067191657,1,no
685,6,0,7,1,9,2026,3,N,65,193922.703890684,1,no
686,6,0,7,1,9,2026,3,N,70,63938.9544189949,1,no
687,6,0,7,1,9,2026,3,N,75,30094.134576225,1,no
688,6,0,7,1,9,2026,4,D,40,17953145.6028433,1,no
689,6,0,7,1,9,2026,4,D,45,7609983.08615053,1,no
690,6,0,7,1,9,2026,4,D,50,2855863.83569674,1,no
691,6,0,7,1,9,2026,4,D,55,989943.495704663,1,no
692,6,0,7,1,9,2026,4,D,60,326846.268652325,1,no
693,6,0,7,1,9,2026,4,D,65,105114.463412453,1,no
694,6,0,7,1,9,2026,4,D,70,33433.590604347,1,no
695,6,0,7,1,9,2026,4,D,75,15494.7532260107,1,no
696,6,0,7,1,9,2026,4,N,40,1956817.65180151,1,no
697,6,0,7,1,9,2026,4,N,45,662989.149397217,1,no
698,6,0,7,1,9,2026,4,N,50,215994.41819642,1,no
699,6,0,7,1,9,2026,4,N,55,69052.6670986934,1,no
700,6,0,7,1,9,2026,4,N,60,21916.1132076998,1,no
701,6,0,7,1,9,2026,4,N,65,6938.62567261559,1,no
702,6,0,7,1,9,2026,4,N,70,2195.00577753593,1,no
703,6,0,7,1,9,2026,4,N,75,1015.2694490501,1,no
704,6,0,7,1,9,2026,5,D,40,107749725.927546,1,no
705,6,0,7,1,9,2026,5,D,45,58796085.8853566,1,no
706,6,0,7,1,9,2026,5,D,50,30454893.5306352,1,no
707,6,0,7,1,9,2026,5,D,55,14236088.0562174,1,no
708,6,0,7,1,9,2026,5,D,60,5847050.61561116,1,no
709,6,0,7,1,9,2026,5,D,65,2174169.10299451,1,no
710,6,0,7,1,9,2026,5,D,70,759050.246829141,1,no
711,6,0,7,1,9,2026,5,D,75,372533.355451222,1,no
712,6,0,7,1,9,2026,5,N,40,22516050.0173206,1,no
713,6,0,7,1,9,2026,5,N,45,9969707.56313706,1,no
714,6,0,7,1,9,2026,5,N,50,3906216.89438142,1,no
715,6,0,7,1,9,2026,5,N,55,1410743.5131843,1,no
716,6,0,7,1,9,2026,5,N,60,482121.141555255,1,no
717,6,0,7,1,9,2026,5,N,65,158169.972515212,1,no
718,6,0,7,1,9,2026,5,N,70,50727.681108498,1,no
719,6,0,7,1,9,2026,5,N,75,23585.9794184807,1,no
720,6,0,7,1,9,2027,3,D,40,58458034.5472648,1,no
721,6,0,7,1,9,2027,3,D,45,30212321.0537678,1,no
722,6,0,7,1,9,2027,3,D,50,14137125.8763716,1,no
723,6,0,7,1,9,2027,3,D,55,5902678.32084791,1,no
724,6,0,7,1,9,2027,3,D,60,2291571.29146492,1,no
725,6,0,7,1,9,2027,3,D,65,853734.262156761,1,no
726,6,0,7,1,9,2027,3,D,70,302398.403081434,1,no
727,6,0,7,1,9,2027,3,D,75,149647.169865395,1,no
728,6,0,7,1,9,2027,3,N,40,22488061.112985,1,no
729,6,0,7,1,9,2027,3,N,45,10025348.574092,1,no
730,6,0,7,1,9,2027,3,N,50,4037849.77159416,1,no
731,6,0,7,1,9,2027,3,N,55,1540014.42306065,1,no
732,6,0,7,1,9,2027,3,N,60,563180.247820444,1,no
733,6,0,7,1,9,2027,3,N,65,194884.939447955,1,no
734,6,0,7,1,9,2027,3,N,70,64267.1373916842,1,no
735,6,0,7,1,9,2027,3,N,75,30251.1604168039,1,no
736,6,0,7,1,9,2027,4,D,40,17995887.389408,1,no
737,6,0,7,1,9,2027,4,D,45,7630481.48432566,1,no
738,6,0,7,1,9,2027,4,D,50,2863534.01284378,1,no
739,6,0,7,1,9,2027,4,D,55,992329.220379794,1,no
740,6,0,7,1,9,2027,4,D,60,327547.691246229,1,no
741,6,0,7,1,9,2027,4,D,65,105325.790721081,1,no
742,6,0,7,1,9,2027,4,D,70,33499.0788372446,1,no
743,6,0,7,1,9,2027,4,D,75,15524.8043511634,1,no
744,6,0,7,1,9,2027,4,N,40,1958883.00116308,1,no
745,6,0,7,1,9,2027,4,N,45,663506.075999284,1,no
746,6,0,7,1,9,2027,4,N,50,216121.912248619,1,no
747,6,0,7,1,9,2027,4,N,55,69087.6758741436,1,no
748,6,0,7,1,9,2027,4,N,60,21926.5662622974,1,no
749,6,0,7,1,9,2027,4,N,65,6941.86692619646,1,no
750,6,0,7,1,9,2027,4,N,70,2196.02471100596,1,no
751,6,0,7,1,9,2027,4,N,75,1015.7394880639,1,no
752,6,0,7,1,9,2027,5,D,40,108704238.622436,1,no
753,6,0,7,1,9,2027,5,D,45,59345042.6836245,1,no
754,6,0,7,1,9,2027,5,D,50,30773917.7740358,1,no
755,6,0,7,1,9,2027,5,D,55,14412043.8531117,1,no
756,6,0,7,1,9,2027,5,D,60,5930104.60743938,1,no
757,6,0,7,1,9,2027,5,D,65,2207616.05553263,1,no
758,6,0,7,1,9,2027,5,D,70,771358.270253142,1,no
759,6,0,7,1,9,2027,5,D,75,378850.215110222,1,no
760,6,0,7,1,9,2027,5,N,40,22768160.5119125,1,no
761,6,0,7,1,9,2027,5,N,45,10101264.3647148,1,no
762,6,0,7,1,9,2027,5,N,50,3963911.78667001,1,no
763,6,0,7,1,9,2027,5,N,55,1432965.05756713,1,no
764,6,0,7,1,9,2027,5,N,60,490079.694051133,1,no
765,6,0,7,1,9,2027,5,N,65,160859.864208455,1,no
766,6,0,7,1,9,2027,5,N,70,51602.0047349271,1,no
767,6,0,7,1,9,2027,5,N,75,23994.7102090911,1,no
768,6,0,7,1,9,2028,3,D,40,58566744.1423794,1,no
769,6,0,7,1,9,2028,3,D,45,30275341.2482027,1,no
770,6,0,7,1,9,2028,3,D,50,14171535.9682645,1,no
771,6,0,7,1,9,2028,3,D,55,5918787.40145579,1,no
772,6,0,7,1,9,2028,3,D,60,2298159.70080653,1,no
773,6,0,7,1,9,2028,3,D,65,856295.542643444,1,no
774,6,0,7,1,9,2028,3,D,70,303357.020113196,1,no
775,6,0,7,1,9,2028,3,D,75,150146.346236933,1,no
776,6,0,7,1,9,2028,3,N,40,22538016.973337,1,no
777,6,0,7,1,9,2028,3,N,45,10051153.8815094,1,no
778,6,0,7,1,9,2028,3,N,50,4049174.44997892,1,no
779,6,0,7,1,9,2028,3,N,55,1544517.38881766,1,no
780,6,0,7,1,9,2028,3,N,60,564910.509628718,1,no
781,6,0,7,1,9,2028,3,N,65,195516.664750958,1,no
782,6,0,7,1,9,2028,3,N,70,64482.6445320338,1,no
783,6,0,7,1,9,2028,3,N,75,30354.2901619214,1,no
784,6,0,7,1,9,2028,4,D,40,18022495.5662864,1,no
785,6,0,7,1,9,2028,4,D,45,7643001.34471172,1,no
786,6,0,7,1,9,2028,4,D,50,2867941.50000411,1,no
787,6,0,7,1,9,2028,4,D,55,993544.079925309,1,no
788,6,0,7,1,9,2028,4,D,60,327857.304730175,1,no
789,6,0,7,1,9,2028,4,D,65,105410.437855251,1,no
790,6,0,7,1,9,2028,4,D,70,33524.2026674173,1,no
791,6,0,7,1,9,2028,4,D,75,15536.1363835174,1,no
792,6,0,7,1,9,2028,4,N,40,1958768.99996631,1,no
793,6,0,7,1,9,2028,4,N,45,663259.380743596,1,no
794,6,0,7,1,9,2028,4,N,50,215996.860800869,1,no
795,6,0,7,1,9,2028,4,N,55,69041.4399013743,1,no
796,6,0,7,1,9,2028,4,N,60,21911.1854328516,1,no
797,6,0,7,1,9,2028,4,N,65,6936.92469994108,1,no
798,6,0,7,1,9,2028,4,N,70,2194.45336462857,1,no
799,6,0,7,1,9,2028,4,N,75,1015.01162923654,1,no
800,6,0,7,1,9,2028,5,D,40,109670119.161271,1,no
801,6,0,7,1,9,2028,5,D,45,59900408.1033761,1,no
802,6,0,7,1,9,2028,5,D,50,31096697.564116,1,no
803,6,0,7,1,9,2028,5,D,55,14590356.1965883,1,no
804,6,0,7,1,9,2028,5,D,60,6014481.31892108,1,no
805,6,0,7,1,9,2028,5,D,65,2241642.7862748,1,no
806,6,0,7,1,9,2028,5,D,70,783883.945144658,1,no
807,6,0,7,1,9,2028,5,D,75,385280.91089253,1,no
808,6,0,7,1,9,2028,5,N,40,23023357.5920025,1,no
809,6,0,7,1,9,2028,5,N,45,10234721.236288,1,no
810,6,0,7,1,9,2028,5,N,50,4022571.52992291,1,no
811,6,0,7,1,9,2028,5,N,55,1455576.34195203,1,no
812,6,0,7,1,9,2028,5,N,60,498179.788836423,1,no
813,6,0,7,1,9,2028,5,N,65,163598.280200402,1,no
814,6,0,7,1,9,2028,5,N,70,52492.2573825633,1,no
815,6,0,7,1,9,2028,5,N,75,24410.9230509512,1,no
816,6,0,7,1,9,2029,3,D,40,58675654.0621033,1,no
817,6,0,7,1,9,2029,3,D,45,30338481.6920516,1,no
818,6,0,7,1,9,2029,3,D,50,14206023.8518077,1,no
819,6,0,7,1,9,2029,3,D,55,5934940.27744942,1,no
820,6,0,7,1,9,2029,3,D,60,2304768.0078532,1,no
821,6,0,7,1,9,2029,3,D,65,858864.711875227,1,no
822,6,0,7,1,9,2029,3,D,70,304318.686678028,1,no
823,6,0,7,1,9,2029,3,D,75,150647.237674992,1,no
824,6,0,7,1,9,2029,3,N,40,22588041.0724588,1,no
825,6,0,7,1,9,2029,3,N,45,10077008.2670032,1,no
826,6,0,7,1,9,2029,3,N,50,4060522.90270459,1,no
827,6,0,7,1,9,2029,3,N,55,1549029.24446118,1,no
828,6,0,7,1,9,2029,3,N,60,566643.527006465,1,no
829,6,0,7,1,9,2029,3,N,65,196149.337744546,1,no
830,6,0,7,1,9,2029,3,N,70,64698.4851074427,1,no
831,6,0,7,1,9,2029,3,N,75,30457.5818264421,1,no
832,6,0,7,1,9,2029,4,D,40,18055037.1844171,1,no
833,6,0,7,1,9,2029,4,D,45,7658533.07258542,1,no
834,6,0,7,1,9,2029,4,D,50,2873655.15284686,1,no
835,6,0,7,1,9,2029,4,D,55,995265.71111788,1,no
836,6,0,7,1,9,2029,4,D,60,328346.944643703,1,no
837,6,0,7,1,9,2029,4,D,65,105555.032625689,1,no
838,6,0,7,1,9,2029,4,D,70,33568.6420707412,1,no
839,6,0,7,1,9,2029,4,D,75,15556.4606174809,1,no
840,6,0,7,1,9,2029,4,N,40,1960041.33516858,1,no
841,6,0,7,1,9,2029,4,N,45,663508.296245517,1,no
842,6,0,7,1,9,2029,4,N,50,216038.096153699,1,no
843,6,0,7,1,9,2029,4,N,55,69049.0437022516,1,no
844,6,0,7,1,9,2029,4,N,60,21912.9709723972,1,no
845,6,0,7,1,9,2029,4,N,65,6937.42374147711,1,no
846,6,0,7,1,9,2029,4,N,70,2194.60469474226,1,no
847,6,0,7,1,9,2029,4,N,75,1015.0804724394,1,no
848,6,0,7,1,9,2029,5,D,40,110633690.015728,1,no
849,6,0,7,1,9,2029,5,D,45,60454310.0686337,1,no
850,6,0,7,1,9,2029,5,D,50,31418663.8461874,1,no
851,6,0,7,1,9,2029,5,D,55,14768493.6608169,1,no
852,6,0,7,1,9,2029,5,D,60,6098999.14178014,1,no
853,6,0,7,1,9,2029,5,D,65,2275783.13974057,1,no
854,6,0,7,1,9,2029,5,D,70,796461.356785421,1,no
855,6,0,7,1,9,2029,5,D,75,391743.288120055,1,no
856,6,0,7,1,9,2029,5,N,40,23278014.1523166,1,no
857,6,0,7,1,9,2029,5,N,45,10368199.6440432,1,no
858,6,0,7,1,9,2029,5,N,50,4081380.43697012,1,no
859,6,0,7,1,9,2029,5,N,55,1478272.01086461,1,no
860,6,0,7,1,9,2029,5,N,60,506315.850774067,1,no
861,6,0,7,1,9,2029,5,N,65,166350.396451707,1,no
862,6,0,7,1,9,2029,5,N,70,53387.2590770797,1,no
863,6,0,7,1,9,2029,5,N,75,24829.4116399108,1,no
864,6,0,7,1,9,2030,3,D,40,58779369.0540929,1,no
865,6,0,7,1,9,2030,3,D,45,30398615.2500606,1,no
866,6,0,7,1,9,2030,3,D,50,14238879.2215327,1,no
867,6,0,7,1,9,2030,3,D,55,5950336.89182231,1,no
868,6,0,7,1,9,2030,3,D,60,2311067.80204631,1,no
869,6,0,7,1,9,2030,3,D,65,861314.279312886,1,no
870,6,0,7,1,9,2030,3,D,70,305235.821159877,1,no
871,6,0,7,1,9,2030,3,D,75,151125.01954587,1,no
872,6,0,7,1,9,2030,3,N,40,22635688.7821276,1,no
873,6,0,7,1,9,2030,3,N,45,10101641.0602122,1,no
874,6,0,7,1,9,2030,3,N,50,4071338.59307722,1,no
875,6,0,7,1,9,2030,3,N,55,1553330.04441665,1,no
876,6,0,7,1,9,2030,3,N,60,568295.641512755,1,no
877,6,0,7,1,9,2030,3,N,65,196752.544476184,1,no
878,6,0,7,1,9,2030,3,N,70,64904.3076107599,1,no
879,6,0,7,1,9,2030,3,N,75,30556.0936802657,1,no
880,6,0,7,1,9,2030,4,D,40,18096790.5301824,1,no
881,6,0,7,1,9,2030,4,D,45,7678688.75079847,1,no
882,6,0,7,1,9,2030,4,D,50,2881323.40212258,1,no
883,6,0,7,1,9,2030,4,D,55,997718.816380969,1,no
884,6,0,7,1,9,2030,4,D,60,329089.848606334,1,no
885,6,0,7,1,9,2030,4,D,65,105782.876677522,1,no
886,6,0,7,1,9,2030,4,D,70,33639.7717257456,1,no
887,6,0,7,1,9,2030,4,D,75,15589.1955746547,1,no
888,6,0,7,1,9,2030,4,N,40,1978047.14998786,1,no
889,6,0,7,1,9,2030,4,N,45,669527.267723291,1,no
890,6,0,7,1,9,2030,4,N,50,217969.688373431,1,no
891,6,0,7,1,9,2030,4,N,55,69662.1998889631,1,no
892,6,0,7,1,9,2030,4,N,60,22107.0729461041,1,no
893,6,0,7,1,9,2030,4,N,65,6998.82313527242,1,no
894,6,0,7,1,9,2030,4,N,70,2214.02298362334,1,no
895,6,0,7,1,9,2030,4,N,75,1024.06123523891,1,no
896,6,0,7,1,9,2030,5,D,40,111600104.571748,1,no
897,6,0,7,1,9,2030,5,D,45,61009706.1411178,1,no
898,6,0,7,1,9,2030,5,D,50,31741521.8384151,1,no
899,6,0,7,1,9,2030,5,D,55,14947404.351755,1,no
900,6,0,7,1,9,2030,5,D,60,6184105.65309193,1,no
901,6,0,7,1,9,2030,5,D,65,2310224.83665136,1,no
902,6,0,7,1,9,2030,5,D,70,809161.449505225,1,no
903,6,0,7,1,9,2030,5,D,75,398275.196170206,1,no
904,6,0,7,1,9,2030,5,N,40,23533485.3868985,1,no
905,6,0,7,1,9,2030,5,N,45,10502397.9540694,1,no
906,6,0,7,1,9,2030,5,N,50,4140652.17210614,1,no
907,6,0,7,1,9,2030,5,N,55,1501177.00610169,1,no
908,6,0,7,1,9,2030,5,N,60,514533.685714248,1,no
909,6,0,7,1,9,2030,5,N,65,169132.141741191,1,no
910,6,0,7,1,9,2030,5,N,70,54292.2144638183,1,no
911,6,0,7,1,9,2030,5,N,75,25252.6290721662,1,no
912,6,0,7,1,9,2031,3,D,40,58985984.7820175,1,no
913,6,0,7,1,9,2031,3,D,45,30518398.4949849,1,no
914,6,0,7,1,9,2031,3,D,50,14304362.6766076,1,no
915,6,0,7,1,9,2031,3,D,55,5981043.36675962,1,no
916,6,0,7,1,9,2031,3,D,60,2323638.28612354,1,no
917,6,0,7,1,9,2031,3,D,65,866202.393393573,1,no
918,6,0,7,1,9,2031,3,D,70,307066.29503387,1,no
919,6,0,7,1,9,2031,3,D,75,152078.998500646,1,no
920,6,0,7,1,9,2031,3,N,40,22730607.4690432,1,no
921,6,0,7,1,9,2031,3,N,45,10150747.1614739,1,no
922,6,0,7,1,9,2031,3,N,50,4092916.89970149,1,no
923,6,0,7,1,9,2031,3,N,55,1561911.1304849,1,no
924,6,0,7,1,9,2031,3,N,60,571592.475658429,1,no
925,6,0,7,1,9,2031,3,N,65,197956.609990252,1,no
926,6,0,7,1,9,2031,3,N,70,65315.2592252159,1,no
927,6,0,7,1,9,2031,3,N,75,30752.8103101248,1,no
928,6,0,7,1,9,2031,4,D,40,18144118.8041272,1,no
929,6,0,7,1,9,2031,4,D,45,7701750.50489118,1,no
930,6,0,7,1,9,2031,4,D,50,2890324.56620441,1,no
931,6,0,7,1,9,2031,4,D,55,1000721.78632226,1,no
932,6,0,7,1,9,2031,4,D,60,330035.484542916,1,no
933,6,0,7,1,9,2031,4,D,65,106079.25720778,1,no
934,6,0,7,1,9,2031,4,D,70,33733.1071763742,1,no
935,6,0,7,1,9,2031,4,D,75,15632.2873452184,1,no
936,6,0,7,1,9,2031,4,N,40,1978059.9076377,1,no
937,6,0,7,1,9,2031,4,N,45,669415.707472327,1,no
938,6,0,7,1,9,2031,4,N,50,217908.591700231,1,no
939,6,0,7,1,9,2031,4,N,55,69639.1890488597,1,no
940,6,0,7,1,9,2031,4,N,60,22099.383381568,1,no
941,6,0,7,1,9,2031,4,N,65,6996.3486853331,1,no
942,6,0,7,1,9,2031,4,N,70,2213.2357959488,1,no
943,6,0,7,1,9,2031,4,N,75,1023.69648649241,1,no
944,6,0,7,1,9,2031,5,D,40,112601231.124655,1,no
945,6,0,7,1,9,2031,5,D,45,61584918.9899765,1,no
946,6,0,7,1,9,2031,5,D,50,32075916.7011555,1,no
947,6,0,7,1,9,2031,5,D,55,15132986.200948,1,no
948,6,0,7,1,9,2031,5,D,60,6272626.77153356,1,no
949,6,0,7,1,9,2031,5,D,65,2346116.22651829,1,no
950,6,0,7,1,9,2031,5,D,70,822409.622076721,1,no
951,6,0,7,1,9,2031,5,D,75,405096.12110825,1,no
952,6,0,7,1,9,2031,5,N,40,23798187.1976563,1,no
953,6,0,7,1,9,2031,5,N,45,10641757.8515734,1,no
954,6,0,7,1,9,2031,5,N,50,4202361.62662717,1,no
955,6,0,7,1,9,2031,5,N,55,1525057.59314727,1,no
956,6,0,7,1,9,2031,5,N,60,523109.476502618,1,no
957,6,0,7,1,9,2031,5,N,65,172037.263165696,1,no
958,6,0,7,1,9,2031,5,N,70,55237.7097846308,1,no
959,6,0,7,1,9,2031,5,N,75,25694.884510591,1,no
960,6,0,7,1,9,2032,3,D,40,59090011.2814289,1,no
961,6,0,7,1,9,2032,3,D,45,30578728.9727204,1,no
962,6,0,7,1,9,2032,3,D,50,14337354.5529244,1,no
963,6,0,7,1,9,2032,3,D,55,5996525.02590796,1,no
964,6,0,7,1,9,2032,3,D,60,2329978.63711597,1,no
965,6,0,7,1,9,2032,3,D,65,868668.287180091,1,no
966,6,0,7,1,9,2032,3,D,70,307989.896973282,1,no
967,6,0,7,1,9,2032,3,D,75,152560.537578239,1,no
968,6,0,7,1,9,2032,3,N,40,22778421.066505,1,no
969,6,0,7,1,9,2032,3,N,45,10175499.4462844,1,no
970,6,0,7,1,9,2032,3,N,50,4103798.90032806,1,no
971,6,0,7,1,9,2032,3,N,55,1566240.25182708,1,no
972,6,0,7,1,9,2032,3,N,60,573256.042691558,1,no
973,6,0,7,1,9,2032,3,N,65,198564.401167832,1,no
974,6,0,7,1,9,2032,3,N,70,65522.7734697087,1,no
975,6,0,7,1,9,2032,3,N,75,30852.1572194879,1,no
976,6,0,7,1,9,2032,4,D,40,18179503.1598389,1,no
977,6,0,7,1,9,2032,4,D,45,7718915.5469133,1,no
978,6,0,7,1,9,2032,4,D,50,2896931.1159999,1,no
979,6,0,7,1,9,2032,4,D,55,1002875.03053729,1,no
980,6,0,7,1,9,2032,4,D,60,330699.285862912,1,no
981,6,0,7,1,9,2032,4,D,65,106284.935216171,1,no
982,6,0,7,1,9,2032,4,D,70,33797.5757915954,1,no
983,6,0,7,1,9,2032,4,D,75,15662.0012697556,1,no
984,6,0,7,1,9,2032,4,N,40,1982228.3907109,1,no
985,6,0,7,1,9,2032,4,N,45,670733.153844625,1,no
986,6,0,7,1,9,2032,4,N,50,218314.783145332,1,no
987,6,0,7,1,9,2032,4,N,55,69765.795988451,1,no
988,6,0,7,1,9,2032,4,N,60,22139.1918663251,1,no
989,6,0,7,1,9,2032,4,N,65,7008.91358207227,1,no
990,6,0,7,1,9,2032,4,N,70,2217.20668911888,1,no
991,6,0,7,1,9,2032,4,N,75,1025.53259593887,1,no
992,6,0,7,1,9,2032,5,D,40,113631295.874838,1,no
993,6,0,7,1,9,2032,5,D,45,62176605.1751695,1,no
994,6,0,7,1,9,2032,5,D,50,32419899.7345053,1,no
995,6,0,7,1,9,2032,5,D,55,15324185.5691376,1,no
996,6,0,7,1,9,2032,5,D,60,6364079.77989312,1,no
997,6,0,7,1,9,2032,5,D,65,2383268.47131053,1,no
998,6,0,7,1,9,2032,5,D,70,836138.161841328,1,no
999,6,0,7,1,9,2032,5,D,75,412172.177613213,1,no
1000,6,0,7,1,9,2032,5,N,40,24070591.5478217,1,no
1001,6,0,7,1,9,2032,5,N,45,10785497.2026193,1,no
1002,6,0,7,1,9,2032,5,N,50,4266176.89458847,1,no
1003,6,0,7,1,9,2032,5,N,55,1549789.85315383,1,no
1004,6,0,7,1,9,2032,5,N,60,531999.661672277,1,no
1005,6,0,7,1,9,2032,5,N,65,175051.215772096,1,no
1006,6,0,7,1,9,2032,5,N,70,56219.053467338,1,no
1007,6,0,7,1,9,2032,5,N,75,26153.9944899952,1,no
1008,6,0,7,1,9,2033,3,D,40,59193015.4552544,1,no
1009,6,0,7,1,9,2033,3,D,45,30638451.1774091,1,no
1010,6,0,7,1,9,2033,3,D,50,14370029.8320733,1,no
1011,6,0,7,1,9,2033,3,D,55,6011865.79391868,1,no
1012,6,0,7,1,9,2033,3,D,60,2336262.60141416,1,no
1013,6,0,7,1,9,2033,3,D,65,871112.335654169,1,no
1014,6,0,7,1,9,2033,3,D,70,308905.441794496,1,no
1015,6,0,7,1,9,2033,3,D,75,153037.979281883,1,no
1016,6,0,7,1,9,2033,3,N,40,22825757.611623,1,no
1017,6,0,7,1,9,2033,3,N,45,10200014.944181,1,no
1018,6,0,7,1,9,2033,3,N,50,4114581.95954847,1,no
1019,6,0,7,1,9,2033,3,N,55,1570530.17702677,1,no
1020,6,0,7,1,9,2033,3,N,60,574904.51885559,1,no
1021,6,0,7,1,9,2033,3,N,65,199166.728408814,1,no
1022,6,0,7,1,9,2033,3,N,70,65728.4335256693,1,no
1023,6,0,7,1,9,2033,3,N,75,30950.6268438499,1,no
1024,6,0,7,1,9,2033,4,D,40,18212272.9217087,1,no
1025,6,0,7,1,9,2033,4,D,45,7734861.85284109,1,no
1026,6,0,7,1,9,2033,4,D,50,2903118.0399965,1,no
1027,6,0,7,1,9,2033,4,D,55,1004916.84712217,1,no
1028,6,0,7,1,9,2033,4,D,60,331336.085983303,1,no
1029,6,0,7,1,9,2033,4,D,65,106483.485453779,1,no
1030,6,0,7,1,9,2033,4,D,70,33859.9775755396,1,no
1031,6,0,7,1,9,2033,4,D,75,15690.7909046775,1,no
1032,6,0,7,1,9,2033,4,N,40,1980740.43076387,1,no
1033,6,0,7,1,9,2033,4,N,45,670146.094610388,1,no
1034,6,0,7,1,9,2033,4,N,50,218106.869362855,1,no
1035,6,0,7,1,9,2033,4,N,55,69697.0484054418,1,no
1036,6,0,7,1,9,2033,4,N,60,22117.1151020335,1,no
1037,6,0,7,1,9,2033,4,N,65,7001.89854093653,1,no
1038,6,0,7,1,9,2033,4,N,70,2214.98450314213,1,no
1039,6,0,7,1,9,2033,4,N,75,1024.50433654032,1,no
1040,6,0,7,1,9,2033,5,D,40,114646391.463883,1,no
1041,6,0,7,1,9,2033,5,D,45,62759549.8957104,1,no
1042,6,0,7,1,9,2033,5,D,50,32758809.4348449,1,no
1043,6,0,7,1,9,2033,5,D,55,15512850.4529028,1,no
1044,6,0,7,1,9,2033,5,D,60,6454566.92848758,1,no
1045,6,0,7,1,9,2033,5,D,65,2420102.47412339,1,no
1046,6,0,7,1,9,2033,5,D,70,849763.471381608,1,no
1047,6,0,7,1,9,2033,5,D,75,419202.887426396,1,no
1048,6,0,7,1,9,2033,5,N,40,24339083.2624876,1,no
1049,6,0,7,1,9,2033,5,N,45,10927491.814505,1,no
1050,6,0,7,1,9,2033,5,N,50,4329383.12541667,1,no
1051,6,0,7,1,9,2033,5,N,55,1574322.4364641,1,no
1052,6,0,7,1,9,2033,5,N,60,540826.709844125,1,no
1053,6,0,7,1,9,2033,5,N,65,178046.197813511,1,no
1054,6,0,7,1,9,2033,5,N,70,57194.6330526543,1,no
1055,6,0,7,1,9,2033,5,N,75,26610.5006537543,1,no
1056,6,0,7,1,9,2034,3,D,40,59294097.8454862,1,no
1057,6,0,7,1,9,2034,3,D,45,30697068.0778985,1,no
1058,6,0,7,1,9,2034,3,D,50,14402107.0562417,1,no
1059,6,0,7,1,9,2034,3,D,55,6026932.81048913,1,no
1060,6,0,7,1,9,2034,3,D,60,2342435.84488733,1,no
1061,6,0,7,1,9,2034,3,D,65,873513.713968451,1,no
1062,6,0,7,1,9,2034,3,D,70,309805.178987895,1,no
1063,6,0,7,1,9,2034,3,D,75,153507.292328024,1,no
1064,6,0,7,1,9,2034,3,N,40,22872222.2062528,1,no
1065,6,0,7,1,9,2034,3,N,45,10224090.2277222,1,no
1066,6,0,7,1,9,2034,3,N,50,4125175.45641555,1,no
1067,6,0,7,1,9,2034,3,N,55,1574745.90957525,1,no
1068,6,0,7,1,9,2034,3,N,60,576524.826095763,1,no
1069,6,0,7,1,9,2034,3,N,65,199758.954774742,1,no
1070,6,0,7,1,9,2034,3,N,70,65930.6937021878,1,no
1071,6,0,7,1,9,2034,3,N,75,31047.4856047234,1,no
1072,6,0,7,1,9,2034,4,D,40,18245255.2489222,1,no
1073,6,0,7,1,9,2034,4,D,45,7750974.42072447,1,no
1074,6,0,7,1,9,2034,4,D,50,2909431.9275998,1,no
1075,6,0,7,1,9,2034,4,D,55,1007034.01441453,1,no
1076,6,0,7,1,9,2034,4,D,60,332005.760082039,1,no
1077,6,0,7,1,9,2034,4,D,65,106693.918432829,1,no
1078,6,0,7,1,9,2034,4,D,70,33926.3124383432,1,no
1079,6,0,7,1,9,2034,4,D,75,15721.4280062134,1,no
1080,6,0,7,1,9,2034,4,N,40,1979131.10523513,1,no
1081,6,0,7,1,9,2034,4,N,45,669526.273431218,1,no
1082,6,0,7,1,9,2034,4,N,50,217890.16842824,1,no
1083,6,0,7,1,9,2034,4,N,55,69625.7567220057,1,no
1084,6,0,7,1,9,2034,4,N,60,22094.2628883246,1,no
1085,6,0,7,1,9,2034,4,N,65,6994.63989270614,1,no
1086,6,0,7,1,9,2034,4,N,70,2212.68617835738,1,no
1087,6,0,7,1,9,2034,4,N,75,1023.44075300421,1,no
1088,6,0,7,1,9,2034,5,D,40,115649656.772844,1,no
1089,6,0,7,1,9,2034,5,D,45,63335545.8953498,1,no
1090,6,0,7,1,9,2034,5,D,50,33093688.811257,1,no
1091,6,0,7,1,9,2034,5,D,55,15699544.1561989,1,no
1092,6,0,7,1,9,2034,5,D,60,6544350.55611087,1,no
1093,6,0,7,1,9,2034,5,D,65,2456720.83311966,1,no
1094,6,0,7,1,9,2034,5,D,70,863323.416707028,1,no
1095,6,0,7,1,9,2034,5,D,75,426207.543724033,1,no
1096,6,0,7,1,9,2034,5,N,40,24604482.5857459,1,no
1097,6,0,7,1,9,2034,5,N,45,11068151.9419181,1,no
1098,6,0,7,1,9,2034,5,N,50,4392157.35962682,1,no
1099,6,0,7,1,9,2034,5,N,55,1598723.4449945,1,no
1100,6,0,7,1,9,2034,5,N,60,549614.550615595,1,no
1101,6,0,7,1,9,2034,5,N,65,181030.168201821,1,no
1102,6,0,7,1,9,2034,5,N,70,58167.0551144415,1,no
1103,6,0,7,1,9,2034,5,N,75,27065.6094811288,1,no
1104,6,0,7,1,9,2035,3,D,40,58207311.7134823,1,no
1105,6,0,7,1,9,2035,3,D,45,30066979.0253472,1,no
1106,6,0,7,1,9,2035,3,D,50,14057808.9590419,1,no
1107,6,0,7,1,9,2035,3,D,55,5865577.048453,1,no
1108,6,0,7,1,9,2035,3,D,60,2276402.12511612,1,no
1109,6,0,7,1,9,2035,3,D,65,847837.162263306,1,no
1110,6,0,7,1,9,2035,3,D,70,300191.670732444,1,no
1111,6,0,7,1,9,2035,3,D,75,148498.447800653,1,no
1112,6,0,7,1,9,2035,3,N,40,22373523.9974561,1,no
1113,6,0,7,1,9,2035,3,N,45,9966226.34197304,1,no
1114,6,0,7,1,9,2035,3,N,50,4011923.15974903,1,no
1115,6,0,7,1,9,2035,3,N,55,1529707.94650508,1,no
1116,6,0,7,1,9,2035,3,N,60,559220.714122324,1,no
1117,6,0,7,1,9,2035,3,N,65,193439.723824095,1,no
1118,6,0,7,1,9,2035,3,N,70,63774.2213995427,1,no
1119,6,0,7,1,9,2035,3,N,75,30015.3124321791,1,no
1120,6,0,7,1,9,2035,4,D,40,18295509.5873946,1,no
1121,6,0,7,1,9,2035,4,D,45,7776003.9288773,1,no
1122,6,0,7,1,9,2035,4,D,50,2919767.03190485,1,no
1123,6,0,7,1,9,2035,4,D,55,1010774.63070649,1,no
1124,6,0,7,1,9,2035,4,D,60,333265.685254135,1,no
1125,6,0,7,1,9,2035,4,D,65,107102.520390477,1,no
1126,6,0,7,1,9,2035,4,D,70,34056.6640470513,1,no
1127,6,0,7,1,9,2035,4,D,75,15781.9060955372,1,no
1128,6,0,7,1,9,2035,4,N,40,2006577.74143555,1,no
1129,6,0,7,1,9,2035,4,N,45,678973.23354487,1,no
1130,6,0,7,1,9,2035,4,N,50,220980.256716292,1,no
1131,6,0,7,1,9,2035,4,N,55,70614.8087906822,1,no
1132,6,0,7,1,9,2035,4,N,60,22408.2932881532,1,no
1133,6,0,7,1,9,2035,4,N,65,7094.07206731593,1,no
1134,6,0,7,1,9,2035,4,N,70,2244.14254424601,1,no
1135,6,0,7,1,9,2035,4,N,75,1037.99071262316,1,no
1136,6,0,7,1,9,2035,5,D,40,116632458.347814,1,no
1137,6,0,7,1,9,2035,5,D,45,63899685.2709608,1,no
1138,6,0,7,1,9,2035,5,D,50,33421660.1996777,1,no
1139,6,0,7,1,9,2035,5,D,55,15882639.3938199,1,no
1140,6,0,7,1,9,2035,5,D,60,6632636.34520917,1,no
1141,6,0,7,1,9,2035,5,D,65,2492798.30048453,1,no
1142,6,0,7,1,9,2035,5,D,70,876696.92451757,1,no
1143,6,0,7,1,9,2035,5,D,75,433123.209833267,1,no
1144,6,0,7,1,9,2035,5,N,40,24864498.1298027,1,no
1145,6,0,7,1,9,2035,5,N,45,11206249.1450633,1,no
1146,6,0,7,1,9,2035,5,N,50,4453942.65791231,1,no
1147,6,0,7,1,9,2035,5,N,55,1622774.75090096,1,no
1148,6,0,7,1,9,2035,5,N,60,558284.531257008,1,no
1149,6,0,7,1,9,2035,5,N,65,183976.332765171,1,no
1150,6,0,7,1,9,2035,5,N,70,59127.5613107377,1,no
1151,6,0,7,1,9,2035,5,N,75,27515.2322827048,1,no
1152,6,0,7,1,9,2036,3,D,40,57187939.8002243,1,no
1153,6,0,7,1,9,2036,3,D,45,29476206.4138115,1,no
1154,6,0,7,1,9,2036,3,D,50,13736074.6242937,1,no
1155,6,0,7,1,9,2036,3,D,55,5715529.93018883,1,no
1156,6,0,7,1,9,2036,3,D,60,2215154.16661965,1,no
1157,6,0,7,1,9,2036,3,D,65,824042.753693745,1,no
1158,6,0,7,1,9,2036,3,D,70,291297.538092708,1,no
1159,6,0,7,1,9,2036,3,D,75,143875.877165661,1,no
1160,6,0,7,1,9,2036,3,N,40,21905329.3831899,1,no
1161,6,0,7,1,9,2036,3,N,45,9725222.61193548,1,no
1162,6,0,7,1,9,2036,3,N,50,3906534.33116939,1,no
1163,6,0,7,1,9,2036,3,N,55,1487870.89754152,1,no
1164,6,0,7,1,9,2036,3,N,60,543166.820990093,1,no
1165,6,0,7,1,9,2036,3,N,65,187589.714381388,1,no
1166,6,0,7,1,9,2036,3,N,70,61781.5645502177,1,no
1167,6,0,7,1,9,2036,3,N,75,29062.5371378037,1,no
1168,6,0,7,1,9,2036,4,D,40,18338570.5606821,1,no
1169,6,0,7,1,9,2036,4,D,45,7797748.11333413,1,no
1170,6,0,7,1,9,2036,4,D,50,2929065.00223617,1,no
1171,6,0,7,1,9,2036,4,D,55,1014299.57326007,1,no
1172,6,0,7,1,9,2036,4,D,60,334493.965043312,1,no
1173,6,0,7,1,9,2036,4,D,65,107507.242792884,1,no
1174,6,0,7,1,9,2036,4,D,70,34186.5411417523,1,no
1175,6,0,7,1,9,2036,4,D,75,15842.296000466,1,no
1176,6,0,7,1,9,2036,4,N,40,2010564.97169821,1,no
1177,6,0,7,1,9,2036,4,N,45,680479.031451448,1,no
1178,6,0,7,1,9,2036,4,N,50,221500.622815781,1,no
1179,6,0,7,1,9,2036,4,N,55,70785.1805196437,1,no
1180,6,0,7,1,9,2036,4,N,60,22462.8151478356,1,no
1181,6,0,7,1,9,2036,4,N,65,7111.38139399672,1,no
1182,6,0,7,1,9,2036,4,N,70,2249.622822406,1,no
1183,6,0,7,1,9,2036,4,N,75,1040.5263255485,1,no
1184,6,0,7,1,9,2036,5,D,40,117612902.250908,1,no
1185,6,0,7,1,9,2036,5,D,45,64462310.4856335,1,no
1186,6,0,7,1,9,2036,5,D,50,33748768.1677855,1,no
1187,6,0,7,1,9,2036,5,D,55,16065497.0742147,1,no
1188,6,0,7,1,9,2036,5,D,60,6721032.59578264,1,no
1189,6,0,7,1,9,2036,5,D,65,2528990.09861147,1,no
1190,6,0,7,1,9,2036,5,D,70,890126.518436575,1,no
1191,6,0,7,1,9,2036,5,D,75,440075.232558671,1,no
1192,6,0,7,1,9,2036,5,N,40,25123911.4860663,1,no
1193,6,0,7,1,9,2036,5,N,45,11344308.3792637,1,no
1194,6,0,7,1,9,2036,5,N,50,4515865.86650106,1,no
1195,6,0,7,1,9,2036,5,N,55,1646914.43604958,1,no
1196,6,0,7,1,9,2036,5,N,60,566994.342850886,1,no
1197,6,0,7,1,9,2036,5,N,65,186938.295865183,1,no
1198,6,0,7,1,9,2036,5,N,70,60093.6186256838,1,no
1199,6,0,7,1,9,2036,5,N,75,27967.5392286769,1,no
1200,6,0,7,1,9,2037,3,D,40,56173760.4203637,1,no
1201,6,0,7,1,9,2037,3,D,45,28888687.5703423,1,no
1202,6,0,7,1,9,2037,3,D,50,13417192.7877896,1,no
1203,6,0,7,1,9,2037,3,D,55,5567514.1172,1,no
1204,6,0,7,1,9,2037,3,D,60,2154880.40165409,1,no
1205,6,0,7,1,9,2037,3,D,65,800644.840125103,1,no
1206,6,0,7,1,9,2037,3,D,70,282565.285481843,1,no
1207,6,0,7,1,9,2037,3,D,75,139348.109551586,1,no
1208,6,0,7,1,9,2037,3,N,40,21440714.0553511,1,no
1209,6,0,7,1,9,2037,3,N,45,9487113.86080677,1,no
1210,6,0,7,1,9,2037,3,N,50,3802824.34277689,1,no
1211,6,0,7,1,9,2037,3,N,55,1446753.94091215,1,no
1212,6,0,7,1,9,2037,3,N,60,527402.125248183,1,no
1213,6,0,7,1,9,2037,3,N,65,181855.481339101,1,no
1214,6,0,7,1,9,2037,3,N,70,59831.5017067176,1,no
1215,6,0,7,1,9,2037,3,N,75,28131.0001005742,1,no
1216,6,0,7,1,9,2037,4,D,40,18382998.3128374,1,no
1217,6,0,7,1,9,2037,4,D,45,7820266.73749219,1,no
1218,6,0,7,1,9,2037,4,D,50,2938778.37128099,1,no
1219,6,0,7,1,9,2037,4,D,55,1018022.41857613,1,no
1220,6,0,7,1,9,2037,4,D,60,335801.517107046,1,no
1221,6,0,7,1,9,2037,4,D,65,107939.710689405,1,no
1222,6,0,7,1,9,2037,4,D,70,34325.5177947882,1,no
1223,6,0,7,1,9,2037,4,D,75,15906.949527816,1,no
1224,6,0,7,1,9,2037,4,N,40,2014979.56036024,1,no
1225,6,0,7,1,9,2037,4,N,45,682176.981020365,1,no
1226,6,0,7,1,9,2037,4,N,50,222093.398110067,1,no
1227,6,0,7,1,9,2037,4,N,55,70980.0813877186,1,no
1228,6,0,7,1,9,2037,4,N,60,22525.2753361605,1,no
1229,6,0,7,1,9,2037,4,N,65,7131.21811108979,1,no
1230,6,0,7,1,9,2037,4,N,70,2255.9045554784,1,no
1231,6,0,7,1,9,2037,4,N,75,1043.43290169987,1,no
1232,6,0,7,1,9,2037,5,D,40,118605511.761037,1,no
1233,6,0,7,1,9,2037,5,D,45,65031797.9526523,1,no
1234,6,0,7,1,9,2037,5,D,50,34079853.9189026,1,no
1235,6,0,7,1,9,2037,5,D,55,16250816.7934291,1,no
1236,6,0,7,1,9,2037,5,D,60,6810850.01144475,1,no
1237,6,0,7,1,9,2037,5,D,65,2565833.86808858,1,no
1238,6,0,7,1,9,2037,5,D,70,903812.218928881,1,no
1239,6,0,7,1,9,2037,5,D,75,447167.326383689,1,no
1240,6,0,7,1,9,2037,5,N,40,25386563.7708958,1,no
1241,6,0,7,1,9,2037,5,N,45,11484368.0051643,1,no
1242,6,0,7,1,9,2037,5,N,50,4578843.70062737,1,no
1243,6,0,7,1,9,2037,5,N,55,1671501.04992736,1,no
1244,6,0,7,1,9,2037,5,N,60,575873.435706782,1,no
1245,6,0,7,1,9,2037,5,N,65,189960.099770143,1,no
1246,6,0,7,1,9,2037,5,N,70,61079.6284977715,1,no
1247,6,0,7,1,9,2037,5,N,75,28429.272215469,1,no
1248,6,0,7,1,9,2038,3,D,40,55134511.4199949,1,no
1249,6,0,7,1,9,2038,3,D,45,28286950.7281424,1,no
1250,6,0,7,1,9,2038,3,D,50,13091755.9762882,1,no
1251,6,0,7,1,9,2038,3,D,55,5417181.53409821,1,no
1252,6,0,7,1,9,2038,3,D,60,2093808.23627672,1,no
1253,6,0,7,1,9,2038,3,D,65,776955.544227626,1,no
1254,6,0,7,1,9,2038,3,D,70,273738.722567142,1,no
1255,6,0,7,1,9,2038,3,D,75,134782.35598337,1,no
1256,6,0,7,1,9,2038,3,N,40,20966072.9499751,1,no
1257,6,0,7,1,9,2038,3,N,45,9244980.50948695,1,no
1258,6,0,7,1,9,2038,3,N,50,3697780.50077535,1,no
1259,6,0,7,1,9,2038,3,N,55,1405159.47518501,1,no
1260,6,0,7,1,9,2038,3,N,60,511467.698437279,1,no
1261,6,0,7,1,9,2038,3,N,65,176070.18546594,1,no
1262,6,0,7,1,9,2038,3,N,70,57867.309353544,1,no
1263,6,0,7,1,9,2038,3,N,75,27193.5745784155,1,no
1264,6,0,7,1,9,2038,4,D,40,18406990.9823504,1,no
1265,6,0,7,1,9,2038,4,D,45,7832617.72540812,1,no
1266,6,0,7,1,9,2038,4,D,50,2944313.08402307,1,no
1267,6,0,7,1,9,2038,4,D,55,1020244.15574304,1,no
1268,6,0,7,1,9,2038,4,D,60,336606.733892256,1,no
1269,6,0,7,1,9,2038,4,D,65,108209.798717371,1,no
1270,6,0,7,1,9,2038,4,D,70,34412.7418559152,1,no
1271,6,0,7,1,9,2038,4,D,75,15947.6035026245,1,no
1272,6,0,7,1,9,2038,4,N,40,2014311.04700959,1,no
1273,6,0,7,1,9,2038,4,N,45,682097.487925948,1,no
1274,6,0,7,1,9,2038,4,N,50,222099.141731928,1,no
1275,6,0,7,1,9,2038,4,N,55,70986.3041742865,1,no
1276,6,0,7,1,9,2038,4,N,60,22527.7438615885,1,no
1277,6,0,7,1,9,2038,4,N,65,7132.05109410612,1,no
1278,6,0,7,1,9,2038,4,N,70,2256.17309078962,1,no
1279,6,0,7,1,9,2038,4,N,75,1043.55803748461,1,no
1280,6,0,7,1,9,2038,5,D,40,119605356.270778,1,no
1281,6,0,7,1,9,2038,5,D,45,65605313.78686,1,no
1282,6,0,7,1,9,2038,5,D,50,34413266.076466,1,no
1283,6,0,7,1,9,2038,5,D,55,16437679.8730935,1,no
1284,6,0,7,1,9,2038,5,D,60,6901648.6285724,1,no
1285,6,0,7,1,9,2038,5,D,65,2603152.66022824,1,no
1286,6,0,7,1,9,2038,5,D,70,917688.414416205,1,no
1287,6,0,7,1,9,2038,5,D,75,454365.843176062,1,no
1288,6,0,7,1,9,2038,5,N,40,25651154.0049938,1,no
1289,6,0,7,1,9,2038,5,N,45,11625741.0856069,1,no
1290,6,0,7,1,9,2038,5,N,50,4642569.81773756,1,no
1291,6,0,7,1,9,2038,5,N,55,1696416.4930166,1,no
1292,6,0,7,1,9,2038,5,N,60,584879.393795405,1,no
1293,6,0,7,1,9,2038,5,N,65,193027.473732704,1,no
1294,6,0,7,1,9,2038,5,N,70,62080.9211825192,1,no
1295,6,0,7,1,9,2038,5,N,75,28898.2587909221,1,no
1296,6,0,7,1,9,2039,3,D,40,54155445.9737239,1,no
1297,6,0,7,1,9,2039,3,D,45,27720374.2720752,1,no
1298,6,0,7,1,9,2039,3,D,50,12786448.2327559,1,no
1299,6,0,7,1,9,2039,3,D,55,5276826.46000274,1,no
1300,6,0,7,1,9,2039,3,D,60,2036924.06983306,1,no
1301,6,0,7,1,9,2039,3,D,65,754910.546153594,1,no
1302,6,0,7,1,9,2039,3,D,70,265539.335404215,1,no
1303,6,0,7,1,9,2039,3,D,75,130551.273230012,1,no
1304,6,0,7,1,9,2039,3,N,40,20518253.8596367,1,no
1305,6,0,7,1,9,2039,3,N,45,9017597.62974747,1,no
1306,6,0,7,1,9,2039,3,N,50,3599549.58098669,1,no
1307,6,0,7,1,9,2039,3,N,55,1366328.96806551,1,no
1308,6,0,7,1,9,2039,3,N,60,496613.517530897,1,no
1309,6,0,7,1,9,2039,3,N,65,170689.292820117,1,no
1310,6,0,7,1,9,2039,3,N,70,56043.705271187,1,no
1311,6,0,7,1,9,2039,3,N,75,26324.0981046219,1,no
1312,6,0,7,1,9,2039,4,D,40,18450246.3641648,1,no
1313,6,0,7,1,9,2039,4,D,45,7854683.12854178,1,no
1314,6,0,7,1,9,2039,4,D,50,2953979.86430782,1,no
1315,6,0,7,1,9,2039,4,D,55,1024022.29787944,1,no
1316,6,0,7,1,9,2039,4,D,60,337952.501834834,1,no
1317,6,0,7,1,9,2039,4,D,65,108657.808550348,1,no
1318,6,0,7,1,9,2039,4,D,70,34557.0498068642,1,no
1319,6,0,7,1,9,2039,4,D,75,16014.7969134468,1,no
1320,6,0,7,1,9,2039,4,N,40,2020879.78463411,1,no
1321,6,0,7,1,9,2039,4,N,45,684572.125106035,1,no
1322,6,0,7,1,9,2039,4,N,50,222953.825027963,1,no
1323,6,0,7,1,9,2039,4,N,55,71266.1410907124,1,no
1324,6,0,7,1,9,2039,4,N,60,22617.3004369312,1,no
1325,6,0,7,1,9,2039,4,N,65,7160.48083751287,1,no
1326,6,0,7,1,9,2039,4,N,70,2265.17467873901,1,no
1327,6,0,7,1,9,2039,4,N,75,1047.72270780578,1,no
1328,6,0,7,1,9,2039,5,D,40,120576131.35707,1,no
1329,6,0,7,1,9,2039,5,D,45,66162005.0017249,1,no
1330,6,0,7,1,9,2039,5,D,50,34736898.7541422,1,no
1331,6,0,7,1,9,2039,5,D,55,16619286.1848851,1,no
1332,6,0,7,1,9,2039,5,D,60,6990112.52680373,1,no
1333,6,0,7,1,9,2039,5,D,65,2639581.78460748,1,no
1334,6,0,7,1,9,2039,5,D,70,931247.670640149,1,no
1335,6,0,7,1,9,2039,5,D,75,461407.260792736,1,no
1336,6,0,7,1,9,2039,5,N,40,25908049.894313,1,no
1337,6,0,7,1,9,2039,5,N,45,11763272.6618493,1,no
1338,6,0,7,1,9,2039,5,N,50,4704716.38820529,1,no
1339,6,0,7,1,9,2039,5,N,55,1720749.77145203,1,no
1340,6,0,7,1,9,2039,5,N,60,593683.003308057,1,no
1341,6,0,7,1,9,2039,5,N,65,196028.067128998,1,no
1342,6,0,7,1,9,2039,5,N,70,63060.8586665452,1,no
1343,6,0,7,1,9,2039,5,N,75,29357.3252360484,1,no
1344,6,0,7,1,9,2040,3,D,40,53186771.0702252,1,no
1345,6,0,7,1,9,2040,3,D,45,27160159.7317311,1,no
1346,6,0,7,1,9,2040,3,D,50,12485668.747038,1,no
1347,6,0,7,1,9,2040,3,D,55,5139193.25802785,1,no
1348,6,0,7,1,9,2040,3,D,60,1981263.94580891,1,no
1349,6,0,7,1,9,2040,3,D,65,733356.321672037,1,no
1350,6,0,7,1,9,2040,3,D,70,257535.647366398,1,no
1351,6,0,7,1,9,2040,3,D,75,126430.61230092,1,no
1352,6,0,7,1,9,2040,3,N,40,20076656.2409802,1,no
1353,6,0,7,1,9,2040,3,N,45,8794396.96836985,1,no
1354,6,0,7,1,9,2040,3,N,50,3503486.08095006,1,no
1355,6,0,7,1,9,2040,3,N,55,1328396.14399017,1,no
1356,6,0,7,1,9,2040,3,N,60,482114.842290946,1,no
1357,6,0,7,1,9,2040,3,N,65,165446.677458878,1,no
1358,6,0,7,1,9,2040,3,N,70,54269.6931026508,1,no
1359,6,0,7,1,9,2040,3,N,75,25478.9879145444,1,no
1360,6,0,7,1,9,2040,4,D,40,18502677.2324257,1,no
1361,6,0,7,1,9,2040,4,D,45,7881375.51035861,1,no
1362,6,0,7,1,9,2040,4,D,50,2965609.45642421,1,no
1363,6,0,7,1,9,2040,4,D,55,1028536.61485059,1,no
1364,6,0,7,1,9,2040,4,D,60,339553.400035462,1,no
1365,6,0,7,1,9,2040,4,D,65,109189.771088383,1,no
1366,6,0,7,1,9,2040,4,D,70,34728.2936104711,1,no
1367,6,0,7,1,9,2040,4,D,75,16094.5128630232,1,no
1368,6,0,7,1,9,2040,4,N,40,2046749.84956254,1,no
1369,6,0,7,1,9,2040,4,N,45,693700.448724078,1,no
1370,6,0,7,1,9,2040,4,N,50,225986.891937185,1,no
1371,6,0,7,1,9,2040,4,N,55,72243.5182965644,1,no
1372,6,0,7,1,9,2040,4,N,60,22928.360349464,1,no
1373,6,0,7,1,9,2040,4,N,65,7259.0526209627,1,no
1374,6,0,7,1,9,2040,4,N,70,2296.36603135209,1,no
1375,6,0,7,1,9,2040,4,N,75,1062.15144462465,1,no
1376,6,0,7,1,9,2040,5,D,40,121537179.083984,1,no
1377,6,0,7,1,9,2040,5,D,45,66713020.2224467,1,no
1378,6,0,7,1,9,2040,5,D,50,35057207.1630669,1,no
1379,6,0,7,1,9,2040,5,D,55,16799242.0662563,1,no
1380,6,0,7,1,9,2040,5,D,60,7077983.75936165,1,no
1381,6,0,7,1,9,2040,5,D,65,2675835.81209996,1,no
1382,6,0,7,1,9,2040,5,D,70,944755.286242344,1,no
1383,6,0,7,1,9,2040,5,D,75,468428.997559255,1,no
1384,6,0,7,1,9,2040,5,N,40,26162382.9667855,1,no
1385,6,0,7,1,9,2040,5,N,45,11899680.9732237,1,no
1386,6,0,7,1,9,2040,5,N,50,4766505.74275556,1,no
1387,6,0,7,1,9,2040,5,N,55,1744977.556443,1,no
1388,6,0,7,1,9,2040,5,N,60,602456.001639185,1,no
1389,6,0,7,1,9,2040,5,N,65,199020.49569225,1,no
1390,6,0,7,1,9,2040,5,N,70,64038.507109058,1,no
1391,6,0,7,1,9,2040,5,N,75,29815.4165640658,1,no
1392,6,0,7,1,9,2041,3,D,40,52276800.2053961,1,no
1393,6,0,7,1,9,2041,3,D,45,26634233.9248838,1,no
1394,6,0,7,1,9,2041,3,D,50,12204335.1541428,1,no
1395,6,0,7,1,9,2041,3,D,55,5011040.22670463,1,no
1396,6,0,7,1,9,2041,3,D,60,1929544.3586701,1,no
1397,6,0,7,1,9,2041,3,D,65,713344.350955827,1,no
1398,6,0,7,1,9,2041,3,D,70,250117.063600685,1,no
1399,6,0,7,1,9,2041,3,D,75,122619.720012403,1,no
1400,6,0,7,1,9,2041,3,N,40,19662558.0579694,1,no
1401,6,0,7,1,9,2041,3,N,45,8586046.4312591,1,no
1402,6,0,7,1,9,2041,3,N,50,3414145.3897233,1,no
1403,6,0,7,1,9,2041,3,N,55,1293160.37509857,1,no
1404,6,0,7,1,9,2041,3,N,60,468661.473700939,1,no
1405,6,0,7,1,9,2041,3,N,65,160591.43501274,1,no
1406,6,0,7,1,9,2041,3,N,70,52629.3352104924,1,no
1407,6,0,7,1,9,2041,3,N,75,24698.2084411362,1,no
1408,6,0,7,1,9,2041,4,D,40,18544683.4041728,1,no
1409,6,0,7,1,9,2041,4,D,45,7902963.451242,1,no
1410,6,0,7,1,9,2041,4,D,50,2975229.3504803,1,no
1411,6,0,7,1,9,2041,4,D,55,1032376.11029608,1,no
1412,6,0,7,1,9,2041,4,D,60,340941.204256783,1,no
1413,6,0,7,1,9,2041,4,D,65,109654.929177503,1,no
1414,6,0,7,1,9,2041,4,D,70,34878.4984729919,1,no
1415,6,0,7,1,9,2041,4,D,75,16164.5133923396,1,no
1416,6,0,7,1,9,2041,4,N,40,2048910.88596648,1,no
1417,6,0,7,1,9,2041,4,N,45,694702.543506005,1,no
1418,6,0,7,1,9,2041,4,N,50,226369.847350344,1,no
1419,6,0,7,1,9,2041,4,N,55,72373.7886093633,1,no
1420,6,0,7,1,9,2041,4,N,60,22970.5903344298,1,no
1421,6,0,7,1,9,2041,4,N,65,7272.5134928403,1,no
1422,6,0,7,1,9,2041,4,N,70,2300.63428417653,1,no
1423,6,0,7,1,9,2041,4,N,75,1064.12704101157,1,no
1424,6,0,7,1,9,2041,5,D,40,122398728.237815,1,no
1425,6,0,7,1,9,2041,5,D,45,67206869.4415836,1,no
1426,6,0,7,1,9,2041,5,D,50,35344277.8628954,1,no
1427,6,0,7,1,9,2041,5,D,55,16960693.2128547,1,no
1428,6,0,7,1,9,2041,5,D,60,7157001.71459924,1,no
1429,6,0,7,1,9,2041,5,D,65,2708494.19502038,1,no
1430,6,0,7,1,9,2041,5,D,70,956934.883502179,1,no
1431,6,0,7,1,9,2041,5,D,75,474766.436380923,1,no
1432,6,0,7,1,9,2041,5,N,40,26390377.9884655,1,no
1433,6,0,7,1,9,2041,5,N,45,12022176.4513905,1,no
1434,6,0,7,1,9,2041,5,N,50,4822117.42454042,1,no
1435,6,0,7,1,9,2041,5,N,55,1766812.33093189,1,no
1436,6,0,7,1,9,2041,5,N,60,610369.003932858,1,no
1437,6,0,7,1,9,2041,5,N,65,201721.425675904,1,no
1438,6,0,7,1,9,2041,5,N,70,64921.2959255724,1,no
1439,6,0,7,1,9,2041,5,N,75,30229.129294347,1,no
1440,6,0,7,1,9,2042,3,D,40,51394823.8370497,1,no
1441,6,0,7,1,9,2042,3,D,45,26124846.0511424,1,no
1442,6,0,7,1,9,2042,3,D,50,11932835.4304869,1,no
1443,6,0,7,1,9,2042,3,D,55,4887901.78878921,1,no
1444,6,0,7,1,9,2042,3,D,60,1879945.28719119,1,no
1445,6,0,7,1,9,2042,3,D,65,694167.577225775,1,no
1446,6,0,7,1,9,2042,3,D,70,243019.835731482,1,no
1447,6,0,7,1,9,2042,3,D,75,118981.710689894,1,no
1448,6,0,7,1,9,2042,3,N,40,19261940.3263267,1,no
1449,6,0,7,1,9,2042,3,N,45,8385366.6016685,1,no
1450,6,0,7,1,9,2042,3,N,50,3328395.84554136,1,no
1451,6,0,7,1,9,2042,3,N,55,1259378.95090724,1,no
1452,6,0,7,1,9,2042,3,N,60,455776.813105048,1,no
1453,6,0,7,1,9,2042,3,N,65,155950.170050778,1,no
1454,6,0,7,1,9,2042,3,N,70,51063.6024264086,1,no
1455,6,0,7,1,9,2042,3,N,75,23953.540790873,1,no
1456,6,0,7,1,9,2042,4,D,40,18587165.6290152,1,no
1457,6,0,7,1,9,2042,4,D,45,7924808.65822333,1,no
1458,6,0,7,1,9,2042,4,D,50,2984975.49734216,1,no
1459,6,0,7,1,9,2042,4,D,55,1036271.45739924,1,no
1460,6,0,7,1,9,2042,4,D,60,342351.138600074,1,no
1461,6,0,7,1,9,2042,4,D,65,110127.85223554,1,no
1462,6,0,7,1,9,2042,4,D,70,35031.2568629632,1,no
1463,6,0,7,1,9,2042,4,D,75,16235.714193383,1,no
1464,6,0,7,1,9,2042,4,N,40,2053322.82547814,1,no
1465,6,0,7,1,9,2042,4,N,45,696482.46933806,1,no
1466,6,0,7,1,9,2042,4,N,50,227008.062994072,1,no
1467,6,0,7,1,9,2042,4,N,55,72585.9023939434,1,no
1468,6,0,7,1,9,2042,4,N,60,23038.8225818335,1,no
1469,6,0,7,1,9,2042,4,N,65,7294.21019401984,1,no
1470,6,0,7,1,9,2042,4,N,70,2307.50753477772,1,no
1471,6,0,7,1,9,2042,4,N,75,1067.30774818629,1,no
1472,6,0,7,1,9,2042,5,D,40,123276909.761573,1,no
1473,6,0,7,1,9,2042,5,D,45,67710192.5361147,1,no
1474,6,0,7,1,9,2042,5,D,50,35636830.7650699,1,no
1475,6,0,7,1,9,2042,5,D,55,17125399.4538882,1,no
1476,6,0,7,1,9,2042,5,D,60,7237783.96312364,1,no
1477,6,0,7,1,9,2042,5,D,65,2741938.97286264,1,no
1478,6,0,7,1,9,2042,5,D,70,969418.82917789,1,no
1479,6,0,7,1,9,2042,5,D,75,481268.21094144,1,no
1480,6,0,7,1,9,2042,5,N,40,26622788.2125399,1,no
1481,6,0,7,1,9,2042,5,N,45,12147243.4223563,1,no
1482,6,0,7,1,9,2042,5,N,50,4879018.65665521,1,no
1483,6,0,7,1,9,2042,5,N,55,1789182.12252265,1,no
1484,6,0,7,1,9,2042,5,N,60,618482.368234954,1,no
1485,6,0,7,1,9,2042,5,N,65,204492.540431923,1,no
1486,6,0,7,1,9,2042,5,N,70,65827.3757948574,1,no
1487,6,0,7,1,9,2042,5,N,75,30653.8244787138,1,no
1488,6,0,7,1,9,2043,3,D,40,50564583.8833505,1,no
1489,6,0,7,1,9,2043,3,D,45,25645702.01832,1,no
1490,6,0,7,1,9,2043,3,D,50,11678360.0833452,1,no
1491,6,0,7,1,9,2043,3,D,55,4772966.07899632,1,no
1492,6,0,7,1,9,2043,3,D,60,1833731.71150918,1,no
1493,6,0,7,1,9,2043,3,D,65,676312.474799961,1,no
1494,6,0,7,1,9,2043,3,D,70,236422.100890449,1,no
1495,6,0,7,1,9,2043,3,D,75,115606.629460949,1,no
1496,6,0,7,1,9,2043,3,N,40,18886299.6370692,1,no
1497,6,0,7,1,9,2043,3,N,45,8198002.94966561,1,no
1498,6,0,7,1,9,2043,3,N,50,3248591.04102912,1,no
1499,6,0,7,1,9,2043,3,N,55,1227964.6793428,1,no
1500,6,0,7,1,9,2043,3,N,60,443804.462160899,1,no
1501,6,0,7,1,9,2043,3,N,65,151644.646773951,1,no
1502,6,0,7,1,9,2043,3,N,70,49613.0745588823,1,no
1503,6,0,7,1,9,2043,3,N,75,23264.1608588105,1,no
1504,6,0,7,1,9,2043,4,D,40,18626381.8097604,1,no
1505,6,0,7,1,9,2043,4,D,45,7945024.23895689,1,no
1506,6,0,7,1,9,2043,4,D,50,2994048.5207227,1,no
1507,6,0,7,1,9,2043,4,D,55,1039924.88534763,1,no
1508,6,0,7,1,9,2043,4,D,60,343680.469270429,1,no
1509,6,0,7,1,9,2043,4,D,65,110574.834595669,1,no
1510,6,0,7,1,9,2043,4,D,70,35175.7671429103,1,no
1511,6,0,7,1,9,2043,4,D,75,16303.0939817313,1,no
1512,6,0,7,1,9,2043,4,N,40,2055282.45307673,1,no
1513,6,0,7,1,9,2043,4,N,45,697438.278606367,1,no
1514,6,0,7,1,9,2043,4,N,50,227381.255316781,1,no
1515,6,0,7,1,9,2043,4,N,55,72713.8572064366,1,no
1516,6,0,7,1,9,2043,4,N,60,23080.4074108635,1,no
1517,6,0,7,1,9,2043,4,N,65,7307.47789891368,1,no
1518,6,0,7,1,9,2043,4,N,70,2311.71486887285,1,no
1519,6,0,7,1,9,2043,4,N,75,1069.25558663588,1,no
1520,6,0,7,1,9,2043,5,D,40,124144314.570874,1,no
1521,6,0,7,1,9,2043,5,D,45,68207228.263065,1,no
1522,6,0,7,1,9,2043,5,D,50,35925712.9165591,1,no
1523,6,0,7,1,9,2043,5,D,55,17288197.9402823,1,no
1524,6,0,7,1,9,2043,5,D,60,7317801.88752721,1,no
1525,6,0,7,1,9,2043,5,D,65,2775123.63317602,1,no
1526,6,0,7,1,9,2043,5,D,70,981816.821799007,1,no
1527,6,0,7,1,9,2043,5,D,75,487731.12693577,1,no
1528,6,0,7,1,9,2043,5,N,40,26852334.6349529,1,no
1529,6,0,7,1,9,2043,5,N,45,12270965.2966912,1,no
1530,6,0,7,1,9,2043,5,N,50,4935428.16128016,1,no
1531,6,0,7,1,9,2043,5,N,55,1811388.0074304,1,no
1532,6,0,7,1,9,2043,5,N,60,626542.347751729,1,no
1533,6,0,7,1,9,2043,5,N,65,207247.259321588,1,no
1534,6,0,7,1,9,2043,5,N,70,66728.4195980986,1,no
1535,6,0,7,1,9,2043,5,N,75,31076.2452127836,1,no
1536,6,0,7,1,9,2044,3,D,40,49821624.5845314,1,no
1537,6,0,7,1,9,2044,3,D,45,25217244.8362797,1,no
1538,6,0,7,1,9,2044,3,D,50,11451578.7665242,1,no
1539,6,0,7,1,9,2044,3,D,55,4670934.36541317,1,no
1540,6,0,7,1,9,2044,3,D,60,1792775.21328562,1,no
1541,6,0,7,1,9,2044,3,D,65,660500.843767785,1,no
1542,6,0,7,1,9,2044,3,D,70,230588.645941133,1,no
1543,6,0,7,1,9,2044,3,D,75,112628.228675702,1,no
1544,6,0,7,1,9,2044,3,N,40,18550084.033944,1,no
1545,6,0,7,1,9,2044,3,N,45,8030989.64365481,1,no
1546,6,0,7,1,9,2044,3,N,50,3177681.7336287,1,no
1547,6,0,7,1,9,2044,3,N,55,1200085.06024953,1,no
1548,6,0,7,1,9,2044,3,N,60,433192.703618346,1,no
1549,6,0,7,1,9,2044,3,N,65,147835.629857542,1,no
1550,6,0,7,1,9,2044,3,N,70,48331.6064651493,1,no
1551,6,0,7,1,9,2044,3,N,75,22655.5683925078,1,no
1552,6,0,7,1,9,2044,4,D,40,18678561.3480598,1,no
1553,6,0,7,1,9,2044,4,D,45,7971733.74962628,1,no
1554,6,0,7,1,9,2044,4,D,50,3005818.89884022,1,no
1555,6,0,7,1,9,2044,4,D,55,1044561.617559,1,no
1556,6,0,7,1,9,2044,4,D,60,345343.599093657,1,no
1557,6,0,7,1,9,2044,4,D,65,111130.569424177,1,no
1558,6,0,7,1,9,2044,4,D,70,35355.04208251,1,no
1559,6,0,7,1,9,2044,4,D,75,16386.6159451636,1,no
1560,6,0,7,1,9,2044,4,N,40,2063231.49393927,1,no
1561,6,0,7,1,9,2044,4,N,45,700451.124766387,1,no
1562,6,0,7,1,9,2044,4,N,50,228426.612853094,1,no
1563,6,0,7,1,9,2044,4,N,55,73056.8396434281,1,no
1564,6,0,7,1,9,2044,4,N,60,23190.2605536901,1,no
1565,6,0,7,1,9,2044,4,N,65,7342.36047496907,1,no
1566,6,0,7,1,9,2044,4,N,70,2322.76045067792,1,no
1567,6,0,7,1,9,2044,4,N,75,1074.36624256617,1,no
1568,6,0,7,1,9,2044,5,D,40,124990529.067276,1,no
1569,6,0,7,1,9,2044,5,D,45,68692029.790401,1,no
1570,6,0,7,1,9,2044,5,D,50,36207473.341971,1,no
1571,6,0,7,1,9,2044,5,D,55,17447130.4378568,1,no
1572,6,0,7,1,9,2044,5,D,60,7396083.83351288,1,no
1573,6,0,7,1,9,2044,5,D,65,2807642.71027463,1,no
1574,6,0,7,1,9,2044,5,D,70,993976.813675889,1,no
1575,6,0,7,1,9,2044,5,D,75,494075.577622726,1,no
1576,6,0,7,1,9,2044,5,N,40,27076266.4876858,1,no
1577,6,0,7,1,9,2044,5,N,45,12391850.7964159,1,no
1578,6,0,7,1,9,2044,5,N,50,4990657.9099851,1,no
1579,6,0,7,1,9,2044,5,N,55,1833157.1979112,1,no
1580,6,0,7,1,9,2044,5,N,60,634450.019944569,1,no
1581,6,0,7,1,9,2044,5,N,65,209951.609783319,1,no
1582,6,0,7,1,9,2044,5,N,70,67613.3245336147,1,no
1583,6,0,7,1,9,2044,5,N,75,31491.1721745536,1,no
1584,6,0,7,1,9,2045,3,D,40,49155716.5833662,1,no
1585,6,0,7,1,9,2045,3,D,45,24833498.7569744,1,no
1586,6,0,7,1,9,2045,3,D,50,11249098.1478951,1,no
1587,6,0,7,1,9,2045,3,D,55,4580152.38514957,1,no
1588,6,0,7,1,9,2045,3,D,60,1756389.26416431,1,no
1589,6,0,7,1,9,2045,3,D,65,646463.545775376,1,no
1590,6,0,7,1,9,2045,3,D,70,225417.347225108,1,no
1591,6,0,7,1,9,2045,3,D,75,109992.450169364,1,no
1592,6,0,7,1,9,2045,3,N,40,18248457.5842359,1,no
1593,6,0,7,1,9,2045,3,N,45,7881718.94828459,1,no
1594,6,0,7,1,9,2045,3,N,50,3114489.42541589,1,no
1595,6,0,7,1,9,2045,3,N,55,1175267.63208032,1,no
1596,6,0,7,1,9,2045,3,N,60,423758.005934914,1,no
1597,6,0,7,1,9,2045,3,N,65,144454.98220537,1,no
1598,6,0,7,1,9,2045,3,N,70,47195.677812763,1,no
1599,6,0,7,1,9,2045,3,N,75,22116.4398639045,1,no
1600,6,0,7,1,9,2045,4,D,40,18740754.6687448,1,no
1601,6,0,7,1,9,2045,4,D,45,8003439.2285145,1,no
1602,6,0,7,1,9,2045,4,D,50,3019636.97066094,1,no
1603,6,0,7,1,9,2045,4,D,55,1049929.98527652,1,no
1604,6,0,7,1,9,2045,4,D,60,347251.180422255,1,no
1605,6,0,7,1,9,2045,4,D,65,111765.420748407,1,no
1606,6,0,7,1,9,2045,4,D,70,35559.542315464,1,no
1607,6,0,7,1,9,2045,4,D,75,16481.8369894462,1,no
1608,6,0,7,1,9,2045,4,N,40,2090496.2439339,1,no
1609,6,0,7,1,9,2045,4,N,45,710113.050812709,1,no
1610,6,0,7,1,9,2045,4,N,50,231646.593218426,1,no
1611,6,0,7,1,9,2045,4,N,55,74095.9186032164,1,no
1612,6,0,7,1,9,2045,4,N,60,23521.1247342309,1,no
1613,6,0,7,1,9,2045,4,N,65,7447.22624327256,1,no
1614,6,0,7,1,9,2045,4,N,70,2355.94511047061,1,no
1615,6,0,7,1,9,2045,4,N,75,1089.717295615,1,no
1616,6,0,7,1,9,2045,5,D,40,125826097.624612,1,no
1617,6,0,7,1,9,2045,5,D,45,69170646.4679298,1,no
1618,6,0,7,1,9,2045,5,D,50,36485618.319432,1,no
1619,6,0,7,1,9,2045,5,D,55,17604167.5825009,1,no
1620,6,0,7,1,9,2045,5,D,60,7473586.4340886,1,no
1621,6,0,7,1,9,2045,5,D,65,2839891.20006894,1,no
1622,6,0,7,1,9,2045,5,D,70,1006046.09883301,1,no
1623,6,0,7,1,9,2045,5,D,75,500378.211396941,1,no
1624,6,0,7,1,9,2045,5,N,40,27297371.2987671,1,no
1625,6,0,7,1,9,2045,5,N,45,12511382.877537,1,no
1626,6,0,7,1,9,2045,5,N,50,5045384.25257467,1,no
1627,6,0,7,1,9,2045,5,N,55,1854753.96973388,1,no
1628,6,0,7,1,9,2045,5,N,60,642301.013658544,1,no
1629,6,0,7,1,9,2045,5,N,65,212638.294478949,1,no
1630,6,0,7,1,9,2045,5,N,70,68492.7883003581,1,no
1631,6,0,7,1,9,2045,5,N,75,31903.6080549005,1,no
1632,6,0,7,1,9,2046,3,D,40,48606156.6974342,1,no
1633,6,0,7,1,9,2046,3,D,45,24517013.7696633,1,no
1634,6,0,7,1,9,2046,3,D,50,11082565.636343,1,no
1635,6,0,7,1,9,2046,3,D,55,4505709.41056512,1,no
1636,6,0,7,1,9,2046,3,D,60,1726586.80720803,1,no
1637,6,0,7,1,9,2046,3,D,65,634972.22496419,1,no
1638,6,0,7,1,9,2046,3,D,70,221188.901985691,1,no
1639,6,0,7,1,9,2046,3,D,75,107840.35147929,1,no
1640,6,0,7,1,9,2046,3,N,40,18000569.3140219,1,no
1641,6,0,7,1,9,2046,3,N,45,7759432.79123905,1,no
1642,6,0,7,1,9,2046,3,N,50,3062831.71213913,1,no
1643,6,0,7,1,9,2046,3,N,55,1154988.5115863,1,no
1644,6,0,7,1,9,2046,3,N,60,416052.556163463,1,no
1645,6,0,7,1,9,2046,3,N,65,141697.12146285,1,no
1646,6,0,7,1,9,2046,3,N,70,46269.8642120593,1,no
1647,6,0,7,1,9,2046,3,N,75,21677.2460788344,1,no
1648,6,0,7,1,9,2046,4,D,40,18793412.673328,1,no
1649,6,0,7,1,9,2046,4,D,45,8030402.60820218,1,no
1650,6,0,7,1,9,2046,4,D,50,3031514.49941299,1,no
1651,6,0,7,1,9,2046,4,D,55,1054606.61766622,1,no
1652,6,0,7,1,9,2046,4,D,60,348929.208153394,1,no
1653,6,0,7,1,9,2046,4,D,65,112326.413544821,1,no
1654,6,0,7,1,9,2046,4,D,70,35740.5453238775,1,no
1655,6,0,7,1,9,2046,4,D,75,16566.1731693898,1,no
1656,6,0,7,1,9,2046,4,N,40,2096337.91772853,1,no
1657,6,0,7,1,9,2046,4,N,45,712404.861632614,1,no
1658,6,0,7,1,9,2046,4,N,50,232457.481428105,1,no
1659,6,0,7,1,9,2046,4,N,55,74364.1424393279,1,no
1660,6,0,7,1,9,2046,4,N,60,23607.2755546945,1,no
1661,6,0,7,1,9,2046,4,N,65,7474.60758204749,1,no
1662,6,0,7,1,9,2046,4,N,70,2364.61798762442,1,no
1663,6,0,7,1,9,2046,4,N,75,1093.73051947922,1,no
1664,6,0,7,1,9,2046,5,D,40,126604006.997943,1,no
1665,6,0,7,1,9,2046,5,D,45,69616157.8104846,1,no
1666,6,0,7,1,9,2046,5,D,50,36744508.9698341,1,no
1667,6,0,7,1,9,2046,5,D,55,17750455.9213791,1,no
1668,6,0,7,1,9,2046,5,D,60,7545924.93964415,1,no
1669,6,0,7,1,9,2046,5,D,65,2870037.93327253,1,no
1670,6,0,7,1,9,2046,5,D,70,1017338.28384467,1,no
1671,6,0,7,1,9,2046,5,D,75,506279.947125052,1,no
1672,6,0,7,1,9,2046,5,N,40,27503211.2005645,1,no
1673,6,0,7,1,9,2046,5,N,45,12622817.1987433,1,no
1674,6,0,7,1,9,2046,5,N,50,5096501.27410747,1,no
1675,6,0,7,1,9,2046,5,N,55,1874952.03878065,1,no
1676,6,0,7,1,9,2046,5,N,60,649648.52649868,1,no
1677,6,0,7,1,9,2046,5,N,65,215154.17378322,1,no
1678,6,0,7,1,9,2046,5,N,70,69316.6193933826,1,no
1679,6,0,7,1,9,2046,5,N,75,32290.0288483665,1,no
1680,6,0,7,1,9,2047,3,D,40,48156048.6726337,1,no
1681,6,0,7,1,9,2047,3,D,45,24257947.9632127,1,no
1682,6,0,7,1,9,2047,3,D,50,10946560.7342606,1,no
1683,6,0,7,1,9,2047,3,D,55,4445063.51810121,1,no
1684,6,0,7,1,9,2047,3,D,60,1702331.98137073,1,no
1685,6,0,7,1,9,2047,3,D,65,625624.517379531,1,no
1686,6,0,7,1,9,2047,3,D,70,217752.765266401,1,no
1687,6,0,7,1,9,2047,3,D,75,106093.620607764,1,no
1688,6,0,7,1,9,2047,3,N,40,17797811.0096284,1,no
1689,6,0,7,1,9,2047,3,N,45,7659677.96197114,1,no
1690,6,0,7,1,9,2047,3,N,50,3020772.19138245,1,no
1691,6,0,7,1,9,2047,3,N,55,1138486.95454869,1,no
1692,6,0,7,1,9,2047,3,N,60,409786.820671327,1,no
1693,6,0,7,1,9,2047,3,N,65,139457.056259153,1,no
1694,6,0,7,1,9,2047,3,N,70,45518.4927761144,1,no
1695,6,0,7,1,9,2047,3,N,75,21320.959104995,1,no
1696,6,0,7,1,9,2047,4,D,40,18845844.7069441,1,no
1697,6,0,7,1,9,2047,4,D,45,8057227.98296087,1,no
1698,6,0,7,1,9,2047,4,D,50,3043298.50336793,1,no
1699,6,0,7,1,9,2047,4,D,55,1059230.46649797,1,no
1700,6,0,7,1,9,2047,4,D,60,350584.850045735,1,no
1701,6,0,7,1,9,2047,4,D,65,112879.443207711,1,no
1702,6,0,7,1,9,2047,4,D,70,35918.9424225939,1,no
1703,6,0,7,1,9,2047,4,D,75,16649.2826231978,1,no
1704,6,0,7,1,9,2047,4,N,40,2102228.96498993,1,no
1705,6,0,7,1,9,2047,4,N,45,714716.915493903,1,no
1706,6,0,7,1,9,2047,4,N,50,233276.041017015,1,no
1707,6,0,7,1,9,2047,4,N,55,74634.9673014146,1,no
1708,6,0,7,1,9,2047,4,N,60,23694.2676683231,1,no
1709,6,0,7,1,9,2047,4,N,65,7502.25666163562,1,no
1710,6,0,7,1,9,2047,4,N,70,2373.37611610981,1,no
1711,6,0,7,1,9,2047,4,N,75,1097.78316208423,1,no
1712,6,0,7,1,9,2047,5,D,40,127398384.756826,1,no
1713,6,0,7,1,9,2047,5,D,45,70071022.4690586,1,no
1714,6,0,7,1,9,2047,5,D,50,37008821.151586,1,no
1715,6,0,7,1,9,2047,5,D,55,17899927.7548876,1,no
1716,6,0,7,1,9,2047,5,D,60,7619974.56170422,1,no
1717,6,0,7,1,9,2047,5,D,65,2900944.9116665,1,no
1718,6,0,7,1,9,2047,5,D,70,1028924.58675158,1,no
1719,6,0,7,1,9,2047,5,D,75,512340.313223979,1,no
1720,6,0,7,1,9,2047,5,N,40,27713392.1367387,1,no
1721,6,0,7,1,9,2047,5,N,45,12736757.3773726,1,no
1722,6,0,7,1,9,2047,5,N,50,5148867.87549897,1,no
1723,6,0,7,1,9,2047,5,N,55,1895667.09609017,1,no
1724,6,0,7,1,9,2047,5,N,60,657189.521296588,1,no
1725,6,0,7,1,9,2047,5,N,65,217737.815574399,1,no
1726,6,0,7,1,9,2047,5,N,70,70162.9430030694,1,no
1727,6,0,7,1,9,2047,5,N,75,32687.0572540382,1,no
1728,6,0,7,1,9,2048,3,D,40,47826228.4947068,1,no
1729,6,0,7,1,9,2048,3,D,45,24068206.1187753,1,no
1730,6,0,7,1,9,2048,3,D,50,10847134.933297,1,no
1731,6,0,7,1,9,2048,3,D,55,4400813.94164231,1,no
1732,6,0,7,1,9,2048,3,D,60,1684648.07472409,1,no
1733,6,0,7,1,9,2048,3,D,65,618811.828479798,1,no
1734,6,0,7,1,9,2048,3,D,70,215250.591157627,1,no
1735,6,0,7,1,9,2048,3,D,75,104822.86124869,1,no
1736,6,0,7,1,9,2048,3,N,40,17649406.4316021,1,no
1737,6,0,7,1,9,2048,3,N,45,7586817.83435605,1,no
1738,6,0,7,1,9,2048,3,N,50,2990098.68672751,1,no
1739,6,0,7,1,9,2048,3,N,55,1126458.23437275,1,no
1740,6,0,7,1,9,2048,3,N,60,405222.013181406,1,no
1741,6,0,7,1,9,2048,3,N,65,137826.614892911,1,no
1742,6,0,7,1,9,2048,3,N,70,44971.9680734939,1,no
1743,6,0,7,1,9,2048,3,N,75,21061.8925377264,1,no
1744,6,0,7,1,9,2048,4,D,40,18894858.4284288,1,no
1745,6,0,7,1,9,2048,4,D,45,8082311.81376388,1,no
1746,6,0,7,1,9,2048,4,D,50,3054317.0764161,1,no
1747,6,0,7,1,9,2048,4,D,55,1063553.77680366,1,no
1748,6,0,7,1,9,2048,4,D,60,352133.301514864,1,no
1749,6,0,7,1,9,2048,4,D,65,113396.819748596,1,no
1750,6,0,7,1,9,2048,4,D,70,36085.8572549285,1,no
1751,6,0,7,1,9,2048,4,D,75,16727.0478589633,1,no
1752,6,0,7,1,9,2048,4,N,40,2103155.26105921,1,no
1753,6,0,7,1,9,2048,4,N,45,715289.794150791,1,no
1754,6,0,7,1,9,2048,4,N,50,233519.54492335,1,no
1755,6,0,7,1,9,2048,4,N,55,74720.891581172,1,no
1756,6,0,7,1,9,2048,4,N,60,23722.4521512974,1,no
1757,6,0,7,1,9,2048,4,N,65,7511.27647058385,1,no
1758,6,0,7,1,9,2048,4,N,70,2376.23908419721,1,no
1759,6,0,7,1,9,2048,4,N,75,1099.1089857118,1,no
1760,6,0,7,1,9,2048,5,D,40,128182774.492659,1,no
1761,6,0,7,1,9,2048,5,D,45,70520118.9879817,1,no
1762,6,0,7,1,9,2048,5,D,50,37269749.0995474,1,no
1763,6,0,7,1,9,2048,5,D,55,18047606.5424482,1,no
1764,6,0,7,1,9,2048,5,D,60,7693269.81154766,1,no
1765,6,0,7,1,9,2048,5,D,65,2931585.17723122,1,no
1766,6,0,7,1,9,2048,5,D,70,1040419.83966479,1,no
1767,6,0,7,1,9,2048,5,D,75,518358.059919929,1,no
1768,6,0,7,1,9,2048,5,N,40,27920923.1335563,1,no
1769,6,0,7,1,9,2048,5,N,45,12849410.2820514,1,no
1770,6,0,7,1,9,2048,5,N,50,5200739.90571156,1,no
1771,6,0,7,1,9,2048,5,N,55,1916211.27041048,1,no
1772,6,0,7,1,9,2048,5,N,60,664673.308568995,1,no
1773,6,0,7,1,9,2048,5,N,65,220303.395387471,1,no
1774,6,0,7,1,9,2048,5,N,70,71003.642071677,1,no
1775,6,0,7,1,9,2048,5,N,75,33081.5111438006,1,no
1776,6,0,7,1,9,2049,3,D,40,47616406.2613127,1,no
1777,6,0,7,1,9,2049,3,D,45,23947538.1380127,1,no
1778,6,0,7,1,9,2049,3,D,50,10783978.0209039,1,no
1779,6,0,7,1,9,2049,3,D,55,4372732.66265833,1,no
1780,6,0,7,1,9,2049,3,D,60,1673423.87995627,1,no
1781,6,0,7,1,9,2049,3,D,65,614485.078592925,1,no
1782,6,0,7,1,9,2049,3,D,70,213661.238060959,1,no
1783,6,0,7,1,9,2049,3,D,75,104015.918513212,1,no
1784,6,0,7,1,9,2049,3,N,40,17558324.257683,1,no
1785,6,0,7,1,9,2049,3,N,45,7542122.12875765,1,no
1786,6,0,7,1,9,2049,3,N,50,2971250.33277002,1,no
1787,6,0,7,1,9,2049,3,N,55,1119036.67740167,1,no
1788,6,0,7,1,9,2049,3,N,60,402394.453447933,1,no
1789,6,0,7,1,9,2049,3,N,65,136814.498567364,1,no
1790,6,0,7,1,9,2049,3,N,70,44632.4309550583,1,no
1791,6,0,7,1,9,2049,3,N,75,20900.8976061386,1,no
1792,6,0,7,1,9,2049,4,D,40,18945496.1088331,1,no
1793,6,0,7,1,9,2049,4,D,45,8108170.08284061,1,no
1794,6,0,7,1,9,2049,4,D,50,3065601.20884165,1,no
1795,6,0,7,1,9,2049,4,D,55,1067944.30977278,1,no
1796,6,0,7,1,9,2049,4,D,60,353696.723588351,1,no
1797,6,0,7,1,9,2049,4,D,65,113917.894969548,1,no
1798,6,0,7,1,9,2049,4,D,70,36253.79910352,1,no
1799,6,0,7,1,9,2049,4,D,75,16805.2683388624,1,no
1800,6,0,7,1,9,2049,4,N,40,2108541.92520465,1,no
1801,6,0,7,1,9,2049,4,N,45,717374.876716084,1,no
1802,6,0,7,1,9,2049,4,N,50,234252.536175859,1,no
1803,6,0,7,1,9,2049,4,N,55,74962.7663937655,1,no
1804,6,0,7,1,9,2049,4,N,60,23800.0794420118,1,no
1805,6,0,7,1,9,2049,4,N,65,7535.94250156012,1,no
1806,6,0,7,1,9,2049,4,N,70,2384.05130239323,1,no
1807,6,0,7,1,9,2049,4,N,75,1102.72388275006,1,no
1808,6,0,7,1,9,2049,5,D,40,128957302.333957,1,no
1809,6,0,7,1,9,2049,5,D,45,70963449.9635431,1,no
1810,6,0,7,1,9,2049,5,D,50,37527322.6999486,1,no
1811,6,0,7,1,9,2049,5,D,55,18193499.9527133,1,no
1812,6,0,7,1,9,2049,5,D,60,7765810.01476036,1,no
1813,6,0,7,1,9,2049,5,D,65,2961955.23792567,1,no
1814,6,0,7,1,9,2049,5,D,70,1051823.37869881,1,no
1815,6,0,7,1,9,2049,5,D,75,524332.34255348,1,no
1816,6,0,7,1,9,2049,5,N,40,28125828.468117,1,no
1817,6,0,7,1,9,2049,5,N,45,12960776.6564322,1,no
1818,6,0,7,1,9,2049,5,N,50,5252116.58349524,1,no
1819,6,0,7,1,9,2049,5,N,55,1936582.68834682,1,no
1820,6,0,7,1,9,2049,5,N,60,672099.514847884,1,no
1821,6,0,7,1,9,2049,5,N,65,222850.655874566,1,no
1822,6,0,7,1,9,2049,5,N,70,71838.6329032217,1,no
1823,6,0,7,1,9,2049,5,N,75,33473.3509340663,1,no
1824,6,0,7,1,9,2050,3,D,40,47509144.0199046,1,no
1825,6,0,7,1,9,2050,3,D,45,23885869.628928,1,no
1826,6,0,7,1,9,2050,3,D,50,10751734.9990812,1,no
1827,6,0,7,1,9,2050,3,D,55,4358423.12338561,1,no
1828,6,0,7,1,9,2050,3,D,60,1667718.05047381,1,no
1829,6,0,7,1,9,2050,3,D,65,612291.670225046,1,no
1830,6,0,7,1,9,2050,3,D,70,212857.368761287,1,no
1831,6,0,7,1,9,2050,3,D,75,103608.40134239,1,no
1832,6,0,7,1,9,2050,3,N,40,17506852.7294547,1,no
1833,6,0,7,1,9,2050,3,N,45,7516956.83213103,1,no
1834,6,0,7,1,9,2050,3,N,50,2960722.59225215,1,no
1835,6,0,7,1,9,2050,3,N,55,1114941.88340356,1,no
1836,6,0,7,1,9,2050,3,N,60,400853.405747344,1,no
1837,6,0,7,1,9,2050,3,N,65,136267.30562557,1,no
1838,6,0,7,1,9,2050,3,N,70,44449.5449433956,1,no
1839,6,0,7,1,9,2050,3,N,75,20814.3133420518,1,no
1840,6,0,7,1,9,2050,4,D,40,18995190.5644377,1,no
1841,6,0,7,1,9,2050,4,D,45,8133519.74842904,1,no
1842,6,0,7,1,9,2050,4,D,50,3076626.11596373,1,no
1843,6,0,7,1,9,2050,4,D,55,1072214.42011704,1,no
1844,6,0,7,1,9,2050,4,D,60,355212.610130578,1,no
1845,6,0,7,1,9,2050,4,D,65,114422.42749806,1,no
1846,6,0,7,1,9,2050,4,D,70,36416.3418112226,1,no
1847,6,0,7,1,9,2050,4,D,75,16880.9593540593,1,no
1848,6,0,7,1,9,2050,4,N,40,2113334.20294419,1,no
1849,6,0,7,1,9,2050,4,N,45,719256.995532623,1,no
1850,6,0,7,1,9,2050,4,N,50,234919.718042859,1,no
1851,6,0,7,1,9,2050,4,N,55,75183.686694838,1,no
1852,6,0,7,1,9,2050,4,N,60,23871.0614936846,1,no
1853,6,0,7,1,9,2050,4,N,65,7558.50550077479,1,no
1854,6,0,7,1,9,2050,4,N,70,2391.19816760471,1,no
1855,6,0,7,1,9,2050,4,N,75,1106.03116235539,1,no
1856,6,0,7,1,9,2050,5,D,40,129721685.936579,1,no
1857,6,0,7,1,9,2050,5,D,45,71400952.037735,1,no
1858,6,0,7,1,9,2050,5,D,50,37781480.5758366,1,no
1859,6,0,7,1,9,2050,5,D,55,18337561.1149798,1,no
1860,6,0,7,1,9,2050,5,D,60,7837567.41035599,1,no
1861,6,0,7,1,9,2050,5,D,65,2992043.0674681,1,no
1862,6,0,7,1,9,2050,5,D,70,1063129.42276537,1,no
1863,6,0,7,1,9,2050,5,D,75,530260.359754396,1,no
1864,6,0,7,1,9,2050,5,N,40,28328032.39711,1,no
1865,6,0,7,1,9,2050,5,N,45,13070819.8338644,1,no
1866,6,0,7,1,9,2050,5,N,50,5302974.26296376,1,no
1867,6,0,7,1,9,2050,5,N,55,1956771.66841112,1,no
1868,6,0,7,1,9,2050,5,N,60,679463.846029249,1,no
1869,6,0,7,1,9,2050,5,N,65,225378.124343578,1,no
1870,6,0,7,1,9,2050,5,N,70,72667.4127801135,1,no
1871,6,0,7,1,9,2050,5,N,75,33862.3372823365,1,no
