,ScenarioID,CountryID,Year,AvailableVehiclesID,JSType_VSMID,LoadFactor
0,1,9,2012,4,1,1.0
1,1,9,2012,4,2,1.0
2,1,9,2012,4,3,1.0
3,1,9,2012,5,1,1.0
4,1,9,2012,5,2,1.0
5,1,9,2012,5,3,1.0
6,1,9,2012,6,1,1.0
7,1,9,2012,6,2,1.0
8,1,9,2012,6,3,1.0
9,1,9,2012,7,4,1.0
10,1,9,2012,7,10,1.0
11,1,9,2012,7,11,1.0
12,1,9,2012,7,12,1.0
13,1,9,2012,8,4,1.0
14,1,9,2012,8,10,1.0
15,1,9,2012,8,11,1.0
16,1,9,2012,8,12,1.0
17,1,9,2012,9,5,1.0
18,1,9,2012,9,6,1.0
19,1,9,2012,9,7,1.0
20,1,9,2012,10,9,1.0
21,1,9,2012,10,13,1.0
22,1,9,2012,11,9,1.0
23,1,9,2012,11,13,1.0
24,1,9,2013,4,1,1.01323578538922
25,1,9,2013,4,2,1.01323578538922
26,1,9,2013,4,3,1.01323578538922
27,1,9,2013,5,1,0.97203497271391
28,1,9,2013,5,2,0.97203497271391
29,1,9,2013,5,3,0.97203497271391
30,1,9,2013,6,1,1.00218721515443
31,1,9,2013,6,2,1.00218721515443
32,1,9,2013,6,3,1.00218721515443
33,1,9,2013,7,4,1.0
34,1,9,2013,7,10,1.0
35,1,9,2013,7,11,1.0
36,1,9,2013,7,12,1.0
37,1,9,2013,8,4,1.0
38,1,9,2013,8,10,1.0
39,1,9,2013,8,11,1.0
40,1,9,2013,8,12,1.0
41,1,9,2013,9,5,1.0
42,1,9,2013,9,6,1.0
43,1,9,2013,9,7,1.0
44,1,9,2013,10,9,1.0
45,1,9,2013,10,13,1.0
46,1,9,2013,11,9,1.0
47,1,9,2013,11,13,1.0
48,1,9,2014,4,1,0.974961278105751
49,1,9,2014,4,2,0.974961278105751
50,1,9,2014,4,3,0.974961278105751
51,1,9,2014,5,1,0.964480614325414
52,1,9,2014,5,2,0.964480614325414
53,1,9,2014,5,3,0.964480614325414
54,1,9,2014,6,1,0.994839610402495
55,1,9,2014,6,2,0.994839610402495
56,1,9,2014,6,3,0.994839610402495
57,1,9,2014,7,4,1.0
58,1,9,2014,7,10,1.0
59,1,9,2014,7,11,1.0
60,1,9,2014,7,12,1.0
61,1,9,2014,8,4,1.0
62,1,9,2014,8,10,1.0
63,1,9,2014,8,11,1.0
64,1,9,2014,8,12,1.0
65,1,9,2014,9,5,1.0
66,1,9,2014,9,6,1.0
67,1,9,2014,9,7,1.0
68,1,9,2014,10,9,1.0
69,1,9,2014,10,13,1.0
70,1,9,2014,11,9,1.0
71,1,9,2014,11,13,1.0
72,1,9,2015,4,1,0.997499931260278
73,1,9,2015,4,2,0.997499931260278
74,1,9,2015,4,3,0.997499931260278
75,1,9,2015,5,1,1.0339631027196
76,1,9,2015,5,2,1.0339631027196
77,1,9,2015,5,3,1.0339631027196
78,1,9,2015,6,1,0.981399012865225
79,1,9,2015,6,2,0.981399012865225
80,1,9,2015,6,3,0.981399012865225
81,1,9,2015,7,4,1.0
82,1,9,2015,7,10,1.0
83,1,9,2015,7,11,1.0
84,1,9,2015,7,12,1.0
85,1,9,2015,8,4,1.0
86,1,9,2015,8,10,1.0
87,1,9,2015,8,11,1.0
88,1,9,2015,8,12,1.0
89,1,9,2015,9,5,1.0
90,1,9,2015,9,6,1.0
91,1,9,2015,9,7,1.0
92,1,9,2015,10,9,1.0
93,1,9,2015,10,13,1.0
94,1,9,2015,11,9,1.0
95,1,9,2015,11,13,1.0
96,1,9,2016,4,1,0.983032497559695
97,1,9,2016,4,2,0.983032497559695
98,1,9,2016,4,3,0.983032497559695
99,1,9,2016,5,1,1.11071247944131
100,1,9,2016,5,2,1.11071247944131
101,1,9,2016,5,3,1.11071247944131
102,1,9,2016,6,1,0.979417806093523
103,1,9,2016,6,2,0.979417806093523
104,1,9,2016,6,3,0.979417806093523
105,1,9,2016,7,4,1.0
106,1,9,2016,7,10,1.0
107,1,9,2016,7,11,1.0
108,1,9,2016,7,12,1.0
109,1,9,2016,8,4,1.0
110,1,9,2016,8,10,1.0
111,1,9,2016,8,11,1.0
112,1,9,2016,8,12,1.0
113,1,9,2016,9,5,1.0
114,1,9,2016,9,6,1.0
115,1,9,2016,9,7,1.0
116,1,9,2016,10,9,1.0
117,1,9,2016,10,13,1.0
118,1,9,2016,11,9,1.0
119,1,9,2016,11,13,1.0
120,1,9,2017,4,1,0.978112125610604
121,1,9,2017,4,2,0.978112125610604
122,1,9,2017,4,3,0.978112125610604
123,1,9,2017,5,1,1.16926829336255
124,1,9,2017,5,2,1.16926829336255
125,1,9,2017,5,3,1.16926829336255
126,1,9,2017,6,1,0.980324040301771
127,1,9,2017,6,2,0.980324040301771
128,1,9,2017,6,3,0.980324040301771
129,1,9,2017,7,4,1.0
130,1,9,2017,7,10,1.0
131,1,9,2017,7,11,1.0
132,1,9,2017,7,12,1.0
133,1,9,2017,8,4,1.0
134,1,9,2017,8,10,1.0
135,1,9,2017,8,11,1.0
136,1,9,2017,8,12,1.0
137,1,9,2017,9,5,1.0
138,1,9,2017,9,6,1.0
139,1,9,2017,9,7,1.0
140,1,9,2017,10,9,1.0
141,1,9,2017,10,13,1.0
142,1,9,2017,11,9,1.0
143,1,9,2017,11,13,1.0
144,1,9,2018,4,1,0.962539047827673
145,1,9,2018,4,2,0.962539047827673
146,1,9,2018,4,3,0.962539047827673
147,1,9,2018,5,1,1.20833010081351
148,1,9,2018,5,2,1.20833010081351
149,1,9,2018,5,3,1.20833010081351
150,1,9,2018,6,1,0.990297343992831
151,1,9,2018,6,2,0.990297343992831
152,1,9,2018,6,3,0.990297343992831
153,1,9,2018,7,4,1.0
154,1,9,2018,7,10,1.0
155,1,9,2018,7,11,1.0
156,1,9,2018,7,12,1.0
157,1,9,2018,8,4,1.0
158,1,9,2018,8,10,1.0
159,1,9,2018,8,11,1.0
160,1,9,2018,8,12,1.0
161,1,9,2018,9,5,1.0
162,1,9,2018,9,6,1.0
163,1,9,2018,9,7,1.0
164,1,9,2018,10,9,1.0
165,1,9,2018,10,13,1.0
166,1,9,2018,11,9,1.0
167,1,9,2018,11,13,1.0
168,1,9,2019,4,1,0.962803417072987
169,1,9,2019,4,2,0.962803417072987
170,1,9,2019,4,3,0.962803417072987
171,1,9,2019,5,1,1.20833010081351
172,1,9,2019,5,2,1.20833010081351
173,1,9,2019,5,3,1.20833010081351
174,1,9,2019,6,1,0.990297343992831
175,1,9,2019,6,2,0.990297343992831
176,1,9,2019,6,3,0.990297343992831
177,1,9,2019,7,4,1.0
178,1,9,2019,7,10,1.0
179,1,9,2019,7,11,1.0
180,1,9,2019,7,12,1.0
181,1,9,2019,8,4,1.0
182,1,9,2019,8,10,1.0
183,1,9,2019,8,11,1.0
184,1,9,2019,8,12,1.0
185,1,9,2019,9,5,1.0
186,1,9,2019,9,6,1.0
187,1,9,2019,9,7,1.0
188,1,9,2019,10,9,1.0
189,1,9,2019,10,13,1.0
190,1,9,2019,11,9,1.0
191,1,9,2019,11,13,1.0
192,1,9,2020,4,1,0.963068360036281
193,1,9,2020,4,2,0.963068360036281
194,1,9,2020,4,3,0.963068360036281
195,1,9,2020,5,1,1.20833010081351
196,1,9,2020,5,2,1.20833010081351
197,1,9,2020,5,3,1.20833010081351
198,1,9,2020,6,1,0.990297343992831
199,1,9,2020,6,2,0.990297343992831
200,1,9,2020,6,3,0.990297343992831
201,1,9,2020,7,4,1.0
202,1,9,2020,7,10,1.0
203,1,9,2020,7,11,1.0
204,1,9,2020,7,12,1.0
205,1,9,2020,8,4,1.0
206,1,9,2020,8,10,1.0
207,1,9,2020,8,11,1.0
208,1,9,2020,8,12,1.0
209,1,9,2020,9,5,1.0
210,1,9,2020,9,6,1.0
211,1,9,2020,9,7,1.0
212,1,9,2020,10,9,1.0
213,1,9,2020,10,13,1.0
214,1,9,2020,11,9,1.0
215,1,9,2020,11,13,1.0
216,1,9,2021,4,1,0.963315632485783
217,1,9,2021,4,2,0.963315632485783
218,1,9,2021,4,3,0.963315632485783
219,1,9,2021,5,1,1.20833010081351
220,1,9,2021,5,2,1.20833010081351
221,1,9,2021,5,3,1.20833010081351
222,1,9,2021,6,1,0.990297343992831
223,1,9,2021,6,2,0.990297343992831
224,1,9,2021,6,3,0.990297343992831
225,1,9,2021,7,4,1.0
226,1,9,2021,7,10,1.0
227,1,9,2021,7,11,1.0
228,1,9,2021,7,12,1.0
229,1,9,2021,8,4,1.0
230,1,9,2021,8,10,1.0
231,1,9,2021,8,11,1.0
232,1,9,2021,8,12,1.0
233,1,9,2021,9,5,1.0
234,1,9,2021,9,6,1.0
235,1,9,2021,9,7,1.0
236,1,9,2021,10,9,1.0
237,1,9,2021,10,13,1.0
238,1,9,2021,11,9,1.0
239,1,9,2021,11,13,1.0
240,1,9,2022,4,1,0.963593656219028
241,1,9,2022,4,2,0.963593656219028
242,1,9,2022,4,3,0.963593656219028
243,1,9,2022,5,1,1.20833010081351
244,1,9,2022,5,2,1.20833010081351
245,1,9,2022,5,3,1.20833010081351
246,1,9,2022,6,1,0.990297343992831
247,1,9,2022,6,2,0.990297343992831
248,1,9,2022,6,3,0.990297343992831
249,1,9,2022,7,4,1.0
250,1,9,2022,7,10,1.0
251,1,9,2022,7,11,1.0
252,1,9,2022,7,12,1.0
253,1,9,2022,8,4,1.0
254,1,9,2022,8,10,1.0
255,1,9,2022,8,11,1.0
256,1,9,2022,8,12,1.0
257,1,9,2022,9,5,1.0
258,1,9,2022,9,6,1.0
259,1,9,2022,9,7,1.0
260,1,9,2022,10,9,1.0
261,1,9,2022,10,13,1.0
262,1,9,2022,11,9,1.0
263,1,9,2022,11,13,1.0
264,1,9,2023,4,1,0.963901283800055
265,1,9,2023,4,2,0.963901283800055
266,1,9,2023,4,3,0.963901283800055
267,1,9,2023,5,1,1.20833010081351
268,1,9,2023,5,2,1.20833010081351
269,1,9,2023,5,3,1.20833010081351
270,1,9,2023,6,1,0.990297343992831
271,1,9,2023,6,2,0.990297343992831
272,1,9,2023,6,3,0.990297343992831
273,1,9,2023,7,4,1.0
274,1,9,2023,7,10,1.0
275,1,9,2023,7,11,1.0
276,1,9,2023,7,12,1.0
277,1,9,2023,8,4,1.0
278,1,9,2023,8,10,1.0
279,1,9,2023,8,11,1.0
280,1,9,2023,8,12,1.0
281,1,9,2023,9,5,1.0
282,1,9,2023,9,6,1.0
283,1,9,2023,9,7,1.0
284,1,9,2023,10,9,1.0
285,1,9,2023,10,13,1.0
286,1,9,2023,11,9,1.0
287,1,9,2023,11,13,1.0
288,1,9,2024,4,1,0.964240810100786
289,1,9,2024,4,2,0.964240810100786
290,1,9,2024,4,3,0.964240810100786
291,1,9,2024,5,1,1.20833010081351
292,1,9,2024,5,2,1.20833010081351
293,1,9,2024,5,3,1.20833010081351
294,1,9,2024,6,1,0.990297343992831
295,1,9,2024,6,2,0.990297343992831
296,1,9,2024,6,3,0.990297343992831
297,1,9,2024,7,4,1.0
298,1,9,2024,7,10,1.0
299,1,9,2024,7,11,1.0
300,1,9,2024,7,12,1.0
301,1,9,2024,8,4,1.0
302,1,9,2024,8,10,1.0
303,1,9,2024,8,11,1.0
304,1,9,2024,8,12,1.0
305,1,9,2024,9,5,1.0
306,1,9,2024,9,6,1.0
307,1,9,2024,9,7,1.0
308,1,9,2024,10,9,1.0
309,1,9,2024,10,13,1.0
310,1,9,2024,11,9,1.0
311,1,9,2024,11,13,1.0
312,1,9,2025,4,1,0.964595138325408
313,1,9,2025,4,2,0.964595138325408
314,1,9,2025,4,3,0.964595138325408
315,1,9,2025,5,1,1.20833010081351
316,1,9,2025,5,2,1.20833010081351
317,1,9,2025,5,3,1.20833010081351
318,1,9,2025,6,1,0.990297343992831
319,1,9,2025,6,2,0.990297343992831
320,1,9,2025,6,3,0.990297343992831
321,1,9,2025,7,4,1.0
322,1,9,2025,7,10,1.0
323,1,9,2025,7,11,1.0
324,1,9,2025,7,12,1.0
325,1,9,2025,8,4,1.0
326,1,9,2025,8,10,1.0
327,1,9,2025,8,11,1.0
328,1,9,2025,8,12,1.0
329,1,9,2025,9,5,1.0
330,1,9,2025,9,6,1.0
331,1,9,2025,9,7,1.0
332,1,9,2025,10,9,1.0
333,1,9,2025,10,13,1.0
334,1,9,2025,11,9,1.0
335,1,9,2025,11,13,1.0
336,1,9,2026,4,1,0.964962088345597
337,1,9,2026,4,2,0.964962088345597
338,1,9,2026,4,3,0.964962088345597
339,1,9,2026,5,1,1.20833010081351
340,1,9,2026,5,2,1.20833010081351
341,1,9,2026,5,3,1.20833010081351
342,1,9,2026,6,1,0.990297343992831
343,1,9,2026,6,2,0.990297343992831
344,1,9,2026,6,3,0.990297343992831
345,1,9,2026,7,4,1.0
346,1,9,2026,7,10,1.0
347,1,9,2026,7,11,1.0
348,1,9,2026,7,12,1.0
349,1,9,2026,8,4,1.0
350,1,9,2026,8,10,1.0
351,1,9,2026,8,11,1.0
352,1,9,2026,8,12,1.0
353,1,9,2026,9,5,1.0
354,1,9,2026,9,6,1.0
355,1,9,2026,9,7,1.0
356,1,9,2026,10,9,1.0
357,1,9,2026,10,13,1.0
358,1,9,2026,11,9,1.0
359,1,9,2026,11,13,1.0
360,1,9,2027,4,1,0.965368510162828
361,1,9,2027,4,2,0.965368510162828
362,1,9,2027,4,3,0.965368510162828
363,1,9,2027,5,1,1.20833010081351
364,1,9,2027,5,2,1.20833010081351
365,1,9,2027,5,3,1.20833010081351
366,1,9,2027,6,1,0.990297343992831
367,1,9,2027,6,2,0.990297343992831
368,1,9,2027,6,3,0.990297343992831
369,1,9,2027,7,4,1.0
370,1,9,2027,7,10,1.0
371,1,9,2027,7,11,1.0
372,1,9,2027,7,12,1.0
373,1,9,2027,8,4,1.0
374,1,9,2027,8,10,1.0
375,1,9,2027,8,11,1.0
376,1,9,2027,8,12,1.0
377,1,9,2027,9,5,1.0
378,1,9,2027,9,6,1.0
379,1,9,2027,9,7,1.0
380,1,9,2027,10,9,1.0
381,1,9,2027,10,13,1.0
382,1,9,2027,11,9,1.0
383,1,9,2027,11,13,1.0
384,1,9,2028,4,1,0.965806256981784
385,1,9,2028,4,2,0.965806256981784
386,1,9,2028,4,3,0.965806256981784
387,1,9,2028,5,1,1.20833010081351
388,1,9,2028,5,2,1.20833010081351
389,1,9,2028,5,3,1.20833010081351
390,1,9,2028,6,1,0.990297343992831
391,1,9,2028,6,2,0.990297343992831
392,1,9,2028,6,3,0.990297343992831
393,1,9,2028,7,4,1.0
394,1,9,2028,7,10,1.0
395,1,9,2028,7,11,1.0
396,1,9,2028,7,12,1.0
397,1,9,2028,8,4,1.0
398,1,9,2028,8,10,1.0
399,1,9,2028,8,11,1.0
400,1,9,2028,8,12,1.0
401,1,9,2028,9,5,1.0
402,1,9,2028,9,6,1.0
403,1,9,2028,9,7,1.0
404,1,9,2028,10,9,1.0
405,1,9,2028,10,13,1.0
406,1,9,2028,11,9,1.0
407,1,9,2028,11,13,1.0
408,1,9,2029,4,1,0.966258576237438
409,1,9,2029,4,2,0.966258576237438
410,1,9,2029,4,3,0.966258576237438
411,1,9,2029,5,1,1.20833010081351
412,1,9,2029,5,2,1.20833010081351
413,1,9,2029,5,3,1.20833010081351
414,1,9,2029,6,1,0.990297343992831
415,1,9,2029,6,2,0.990297343992831
416,1,9,2029,6,3,0.990297343992831
417,1,9,2029,7,4,1.0
418,1,9,2029,7,10,1.0
419,1,9,2029,7,11,1.0
420,1,9,2029,7,12,1.0
421,1,9,2029,8,4,1.0
422,1,9,2029,8,10,1.0
423,1,9,2029,8,11,1.0
424,1,9,2029,8,12,1.0
425,1,9,2029,9,5,1.0
426,1,9,2029,9,6,1.0
427,1,9,2029,9,7,1.0
428,1,9,2029,10,9,1.0
429,1,9,2029,10,13,1.0
430,1,9,2029,11,9,1.0
431,1,9,2029,11,13,1.0
432,1,9,2030,4,1,0.966723402545063
433,1,9,2030,4,2,0.966723402545063
434,1,9,2030,4,3,0.966723402545063
435,1,9,2030,5,1,1.20833010081351
436,1,9,2030,5,2,1.20833010081351
437,1,9,2030,5,3,1.20833010081351
438,1,9,2030,6,1,0.990297343992831
439,1,9,2030,6,2,0.990297343992831
440,1,9,2030,6,3,0.990297343992831
441,1,9,2030,7,4,1.0
442,1,9,2030,7,10,1.0
443,1,9,2030,7,11,1.0
444,1,9,2030,7,12,1.0
445,1,9,2030,8,4,1.0
446,1,9,2030,8,10,1.0
447,1,9,2030,8,11,1.0
448,1,9,2030,8,12,1.0
449,1,9,2030,9,5,1.0
450,1,9,2030,9,6,1.0
451,1,9,2030,9,7,1.0
452,1,9,2030,10,9,1.0
453,1,9,2030,10,13,1.0
454,1,9,2030,11,9,1.0
455,1,9,2030,11,13,1.0
456,1,9,2031,4,1,0.967184557057613
457,1,9,2031,4,2,0.967184557057613
458,1,9,2031,4,3,0.967184557057613
459,1,9,2031,5,1,1.20833010081351
460,1,9,2031,5,2,1.20833010081351
461,1,9,2031,5,3,1.20833010081351
462,1,9,2031,6,1,0.990297343992831
463,1,9,2031,6,2,0.990297343992831
464,1,9,2031,6,3,0.990297343992831
465,1,9,2031,7,4,1.0
466,1,9,2031,7,10,1.0
467,1,9,2031,7,11,1.0
468,1,9,2031,7,12,1.0
469,1,9,2031,8,4,1.0
470,1,9,2031,8,10,1.0
471,1,9,2031,8,11,1.0
472,1,9,2031,8,12,1.0
473,1,9,2031,9,5,1.0
474,1,9,2031,9,6,1.0
475,1,9,2031,9,7,1.0
476,1,9,2031,10,9,1.0
477,1,9,2031,10,13,1.0
478,1,9,2031,11,9,1.0
479,1,9,2031,11,13,1.0
480,1,9,2032,4,1,0.967614845542825
481,1,9,2032,4,2,0.967614845542825
482,1,9,2032,4,3,0.967614845542825
483,1,9,2032,5,1,1.20833010081351
484,1,9,2032,5,2,1.20833010081351
485,1,9,2032,5,3,1.20833010081351
486,1,9,2032,6,1,0.990297343992831
487,1,9,2032,6,2,0.990297343992831
488,1,9,2032,6,3,0.990297343992831
489,1,9,2032,7,4,1.0
490,1,9,2032,7,10,1.0
491,1,9,2032,7,11,1.0
492,1,9,2032,7,12,1.0
493,1,9,2032,8,4,1.0
494,1,9,2032,8,10,1.0
495,1,9,2032,8,11,1.0
496,1,9,2032,8,12,1.0
497,1,9,2032,9,5,1.0
498,1,9,2032,9,6,1.0
499,1,9,2032,9,7,1.0
500,1,9,2032,10,9,1.0
501,1,9,2032,10,13,1.0
502,1,9,2032,11,9,1.0
503,1,9,2032,11,13,1.0
504,1,9,2033,4,1,0.968028037232224
505,1,9,2033,4,2,0.968028037232224
506,1,9,2033,4,3,0.968028037232224
507,1,9,2033,5,1,1.20833010081351
508,1,9,2033,5,2,1.20833010081351
509,1,9,2033,5,3,1.20833010081351
510,1,9,2033,6,1,0.990297343992831
511,1,9,2033,6,2,0.990297343992831
512,1,9,2033,6,3,0.990297343992831
513,1,9,2033,7,4,1.0
514,1,9,2033,7,10,1.0
515,1,9,2033,7,11,1.0
516,1,9,2033,7,12,1.0
517,1,9,2033,8,4,1.0
518,1,9,2033,8,10,1.0
519,1,9,2033,8,11,1.0
520,1,9,2033,8,12,1.0
521,1,9,2033,9,5,1.0
522,1,9,2033,9,6,1.0
523,1,9,2033,9,7,1.0
524,1,9,2033,10,9,1.0
525,1,9,2033,10,13,1.0
526,1,9,2033,11,9,1.0
527,1,9,2033,11,13,1.0
528,1,9,2034,4,1,0.968401527637388
529,1,9,2034,4,2,0.968401527637388
530,1,9,2034,4,3,0.968401527637388
531,1,9,2034,5,1,1.20833010081351
532,1,9,2034,5,2,1.20833010081351
533,1,9,2034,5,3,1.20833010081351
534,1,9,2034,6,1,0.990297343992831
535,1,9,2034,6,2,0.990297343992831
536,1,9,2034,6,3,0.990297343992831
537,1,9,2034,7,4,1.0
538,1,9,2034,7,10,1.0
539,1,9,2034,7,11,1.0
540,1,9,2034,7,12,1.0
541,1,9,2034,8,4,1.0
542,1,9,2034,8,10,1.0
543,1,9,2034,8,11,1.0
544,1,9,2034,8,12,1.0
545,1,9,2034,9,5,1.0
546,1,9,2034,9,6,1.0
547,1,9,2034,9,7,1.0
548,1,9,2034,10,9,1.0
549,1,9,2034,10,13,1.0
550,1,9,2034,11,9,1.0
551,1,9,2034,11,13,1.0
552,1,9,2035,4,1,0.968755052656838
553,1,9,2035,4,2,0.968755052656838
554,1,9,2035,4,3,0.968755052656838
555,1,9,2035,5,1,1.20833010081351
556,1,9,2035,5,2,1.20833010081351
557,1,9,2035,5,3,1.20833010081351
558,1,9,2035,6,1,0.990297343992831
559,1,9,2035,6,2,0.990297343992831
560,1,9,2035,6,3,0.990297343992831
561,1,9,2035,7,4,1.0
562,1,9,2035,7,10,1.0
563,1,9,2035,7,11,1.0
564,1,9,2035,7,12,1.0
565,1,9,2035,8,4,1.0
566,1,9,2035,8,10,1.0
567,1,9,2035,8,11,1.0
568,1,9,2035,8,12,1.0
569,1,9,2035,9,5,1.0
570,1,9,2035,9,6,1.0
571,1,9,2035,9,7,1.0
572,1,9,2035,10,9,1.0
573,1,9,2035,10,13,1.0
574,1,9,2035,11,9,1.0
575,1,9,2035,11,13,1.0
576,1,9,2036,4,1,0.969053386006584
577,1,9,2036,4,2,0.969053386006584
578,1,9,2036,4,3,0.969053386006584
579,1,9,2036,5,1,1.20833010081351
580,1,9,2036,5,2,1.20833010081351
581,1,9,2036,5,3,1.20833010081351
582,1,9,2036,6,1,0.990297343992831
583,1,9,2036,6,2,0.990297343992831
584,1,9,2036,6,3,0.990297343992831
585,1,9,2036,7,4,1.0
586,1,9,2036,7,10,1.0
587,1,9,2036,7,11,1.0
588,1,9,2036,7,12,1.0
589,1,9,2036,8,4,1.0
590,1,9,2036,8,10,1.0
591,1,9,2036,8,11,1.0
592,1,9,2036,8,12,1.0
593,1,9,2036,9,5,1.0
594,1,9,2036,9,6,1.0
595,1,9,2036,9,7,1.0
596,1,9,2036,10,9,1.0
597,1,9,2036,10,13,1.0
598,1,9,2036,11,9,1.0
599,1,9,2036,11,13,1.0
600,1,9,2037,4,1,0.969365832818646
601,1,9,2037,4,2,0.969365832818646
602,1,9,2037,4,3,0.969365832818646
603,1,9,2037,5,1,1.20833010081351
604,1,9,2037,5,2,1.20833010081351
605,1,9,2037,5,3,1.20833010081351
606,1,9,2037,6,1,0.990297343992831
607,1,9,2037,6,2,0.990297343992831
608,1,9,2037,6,3,0.990297343992831
609,1,9,2037,7,4,1.0
610,1,9,2037,7,10,1.0
611,1,9,2037,7,11,1.0
612,1,9,2037,7,12,1.0
613,1,9,2037,8,4,1.0
614,1,9,2037,8,10,1.0
615,1,9,2037,8,11,1.0
616,1,9,2037,8,12,1.0
617,1,9,2037,9,5,1.0
618,1,9,2037,9,6,1.0
619,1,9,2037,9,7,1.0
620,1,9,2037,10,9,1.0
621,1,9,2037,10,13,1.0
622,1,9,2037,11,9,1.0
623,1,9,2037,11,13,1.0
624,1,9,2038,4,1,0.969612531550167
625,1,9,2038,4,2,0.969612531550167
626,1,9,2038,4,3,0.969612531550167
627,1,9,2038,5,1,1.20833010081351
628,1,9,2038,5,2,1.20833010081351
629,1,9,2038,5,3,1.20833010081351
630,1,9,2038,6,1,0.990297343992831
631,1,9,2038,6,2,0.990297343992831
632,1,9,2038,6,3,0.990297343992831
633,1,9,2038,7,4,1.0
634,1,9,2038,7,10,1.0
635,1,9,2038,7,11,1.0
636,1,9,2038,7,12,1.0
637,1,9,2038,8,4,1.0
638,1,9,2038,8,10,1.0
639,1,9,2038,8,11,1.0
640,1,9,2038,8,12,1.0
641,1,9,2038,9,5,1.0
642,1,9,2038,9,6,1.0
643,1,9,2038,9,7,1.0
644,1,9,2038,10,9,1.0
645,1,9,2038,10,13,1.0
646,1,9,2038,11,9,1.0
647,1,9,2038,11,13,1.0
648,1,9,2039,4,1,0.969783499508291
649,1,9,2039,4,2,0.969783499508291
650,1,9,2039,4,3,0.969783499508291
651,1,9,2039,5,1,1.20833010081351
652,1,9,2039,5,2,1.20833010081351
653,1,9,2039,5,3,1.20833010081351
654,1,9,2039,6,1,0.990297343992831
655,1,9,2039,6,2,0.990297343992831
656,1,9,2039,6,3,0.990297343992831
657,1,9,2039,7,4,1.0
658,1,9,2039,7,10,1.0
659,1,9,2039,7,11,1.0
660,1,9,2039,7,12,1.0
661,1,9,2039,8,4,1.0
662,1,9,2039,8,10,1.0
663,1,9,2039,8,11,1.0
664,1,9,2039,8,12,1.0
665,1,9,2039,9,5,1.0
666,1,9,2039,9,6,1.0
667,1,9,2039,9,7,1.0
668,1,9,2039,10,9,1.0
669,1,9,2039,10,13,1.0
670,1,9,2039,11,9,1.0
671,1,9,2039,11,13,1.0
672,1,9,2040,4,1,0.969881261052131
673,1,9,2040,4,2,0.969881261052131
674,1,9,2040,4,3,0.969881261052131
675,1,9,2040,5,1,1.20833010081351
676,1,9,2040,5,2,1.20833010081351
677,1,9,2040,5,3,1.20833010081351
678,1,9,2040,6,1,0.990297343992831
679,1,9,2040,6,2,0.990297343992831
680,1,9,2040,6,3,0.990297343992831
681,1,9,2040,7,4,1.0
682,1,9,2040,7,10,1.0
683,1,9,2040,7,11,1.0
684,1,9,2040,7,12,1.0
685,1,9,2040,8,4,1.0
686,1,9,2040,8,10,1.0
687,1,9,2040,8,11,1.0
688,1,9,2040,8,12,1.0
689,1,9,2040,9,5,1.0
690,1,9,2040,9,6,1.0
691,1,9,2040,9,7,1.0
692,1,9,2040,10,9,1.0
693,1,9,2040,10,13,1.0
694,1,9,2040,11,9,1.0
695,1,9,2040,11,13,1.0
696,1,9,2041,4,1,0.969943337337598
697,1,9,2041,4,2,0.969943337337598
698,1,9,2041,4,3,0.969943337337598
699,1,9,2041,5,1,1.20833010081351
700,1,9,2041,5,2,1.20833010081351
701,1,9,2041,5,3,1.20833010081351
702,1,9,2041,6,1,0.990297343992831
703,1,9,2041,6,2,0.990297343992831
704,1,9,2041,6,3,0.990297343992831
705,1,9,2041,7,4,1.0
706,1,9,2041,7,10,1.0
707,1,9,2041,7,11,1.0
708,1,9,2041,7,12,1.0
709,1,9,2041,8,4,1.0
710,1,9,2041,8,10,1.0
711,1,9,2041,8,11,1.0
712,1,9,2041,8,12,1.0
713,1,9,2041,9,5,1.0
714,1,9,2041,9,6,1.0
715,1,9,2041,9,7,1.0
716,1,9,2041,10,9,1.0
717,1,9,2041,10,13,1.0
718,1,9,2041,11,9,1.0
719,1,9,2041,11,13,1.0
720,1,9,2042,4,1,0.969969384133903
721,1,9,2042,4,2,0.969969384133903
722,1,9,2042,4,3,0.969969384133903
723,1,9,2042,5,1,1.20833010081351
724,1,9,2042,5,2,1.20833010081351
725,1,9,2042,5,3,1.20833010081351
726,1,9,2042,6,1,0.990297343992831
727,1,9,2042,6,2,0.990297343992831
728,1,9,2042,6,3,0.990297343992831
729,1,9,2042,7,4,1.0
730,1,9,2042,7,10,1.0
731,1,9,2042,7,11,1.0
732,1,9,2042,7,12,1.0
733,1,9,2042,8,4,1.0
734,1,9,2042,8,10,1.0
735,1,9,2042,8,11,1.0
736,1,9,2042,8,12,1.0
737,1,9,2042,9,5,1.0
738,1,9,2042,9,6,1.0
739,1,9,2042,9,7,1.0
740,1,9,2042,10,9,1.0
741,1,9,2042,10,13,1.0
742,1,9,2042,11,9,1.0
743,1,9,2042,11,13,1.0
744,1,9,2043,4,1,0.969960548877006
745,1,9,2043,4,2,0.969960548877006
746,1,9,2043,4,3,0.969960548877006
747,1,9,2043,5,1,1.20833010081351
748,1,9,2043,5,2,1.20833010081351
749,1,9,2043,5,3,1.20833010081351
750,1,9,2043,6,1,0.990297343992831
751,1,9,2043,6,2,0.990297343992831
752,1,9,2043,6,3,0.990297343992831
753,1,9,2043,7,4,1.0
754,1,9,2043,7,10,1.0
755,1,9,2043,7,11,1.0
756,1,9,2043,7,12,1.0
757,1,9,2043,8,4,1.0
758,1,9,2043,8,10,1.0
759,1,9,2043,8,11,1.0
760,1,9,2043,8,12,1.0
761,1,9,2043,9,5,1.0
762,1,9,2043,9,6,1.0
763,1,9,2043,9,7,1.0
764,1,9,2043,10,9,1.0
765,1,9,2043,10,13,1.0
766,1,9,2043,11,9,1.0
767,1,9,2043,11,13,1.0
768,1,9,2044,4,1,0.969961811056563
769,1,9,2044,4,2,0.969961811056563
770,1,9,2044,4,3,0.969961811056563
771,1,9,2044,5,1,1.20833010081351
772,1,9,2044,5,2,1.20833010081351
773,1,9,2044,5,3,1.20833010081351
774,1,9,2044,6,1,0.990297343992831
775,1,9,2044,6,2,0.990297343992831
776,1,9,2044,6,3,0.990297343992831
777,1,9,2044,7,4,1.0
778,1,9,2044,7,10,1.0
779,1,9,2044,7,11,1.0
780,1,9,2044,7,12,1.0
781,1,9,2044,8,4,1.0
782,1,9,2044,8,10,1.0
783,1,9,2044,8,11,1.0
784,1,9,2044,8,12,1.0
785,1,9,2044,9,5,1.0
786,1,9,2044,9,6,1.0
787,1,9,2044,9,7,1.0
788,1,9,2044,10,9,1.0
789,1,9,2044,10,13,1.0
790,1,9,2044,11,9,1.0
791,1,9,2044,11,13,1.0
792,1,9,2045,4,1,0.970042590548187
793,1,9,2045,4,2,0.970042590548187
794,1,9,2045,4,3,0.970042590548187
795,1,9,2045,5,1,1.20833010081351
796,1,9,2045,5,2,1.20833010081351
797,1,9,2045,5,3,1.20833010081351
798,1,9,2045,6,1,0.990297343992831
799,1,9,2045,6,2,0.990297343992831
800,1,9,2045,6,3,0.990297343992831
801,1,9,2045,7,4,1.0
802,1,9,2045,7,10,1.0
803,1,9,2045,7,11,1.0
804,1,9,2045,7,12,1.0
805,1,9,2045,8,4,1.0
806,1,9,2045,8,10,1.0
807,1,9,2045,8,11,1.0
808,1,9,2045,8,12,1.0
809,1,9,2045,9,5,1.0
810,1,9,2045,9,6,1.0
811,1,9,2045,9,7,1.0
812,1,9,2045,10,9,1.0
813,1,9,2045,10,13,1.0
814,1,9,2045,11,9,1.0
815,1,9,2045,11,13,1.0
816,1,9,2046,4,1,0.970171447606558
817,1,9,2046,4,2,0.970171447606558
818,1,9,2046,4,3,0.970171447606558
819,1,9,2046,5,1,1.20833010081351
820,1,9,2046,5,2,1.20833010081351
821,1,9,2046,5,3,1.20833010081351
822,1,9,2046,6,1,0.990297343992831
823,1,9,2046,6,2,0.990297343992831
824,1,9,2046,6,3,0.990297343992831
825,1,9,2046,7,4,1.0
826,1,9,2046,7,10,1.0
827,1,9,2046,7,11,1.0
828,1,9,2046,7,12,1.0
829,1,9,2046,8,4,1.0
830,1,9,2046,8,10,1.0
831,1,9,2046,8,11,1.0
832,1,9,2046,8,12,1.0
833,1,9,2046,9,5,1.0
834,1,9,2046,9,6,1.0
835,1,9,2046,9,7,1.0
836,1,9,2046,10,9,1.0
837,1,9,2046,10,13,1.0
838,1,9,2046,11,9,1.0
839,1,9,2046,11,13,1.0
840,1,9,2047,4,1,0.970292387356802
841,1,9,2047,4,2,0.970292387356802
842,1,9,2047,4,3,0.970292387356802
843,1,9,2047,5,1,1.20833010081351
844,1,9,2047,5,2,1.20833010081351
845,1,9,2047,5,3,1.20833010081351
846,1,9,2047,6,1,0.990297343992831
847,1,9,2047,6,2,0.990297343992831
848,1,9,2047,6,3,0.990297343992831
849,1,9,2047,7,4,1.0
850,1,9,2047,7,10,1.0
851,1,9,2047,7,11,1.0
852,1,9,2047,7,12,1.0
853,1,9,2047,8,4,1.0
854,1,9,2047,8,10,1.0
855,1,9,2047,8,11,1.0
856,1,9,2047,8,12,1.0
857,1,9,2047,9,5,1.0
858,1,9,2047,9,6,1.0
859,1,9,2047,9,7,1.0
860,1,9,2047,10,9,1.0
861,1,9,2047,10,13,1.0
862,1,9,2047,11,9,1.0
863,1,9,2047,11,13,1.0
864,1,9,2048,4,1,0.970396000824041
865,1,9,2048,4,2,0.970396000824041
866,1,9,2048,4,3,0.970396000824041
867,1,9,2048,5,1,1.20833010081351
868,1,9,2048,5,2,1.20833010081351
869,1,9,2048,5,3,1.20833010081351
870,1,9,2048,6,1,0.990297343992831
871,1,9,2048,6,2,0.990297343992831
872,1,9,2048,6,3,0.990297343992831
873,1,9,2048,7,4,1.0
874,1,9,2048,7,10,1.0
875,1,9,2048,7,11,1.0
876,1,9,2048,7,12,1.0
877,1,9,2048,8,4,1.0
878,1,9,2048,8,10,1.0
879,1,9,2048,8,11,1.0
880,1,9,2048,8,12,1.0
881,1,9,2048,9,5,1.0
882,1,9,2048,9,6,1.0
883,1,9,2048,9,7,1.0
884,1,9,2048,10,9,1.0
885,1,9,2048,10,13,1.0
886,1,9,2048,11,9,1.0
887,1,9,2048,11,13,1.0
888,1,9,2049,4,1,0.970495483521821
889,1,9,2049,4,2,0.970495483521821
890,1,9,2049,4,3,0.970495483521821
891,1,9,2049,5,1,1.20833010081351
892,1,9,2049,5,2,1.20833010081351
893,1,9,2049,5,3,1.20833010081351
894,1,9,2049,6,1,0.990297343992831
895,1,9,2049,6,2,0.990297343992831
896,1,9,2049,6,3,0.990297343992831
897,1,9,2049,7,4,1.0
898,1,9,2049,7,10,1.0
899,1,9,2049,7,11,1.0
900,1,9,2049,7,12,1.0
901,1,9,2049,8,4,1.0
902,1,9,2049,8,10,1.0
903,1,9,2049,8,11,1.0
904,1,9,2049,8,12,1.0
905,1,9,2049,9,5,1.0
906,1,9,2049,9,6,1.0
907,1,9,2049,9,7,1.0
908,1,9,2049,10,9,1.0
909,1,9,2049,10,13,1.0
910,1,9,2049,11,9,1.0
911,1,9,2049,11,13,1.0
912,1,9,2050,4,1,0.970580852757287
913,1,9,2050,4,2,0.970580852757287
914,1,9,2050,4,3,0.970580852757287
915,1,9,2050,5,1,1.20833010081351
916,1,9,2050,5,2,1.20833010081351
917,1,9,2050,5,3,1.20833010081351
918,1,9,2050,6,1,0.990297343992831
919,1,9,2050,6,2,0.990297343992831
920,1,9,2050,6,3,0.990297343992831
921,1,9,2050,7,4,1.0
922,1,9,2050,7,10,1.0
923,1,9,2050,7,11,1.0
924,1,9,2050,7,12,1.0
925,1,9,2050,8,4,1.0
926,1,9,2050,8,10,1.0
927,1,9,2050,8,11,1.0
928,1,9,2050,8,12,1.0
929,1,9,2050,9,5,1.0
930,1,9,2050,9,6,1.0
931,1,9,2050,9,7,1.0
932,1,9,2050,10,9,1.0
933,1,9,2050,10,13,1.0
934,1,9,2050,11,9,1.0
935,1,9,2050,11,13,1.0
936,1,9,2051,4,1,1.00789737875117
937,1,9,2051,4,2,1.00789737875117
938,1,9,2051,4,3,1.00789737875117
939,1,9,2051,5,1,1.20833010081351
940,1,9,2051,5,2,1.20833010081351
941,1,9,2051,5,3,1.20833010081351
942,1,9,2051,6,1,0.990297343992831
943,1,9,2051,6,2,0.990297343992831
944,1,9,2051,6,3,0.990297343992831
945,1,9,2051,7,4,1.0
946,1,9,2051,7,10,1.0
947,1,9,2051,7,11,1.0
948,1,9,2051,7,12,1.0
949,1,9,2051,8,4,1.0
950,1,9,2051,8,10,1.0
951,1,9,2051,8,11,1.0
952,1,9,2051,8,12,1.0
953,1,9,2051,9,5,1.0
954,1,9,2051,9,6,1.0
955,1,9,2051,9,7,1.0
956,1,9,2051,10,9,1.0
957,1,9,2051,10,13,1.0
958,1,9,2051,11,9,1.0
959,1,9,2051,11,13,1.0
960,1,9,2052,4,1,1.00789737875117
961,1,9,2052,4,2,1.00789737875117
962,1,9,2052,4,3,1.00789737875117
963,1,9,2052,5,1,1.20833010081351
964,1,9,2052,5,2,1.20833010081351
965,1,9,2052,5,3,1.20833010081351
966,1,9,2052,6,1,0.990297343992831
967,1,9,2052,6,2,0.990297343992831
968,1,9,2052,6,3,0.990297343992831
969,1,9,2052,7,4,1.0
970,1,9,2052,7,10,1.0
971,1,9,2052,7,11,1.0
972,1,9,2052,7,12,1.0
973,1,9,2052,8,4,1.0
974,1,9,2052,8,10,1.0
975,1,9,2052,8,11,1.0
976,1,9,2052,8,12,1.0
977,1,9,2052,9,5,1.0
978,1,9,2052,9,6,1.0
979,1,9,2052,9,7,1.0
980,1,9,2052,10,9,1.0
981,1,9,2052,10,13,1.0
982,1,9,2052,11,9,1.0
983,1,9,2052,11,13,1.0
984,1,9,2053,4,1,1.00789737875117
985,1,9,2053,4,2,1.00789737875117
986,1,9,2053,4,3,1.00789737875117
987,1,9,2053,5,1,1.20833010081351
988,1,9,2053,5,2,1.20833010081351
989,1,9,2053,5,3,1.20833010081351
990,1,9,2053,6,1,0.990297343992831
991,1,9,2053,6,2,0.990297343992831
992,1,9,2053,6,3,0.990297343992831
993,1,9,2053,7,4,1.0
994,1,9,2053,7,10,1.0
995,1,9,2053,7,11,1.0
996,1,9,2053,7,12,1.0
997,1,9,2053,8,4,1.0
998,1,9,2053,8,10,1.0
999,1,9,2053,8,11,1.0
1000,1,9,2053,8,12,1.0
1001,1,9,2053,9,5,1.0
1002,1,9,2053,9,6,1.0
1003,1,9,2053,9,7,1.0
1004,1,9,2053,10,9,1.0
1005,1,9,2053,10,13,1.0
1006,1,9,2053,11,9,1.0
1007,1,9,2053,11,13,1.0
1008,1,9,2054,4,1,1.00789737875117
1009,1,9,2054,4,2,1.00789737875117
1010,1,9,2054,4,3,1.00789737875117
1011,1,9,2054,5,1,1.20833010081351
1012,1,9,2054,5,2,1.20833010081351
1013,1,9,2054,5,3,1.20833010081351
1014,1,9,2054,6,1,0.990297343992831
1015,1,9,2054,6,2,0.990297343992831
1016,1,9,2054,6,3,0.990297343992831
1017,1,9,2054,7,4,1.0
1018,1,9,2054,7,10,1.0
1019,1,9,2054,7,11,1.0
1020,1,9,2054,7,12,1.0
1021,1,9,2054,8,4,1.0
1022,1,9,2054,8,10,1.0
1023,1,9,2054,8,11,1.0
1024,1,9,2054,8,12,1.0
1025,1,9,2054,9,5,1.0
1026,1,9,2054,9,6,1.0
1027,1,9,2054,9,7,1.0
1028,1,9,2054,10,9,1.0
1029,1,9,2054,10,13,1.0
1030,1,9,2054,11,9,1.0
1031,1,9,2054,11,13,1.0
1032,1,9,2055,4,1,1.00789737875117
1033,1,9,2055,4,2,1.00789737875117
1034,1,9,2055,4,3,1.00789737875117
1035,1,9,2055,5,1,1.20833010081351
1036,1,9,2055,5,2,1.20833010081351
1037,1,9,2055,5,3,1.20833010081351
1038,1,9,2055,6,1,0.990297343992831
1039,1,9,2055,6,2,0.990297343992831
1040,1,9,2055,6,3,0.990297343992831
1041,1,9,2055,7,4,1.0
1042,1,9,2055,7,10,1.0
1043,1,9,2055,7,11,1.0
1044,1,9,2055,7,12,1.0
1045,1,9,2055,8,4,1.0
1046,1,9,2055,8,10,1.0
1047,1,9,2055,8,11,1.0
1048,1,9,2055,8,12,1.0
1049,1,9,2055,9,5,1.0
1050,1,9,2055,9,6,1.0
1051,1,9,2055,9,7,1.0
1052,1,9,2055,10,9,1.0
1053,1,9,2055,10,13,1.0
1054,1,9,2055,11,9,1.0
1055,1,9,2055,11,13,1.0
1056,1,9,2056,4,1,1.00789737875117
1057,1,9,2056,4,2,1.00789737875117
1058,1,9,2056,4,3,1.00789737875117
1059,1,9,2056,5,1,1.20833010081351
1060,1,9,2056,5,2,1.20833010081351
1061,1,9,2056,5,3,1.20833010081351
1062,1,9,2056,6,1,0.990297343992831
1063,1,9,2056,6,2,0.990297343992831
1064,1,9,2056,6,3,0.990297343992831
1065,1,9,2056,7,4,1.0
1066,1,9,2056,7,10,1.0
1067,1,9,2056,7,11,1.0
1068,1,9,2056,7,12,1.0
1069,1,9,2056,8,4,1.0
1070,1,9,2056,8,10,1.0
1071,1,9,2056,8,11,1.0
1072,1,9,2056,8,12,1.0
1073,1,9,2056,9,5,1.0
1074,1,9,2056,9,6,1.0
1075,1,9,2056,9,7,1.0
1076,1,9,2056,10,9,1.0
1077,1,9,2056,10,13,1.0
1078,1,9,2056,11,9,1.0
1079,1,9,2056,11,13,1.0
1080,1,9,2057,4,1,1.00789737875117
1081,1,9,2057,4,2,1.00789737875117
1082,1,9,2057,4,3,1.00789737875117
1083,1,9,2057,5,1,1.20833010081351
1084,1,9,2057,5,2,1.20833010081351
1085,1,9,2057,5,3,1.20833010081351
1086,1,9,2057,6,1,0.990297343992831
1087,1,9,2057,6,2,0.990297343992831
1088,1,9,2057,6,3,0.990297343992831
1089,1,9,2057,7,4,1.0
1090,1,9,2057,7,10,1.0
1091,1,9,2057,7,11,1.0
1092,1,9,2057,7,12,1.0
1093,1,9,2057,8,4,1.0
1094,1,9,2057,8,10,1.0
1095,1,9,2057,8,11,1.0
1096,1,9,2057,8,12,1.0
1097,1,9,2057,9,5,1.0
1098,1,9,2057,9,6,1.0
1099,1,9,2057,9,7,1.0
1100,1,9,2057,10,9,1.0
1101,1,9,2057,10,13,1.0
1102,1,9,2057,11,9,1.0
1103,1,9,2057,11,13,1.0
1104,1,9,2058,4,1,1.00789737875117
1105,1,9,2058,4,2,1.00789737875117
1106,1,9,2058,4,3,1.00789737875117
1107,1,9,2058,5,1,1.20833010081351
1108,1,9,2058,5,2,1.20833010081351
1109,1,9,2058,5,3,1.20833010081351
1110,1,9,2058,6,1,0.990297343992831
1111,1,9,2058,6,2,0.990297343992831
1112,1,9,2058,6,3,0.990297343992831
1113,1,9,2058,7,4,1.0
1114,1,9,2058,7,10,1.0
1115,1,9,2058,7,11,1.0
1116,1,9,2058,7,12,1.0
1117,1,9,2058,8,4,1.0
1118,1,9,2058,8,10,1.0
1119,1,9,2058,8,11,1.0
1120,1,9,2058,8,12,1.0
1121,1,9,2058,9,5,1.0
1122,1,9,2058,9,6,1.0
1123,1,9,2058,9,7,1.0
1124,1,9,2058,10,9,1.0
1125,1,9,2058,10,13,1.0
1126,1,9,2058,11,9,1.0
1127,1,9,2058,11,13,1.0
1128,1,9,2059,4,1,1.00789737875117
1129,1,9,2059,4,2,1.00789737875117
1130,1,9,2059,4,3,1.00789737875117
1131,1,9,2059,5,1,1.20833010081351
1132,1,9,2059,5,2,1.20833010081351
1133,1,9,2059,5,3,1.20833010081351
1134,1,9,2059,6,1,0.990297343992831
1135,1,9,2059,6,2,0.990297343992831
1136,1,9,2059,6,3,0.990297343992831
1137,1,9,2059,7,4,1.0
1138,1,9,2059,7,10,1.0
1139,1,9,2059,7,11,1.0
1140,1,9,2059,7,12,1.0
1141,1,9,2059,8,4,1.0
1142,1,9,2059,8,10,1.0
1143,1,9,2059,8,11,1.0
1144,1,9,2059,8,12,1.0
1145,1,9,2059,9,5,1.0
1146,1,9,2059,9,6,1.0
1147,1,9,2059,9,7,1.0
1148,1,9,2059,10,9,1.0
1149,1,9,2059,10,13,1.0
1150,1,9,2059,11,9,1.0
1151,1,9,2059,11,13,1.0
1152,1,9,2060,4,1,1.00789737875117
1153,1,9,2060,4,2,1.00789737875117
1154,1,9,2060,4,3,1.00789737875117
1155,1,9,2060,5,1,1.20833010081351
1156,1,9,2060,5,2,1.20833010081351
1157,1,9,2060,5,3,1.20833010081351
1158,1,9,2060,6,1,0.990297343992831
1159,1,9,2060,6,2,0.990297343992831
1160,1,9,2060,6,3,0.990297343992831
1161,1,9,2060,7,4,1.0
1162,1,9,2060,7,10,1.0
1163,1,9,2060,7,11,1.0
1164,1,9,2060,7,12,1.0
1165,1,9,2060,8,4,1.0
1166,1,9,2060,8,10,1.0
1167,1,9,2060,8,11,1.0
1168,1,9,2060,8,12,1.0
1169,1,9,2060,9,5,1.0
1170,1,9,2060,9,6,1.0
1171,1,9,2060,9,7,1.0
1172,1,9,2060,10,9,1.0
1173,1,9,2060,10,13,1.0
1174,1,9,2060,11,9,1.0
1175,1,9,2060,11,13,1.0
1176,1,9,2061,4,1,1.00789737875117
1177,1,9,2061,4,2,1.00789737875117
1178,1,9,2061,4,3,1.00789737875117
1179,1,9,2061,5,1,1.20833010081351
1180,1,9,2061,5,2,1.20833010081351
1181,1,9,2061,5,3,1.20833010081351
1182,1,9,2061,6,1,0.990297343992831
1183,1,9,2061,6,2,0.990297343992831
1184,1,9,2061,6,3,0.990297343992831
1185,1,9,2061,7,4,1.0
1186,1,9,2061,7,10,1.0
1187,1,9,2061,7,11,1.0
1188,1,9,2061,7,12,1.0
1189,1,9,2061,8,4,1.0
1190,1,9,2061,8,10,1.0
1191,1,9,2061,8,11,1.0
1192,1,9,2061,8,12,1.0
1193,1,9,2061,9,5,1.0
1194,1,9,2061,9,6,1.0
1195,1,9,2061,9,7,1.0
1196,1,9,2061,10,9,1.0
1197,1,9,2061,10,13,1.0
1198,1,9,2061,11,9,1.0
1199,1,9,2061,11,13,1.0
1200,1,9,2062,4,1,1.00789737875117
1201,1,9,2062,4,2,1.00789737875117
1202,1,9,2062,4,3,1.00789737875117
1203,1,9,2062,5,1,1.20833010081351
1204,1,9,2062,5,2,1.20833010081351
1205,1,9,2062,5,3,1.20833010081351
1206,1,9,2062,6,1,0.990297343992831
1207,1,9,2062,6,2,0.990297343992831
1208,1,9,2062,6,3,0.990297343992831
1209,1,9,2062,7,4,1.0
1210,1,9,2062,7,10,1.0
1211,1,9,2062,7,11,1.0
1212,1,9,2062,7,12,1.0
1213,1,9,2062,8,4,1.0
1214,1,9,2062,8,10,1.0
1215,1,9,2062,8,11,1.0
1216,1,9,2062,8,12,1.0
1217,1,9,2062,9,5,1.0
1218,1,9,2062,9,6,1.0
1219,1,9,2062,9,7,1.0
1220,1,9,2062,10,9,1.0
1221,1,9,2062,10,13,1.0
1222,1,9,2062,11,9,1.0
1223,1,9,2062,11,13,1.0
1224,1,9,2063,4,1,1.00789737875117
1225,1,9,2063,4,2,1.00789737875117
1226,1,9,2063,4,3,1.00789737875117
1227,1,9,2063,5,1,1.20833010081351
1228,1,9,2063,5,2,1.20833010081351
1229,1,9,2063,5,3,1.20833010081351
1230,1,9,2063,6,1,0.990297343992831
1231,1,9,2063,6,2,0.990297343992831
1232,1,9,2063,6,3,0.990297343992831
1233,1,9,2063,7,4,1.0
1234,1,9,2063,7,10,1.0
1235,1,9,2063,7,11,1.0
1236,1,9,2063,7,12,1.0
1237,1,9,2063,8,4,1.0
1238,1,9,2063,8,10,1.0
1239,1,9,2063,8,11,1.0
1240,1,9,2063,8,12,1.0
1241,1,9,2063,9,5,1.0
1242,1,9,2063,9,6,1.0
1243,1,9,2063,9,7,1.0
1244,1,9,2063,10,9,1.0
1245,1,9,2063,10,13,1.0
1246,1,9,2063,11,9,1.0
1247,1,9,2063,11,13,1.0
1248,1,9,2064,4,1,1.00789737875117
1249,1,9,2064,4,2,1.00789737875117
1250,1,9,2064,4,3,1.00789737875117
1251,1,9,2064,5,1,1.20833010081351
1252,1,9,2064,5,2,1.20833010081351
1253,1,9,2064,5,3,1.20833010081351
1254,1,9,2064,6,1,0.990297343992831
1255,1,9,2064,6,2,0.990297343992831
1256,1,9,2064,6,3,0.990297343992831
1257,1,9,2064,7,4,1.0
1258,1,9,2064,7,10,1.0
1259,1,9,2064,7,11,1.0
1260,1,9,2064,7,12,1.0
1261,1,9,2064,8,4,1.0
1262,1,9,2064,8,10,1.0
1263,1,9,2064,8,11,1.0
1264,1,9,2064,8,12,1.0
1265,1,9,2064,9,5,1.0
1266,1,9,2064,9,6,1.0
1267,1,9,2064,9,7,1.0
1268,1,9,2064,10,9,1.0
1269,1,9,2064,10,13,1.0
1270,1,9,2064,11,9,1.0
1271,1,9,2064,11,13,1.0
1272,1,9,2065,4,1,1.00789737875117
1273,1,9,2065,4,2,1.00789737875117
1274,1,9,2065,4,3,1.00789737875117
1275,1,9,2065,5,1,1.20833010081351
1276,1,9,2065,5,2,1.20833010081351
1277,1,9,2065,5,3,1.20833010081351
1278,1,9,2065,6,1,0.990297343992831
1279,1,9,2065,6,2,0.990297343992831
1280,1,9,2065,6,3,0.990297343992831
1281,1,9,2065,7,4,1.0
1282,1,9,2065,7,10,1.0
1283,1,9,2065,7,11,1.0
1284,1,9,2065,7,12,1.0
1285,1,9,2065,8,4,1.0
1286,1,9,2065,8,10,1.0
1287,1,9,2065,8,11,1.0
1288,1,9,2065,8,12,1.0
1289,1,9,2065,9,5,1.0
1290,1,9,2065,9,6,1.0
1291,1,9,2065,9,7,1.0
1292,1,9,2065,10,9,1.0
1293,1,9,2065,10,13,1.0
1294,1,9,2065,11,9,1.0
1295,1,9,2065,11,13,1.0
1296,1,9,2066,4,1,1.00789737875117
1297,1,9,2066,4,2,1.00789737875117
1298,1,9,2066,4,3,1.00789737875117
1299,1,9,2066,5,1,1.20833010081351
1300,1,9,2066,5,2,1.20833010081351
1301,1,9,2066,5,3,1.20833010081351
1302,1,9,2066,6,1,0.990297343992831
1303,1,9,2066,6,2,0.990297343992831
1304,1,9,2066,6,3,0.990297343992831
1305,1,9,2066,7,4,1.0
1306,1,9,2066,7,10,1.0
1307,1,9,2066,7,11,1.0
1308,1,9,2066,7,12,1.0
1309,1,9,2066,8,4,1.0
1310,1,9,2066,8,10,1.0
1311,1,9,2066,8,11,1.0
1312,1,9,2066,8,12,1.0
1313,1,9,2066,9,5,1.0
1314,1,9,2066,9,6,1.0
1315,1,9,2066,9,7,1.0
1316,1,9,2066,10,9,1.0
1317,1,9,2066,10,13,1.0
1318,1,9,2066,11,9,1.0
1319,1,9,2066,11,13,1.0
1320,1,9,2067,4,1,1.00789737875117
1321,1,9,2067,4,2,1.00789737875117
1322,1,9,2067,4,3,1.00789737875117
1323,1,9,2067,5,1,1.20833010081351
1324,1,9,2067,5,2,1.20833010081351
1325,1,9,2067,5,3,1.20833010081351
1326,1,9,2067,6,1,0.990297343992831
1327,1,9,2067,6,2,0.990297343992831
1328,1,9,2067,6,3,0.990297343992831
1329,1,9,2067,7,4,1.0
1330,1,9,2067,7,10,1.0
1331,1,9,2067,7,11,1.0
1332,1,9,2067,7,12,1.0
1333,1,9,2067,8,4,1.0
1334,1,9,2067,8,10,1.0
1335,1,9,2067,8,11,1.0
1336,1,9,2067,8,12,1.0
1337,1,9,2067,9,5,1.0
1338,1,9,2067,9,6,1.0
1339,1,9,2067,9,7,1.0
1340,1,9,2067,10,9,1.0
1341,1,9,2067,10,13,1.0
1342,1,9,2067,11,9,1.0
1343,1,9,2067,11,13,1.0
1344,1,9,2068,4,1,1.00789737875117
1345,1,9,2068,4,2,1.00789737875117
1346,1,9,2068,4,3,1.00789737875117
1347,1,9,2068,5,1,1.20833010081351
1348,1,9,2068,5,2,1.20833010081351
1349,1,9,2068,5,3,1.20833010081351
1350,1,9,2068,6,1,0.990297343992831
1351,1,9,2068,6,2,0.990297343992831
1352,1,9,2068,6,3,0.990297343992831
1353,1,9,2068,7,4,1.0
1354,1,9,2068,7,10,1.0
1355,1,9,2068,7,11,1.0
1356,1,9,2068,7,12,1.0
1357,1,9,2068,8,4,1.0
1358,1,9,2068,8,10,1.0
1359,1,9,2068,8,11,1.0
1360,1,9,2068,8,12,1.0
1361,1,9,2068,9,5,1.0
1362,1,9,2068,9,6,1.0
1363,1,9,2068,9,7,1.0
1364,1,9,2068,10,9,1.0
1365,1,9,2068,10,13,1.0
1366,1,9,2068,11,9,1.0
1367,1,9,2068,11,13,1.0
1368,1,9,2069,4,1,1.00789737875117
1369,1,9,2069,4,2,1.00789737875117
1370,1,9,2069,4,3,1.00789737875117
1371,1,9,2069,5,1,1.20833010081351
1372,1,9,2069,5,2,1.20833010081351
1373,1,9,2069,5,3,1.20833010081351
1374,1,9,2069,6,1,0.990297343992831
1375,1,9,2069,6,2,0.990297343992831
1376,1,9,2069,6,3,0.990297343992831
1377,1,9,2069,7,4,1.0
1378,1,9,2069,7,10,1.0
1379,1,9,2069,7,11,1.0
1380,1,9,2069,7,12,1.0
1381,1,9,2069,8,4,1.0
1382,1,9,2069,8,10,1.0
1383,1,9,2069,8,11,1.0
1384,1,9,2069,8,12,1.0
1385,1,9,2069,9,5,1.0
1386,1,9,2069,9,6,1.0
1387,1,9,2069,9,7,1.0
1388,1,9,2069,10,9,1.0
1389,1,9,2069,10,13,1.0
1390,1,9,2069,11,9,1.0
1391,1,9,2069,11,13,1.0
1392,1,9,2070,4,1,1.00789737875117
1393,1,9,2070,4,2,1.00789737875117
1394,1,9,2070,4,3,1.00789737875117
1395,1,9,2070,5,1,1.20833010081351
1396,1,9,2070,5,2,1.20833010081351
1397,1,9,2070,5,3,1.20833010081351
1398,1,9,2070,6,1,0.990297343992831
1399,1,9,2070,6,2,0.990297343992831
1400,1,9,2070,6,3,0.990297343992831
1401,1,9,2070,7,4,1.0
1402,1,9,2070,7,10,1.0
1403,1,9,2070,7,11,1.0
1404,1,9,2070,7,12,1.0
1405,1,9,2070,8,4,1.0
1406,1,9,2070,8,10,1.0
1407,1,9,2070,8,11,1.0
1408,1,9,2070,8,12,1.0
1409,1,9,2070,9,5,1.0
1410,1,9,2070,9,6,1.0
1411,1,9,2070,9,7,1.0
1412,1,9,2070,10,9,1.0
1413,1,9,2070,10,13,1.0
1414,1,9,2070,11,9,1.0
1415,1,9,2070,11,13,1.0
1416,1,9,2071,4,1,1.00789737875117
1417,1,9,2071,4,2,1.00789737875117
1418,1,9,2071,4,3,1.00789737875117
1419,1,9,2071,5,1,1.20833010081351
1420,1,9,2071,5,2,1.20833010081351
1421,1,9,2071,5,3,1.20833010081351
1422,1,9,2071,6,1,0.990297343992831
1423,1,9,2071,6,2,0.990297343992831
1424,1,9,2071,6,3,0.990297343992831
1425,1,9,2071,7,4,1.0
1426,1,9,2071,7,10,1.0
1427,1,9,2071,7,11,1.0
1428,1,9,2071,7,12,1.0
1429,1,9,2071,8,4,1.0
1430,1,9,2071,8,10,1.0
1431,1,9,2071,8,11,1.0
1432,1,9,2071,8,12,1.0
1433,1,9,2071,9,5,1.0
1434,1,9,2071,9,6,1.0
1435,1,9,2071,9,7,1.0
1436,1,9,2071,10,9,1.0
1437,1,9,2071,10,13,1.0
1438,1,9,2071,11,9,1.0
1439,1,9,2071,11,13,1.0
1440,1,9,2072,4,1,1.00789737875117
1441,1,9,2072,4,2,1.00789737875117
1442,1,9,2072,4,3,1.00789737875117
1443,1,9,2072,5,1,1.20833010081351
1444,1,9,2072,5,2,1.20833010081351
1445,1,9,2072,5,3,1.20833010081351
1446,1,9,2072,6,1,0.990297343992831
1447,1,9,2072,6,2,0.990297343992831
1448,1,9,2072,6,3,0.990297343992831
1449,1,9,2072,7,4,1.0
1450,1,9,2072,7,10,1.0
1451,1,9,2072,7,11,1.0
1452,1,9,2072,7,12,1.0
1453,1,9,2072,8,4,1.0
1454,1,9,2072,8,10,1.0
1455,1,9,2072,8,11,1.0
1456,1,9,2072,8,12,1.0
1457,1,9,2072,9,5,1.0
1458,1,9,2072,9,6,1.0
1459,1,9,2072,9,7,1.0
1460,1,9,2072,10,9,1.0
1461,1,9,2072,10,13,1.0
1462,1,9,2072,11,9,1.0
1463,1,9,2072,11,13,1.0
1464,1,9,2073,4,1,1.00789737875117
1465,1,9,2073,4,2,1.00789737875117
1466,1,9,2073,4,3,1.00789737875117
1467,1,9,2073,5,1,1.20833010081351
1468,1,9,2073,5,2,1.20833010081351
1469,1,9,2073,5,3,1.20833010081351
1470,1,9,2073,6,1,0.990297343992831
1471,1,9,2073,6,2,0.990297343992831
1472,1,9,2073,6,3,0.990297343992831
1473,1,9,2073,7,4,1.0
1474,1,9,2073,7,10,1.0
1475,1,9,2073,7,11,1.0
1476,1,9,2073,7,12,1.0
1477,1,9,2073,8,4,1.0
1478,1,9,2073,8,10,1.0
1479,1,9,2073,8,11,1.0
1480,1,9,2073,8,12,1.0
1481,1,9,2073,9,5,1.0
1482,1,9,2073,9,6,1.0
1483,1,9,2073,9,7,1.0
1484,1,9,2073,10,9,1.0
1485,1,9,2073,10,13,1.0
1486,1,9,2073,11,9,1.0
1487,1,9,2073,11,13,1.0
1488,1,9,2074,4,1,1.00789737875117
1489,1,9,2074,4,2,1.00789737875117
1490,1,9,2074,4,3,1.00789737875117
1491,1,9,2074,5,1,1.20833010081351
1492,1,9,2074,5,2,1.20833010081351
1493,1,9,2074,5,3,1.20833010081351
1494,1,9,2074,6,1,0.990297343992831
1495,1,9,2074,6,2,0.990297343992831
1496,1,9,2074,6,3,0.990297343992831
1497,1,9,2074,7,4,1.0
1498,1,9,2074,7,10,1.0
1499,1,9,2074,7,11,1.0
1500,1,9,2074,7,12,1.0
1501,1,9,2074,8,4,1.0
1502,1,9,2074,8,10,1.0
1503,1,9,2074,8,11,1.0
1504,1,9,2074,8,12,1.0
1505,1,9,2074,9,5,1.0
1506,1,9,2074,9,6,1.0
1507,1,9,2074,9,7,1.0
1508,1,9,2074,10,9,1.0
1509,1,9,2074,10,13,1.0
1510,1,9,2074,11,9,1.0
1511,1,9,2074,11,13,1.0
1512,1,9,2075,4,1,1.00789737875117
1513,1,9,2075,4,2,1.00789737875117
1514,1,9,2075,4,3,1.00789737875117
1515,1,9,2075,5,1,1.20833010081351
1516,1,9,2075,5,2,1.20833010081351
1517,1,9,2075,5,3,1.20833010081351
1518,1,9,2075,6,1,0.990297343992831
1519,1,9,2075,6,2,0.990297343992831
1520,1,9,2075,6,3,0.990297343992831
1521,1,9,2075,7,4,1.0
1522,1,9,2075,7,10,1.0
1523,1,9,2075,7,11,1.0
1524,1,9,2075,7,12,1.0
1525,1,9,2075,8,4,1.0
1526,1,9,2075,8,10,1.0
1527,1,9,2075,8,11,1.0
1528,1,9,2075,8,12,1.0
1529,1,9,2075,9,5,1.0
1530,1,9,2075,9,6,1.0
1531,1,9,2075,9,7,1.0
1532,1,9,2075,10,9,1.0
1533,1,9,2075,10,13,1.0
1534,1,9,2075,11,9,1.0
1535,1,9,2075,11,13,1.0
1536,1,9,2076,4,1,1.00789737875117
1537,1,9,2076,4,2,1.00789737875117
1538,1,9,2076,4,3,1.00789737875117
1539,1,9,2076,5,1,1.20833010081351
1540,1,9,2076,5,2,1.20833010081351
1541,1,9,2076,5,3,1.20833010081351
1542,1,9,2076,6,1,0.990297343992831
1543,1,9,2076,6,2,0.990297343992831
1544,1,9,2076,6,3,0.990297343992831
1545,1,9,2076,7,4,1.0
1546,1,9,2076,7,10,1.0
1547,1,9,2076,7,11,1.0
1548,1,9,2076,7,12,1.0
1549,1,9,2076,8,4,1.0
1550,1,9,2076,8,10,1.0
1551,1,9,2076,8,11,1.0
1552,1,9,2076,8,12,1.0
1553,1,9,2076,9,5,1.0
1554,1,9,2076,9,6,1.0
1555,1,9,2076,9,7,1.0
1556,1,9,2076,10,9,1.0
1557,1,9,2076,10,13,1.0
1558,1,9,2076,11,9,1.0
1559,1,9,2076,11,13,1.0
1560,1,9,2077,4,1,1.00789737875117
1561,1,9,2077,4,2,1.00789737875117
1562,1,9,2077,4,3,1.00789737875117
1563,1,9,2077,5,1,1.20833010081351
1564,1,9,2077,5,2,1.20833010081351
1565,1,9,2077,5,3,1.20833010081351
1566,1,9,2077,6,1,0.990297343992831
1567,1,9,2077,6,2,0.990297343992831
1568,1,9,2077,6,3,0.990297343992831
1569,1,9,2077,7,4,1.0
1570,1,9,2077,7,10,1.0
1571,1,9,2077,7,11,1.0
1572,1,9,2077,7,12,1.0
1573,1,9,2077,8,4,1.0
1574,1,9,2077,8,10,1.0
1575,1,9,2077,8,11,1.0
1576,1,9,2077,8,12,1.0
1577,1,9,2077,9,5,1.0
1578,1,9,2077,9,6,1.0
1579,1,9,2077,9,7,1.0
1580,1,9,2077,10,9,1.0
1581,1,9,2077,10,13,1.0
1582,1,9,2077,11,9,1.0
1583,1,9,2077,11,13,1.0
1584,1,9,2078,4,1,1.00789737875117
1585,1,9,2078,4,2,1.00789737875117
1586,1,9,2078,4,3,1.00789737875117
1587,1,9,2078,5,1,1.20833010081351
1588,1,9,2078,5,2,1.20833010081351
1589,1,9,2078,5,3,1.20833010081351
1590,1,9,2078,6,1,0.990297343992831
1591,1,9,2078,6,2,0.990297343992831
1592,1,9,2078,6,3,0.990297343992831
1593,1,9,2078,7,4,1.0
1594,1,9,2078,7,10,1.0
1595,1,9,2078,7,11,1.0
1596,1,9,2078,7,12,1.0
1597,1,9,2078,8,4,1.0
1598,1,9,2078,8,10,1.0
1599,1,9,2078,8,11,1.0
1600,1,9,2078,8,12,1.0
1601,1,9,2078,9,5,1.0
1602,1,9,2078,9,6,1.0
1603,1,9,2078,9,7,1.0
1604,1,9,2078,10,9,1.0
1605,1,9,2078,10,13,1.0
1606,1,9,2078,11,9,1.0
1607,1,9,2078,11,13,1.0
1608,1,9,2079,4,1,1.00789737875117
1609,1,9,2079,4,2,1.00789737875117
1610,1,9,2079,4,3,1.00789737875117
1611,1,9,2079,5,1,1.20833010081351
1612,1,9,2079,5,2,1.20833010081351
1613,1,9,2079,5,3,1.20833010081351
1614,1,9,2079,6,1,0.990297343992831
1615,1,9,2079,6,2,0.990297343992831
1616,1,9,2079,6,3,0.990297343992831
1617,1,9,2079,7,4,1.0
1618,1,9,2079,7,10,1.0
1619,1,9,2079,7,11,1.0
1620,1,9,2079,7,12,1.0
1621,1,9,2079,8,4,1.0
1622,1,9,2079,8,10,1.0
1623,1,9,2079,8,11,1.0
1624,1,9,2079,8,12,1.0
1625,1,9,2079,9,5,1.0
1626,1,9,2079,9,6,1.0
1627,1,9,2079,9,7,1.0
1628,1,9,2079,10,9,1.0
1629,1,9,2079,10,13,1.0
1630,1,9,2079,11,9,1.0
1631,1,9,2079,11,13,1.0
1632,1,9,2080,4,1,1.00789737875117
1633,1,9,2080,4,2,1.00789737875117
1634,1,9,2080,4,3,1.00789737875117
1635,1,9,2080,5,1,1.20833010081351
1636,1,9,2080,5,2,1.20833010081351
1637,1,9,2080,5,3,1.20833010081351
1638,1,9,2080,6,1,0.990297343992831
1639,1,9,2080,6,2,0.990297343992831
1640,1,9,2080,6,3,0.990297343992831
1641,1,9,2080,7,4,1.0
1642,1,9,2080,7,10,1.0
1643,1,9,2080,7,11,1.0
1644,1,9,2080,7,12,1.0
1645,1,9,2080,8,4,1.0
1646,1,9,2080,8,10,1.0
1647,1,9,2080,8,11,1.0
1648,1,9,2080,8,12,1.0
1649,1,9,2080,9,5,1.0
1650,1,9,2080,9,6,1.0
1651,1,9,2080,9,7,1.0
1652,1,9,2080,10,9,1.0
1653,1,9,2080,10,13,1.0
1654,1,9,2080,11,9,1.0
1655,1,9,2080,11,13,1.0
1656,1,9,2081,4,1,1.00789737875117
1657,1,9,2081,4,2,1.00789737875117
1658,1,9,2081,4,3,1.00789737875117
1659,1,9,2081,5,1,1.20833010081351
1660,1,9,2081,5,2,1.20833010081351
1661,1,9,2081,5,3,1.20833010081351
1662,1,9,2081,6,1,0.990297343992831
1663,1,9,2081,6,2,0.990297343992831
1664,1,9,2081,6,3,0.990297343992831
1665,1,9,2081,7,4,1.0
1666,1,9,2081,7,10,1.0
1667,1,9,2081,7,11,1.0
1668,1,9,2081,7,12,1.0
1669,1,9,2081,8,4,1.0
1670,1,9,2081,8,10,1.0
1671,1,9,2081,8,11,1.0
1672,1,9,2081,8,12,1.0
1673,1,9,2081,9,5,1.0
1674,1,9,2081,9,6,1.0
1675,1,9,2081,9,7,1.0
1676,1,9,2081,10,9,1.0
1677,1,9,2081,10,13,1.0
1678,1,9,2081,11,9,1.0
1679,1,9,2081,11,13,1.0
1680,1,9,2082,4,1,1.00789737875117
1681,1,9,2082,4,2,1.00789737875117
1682,1,9,2082,4,3,1.00789737875117
1683,1,9,2082,5,1,1.20833010081351
1684,1,9,2082,5,2,1.20833010081351
1685,1,9,2082,5,3,1.20833010081351
1686,1,9,2082,6,1,0.990297343992831
1687,1,9,2082,6,2,0.990297343992831
1688,1,9,2082,6,3,0.990297343992831
1689,1,9,2082,7,4,1.0
1690,1,9,2082,7,10,1.0
1691,1,9,2082,7,11,1.0
1692,1,9,2082,7,12,1.0
1693,1,9,2082,8,4,1.0
1694,1,9,2082,8,10,1.0
1695,1,9,2082,8,11,1.0
1696,1,9,2082,8,12,1.0
1697,1,9,2082,9,5,1.0
1698,1,9,2082,9,6,1.0
1699,1,9,2082,9,7,1.0
1700,1,9,2082,10,9,1.0
1701,1,9,2082,10,13,1.0
1702,1,9,2082,11,9,1.0
1703,1,9,2082,11,13,1.0
1704,1,9,2083,4,1,1.00789737875117
1705,1,9,2083,4,2,1.00789737875117
1706,1,9,2083,4,3,1.00789737875117
1707,1,9,2083,5,1,1.20833010081351
1708,1,9,2083,5,2,1.20833010081351
1709,1,9,2083,5,3,1.20833010081351
1710,1,9,2083,6,1,0.990297343992831
1711,1,9,2083,6,2,0.990297343992831
1712,1,9,2083,6,3,0.990297343992831
1713,1,9,2083,7,4,1.0
1714,1,9,2083,7,10,1.0
1715,1,9,2083,7,11,1.0
1716,1,9,2083,7,12,1.0
1717,1,9,2083,8,4,1.0
1718,1,9,2083,8,10,1.0
1719,1,9,2083,8,11,1.0
1720,1,9,2083,8,12,1.0
1721,1,9,2083,9,5,1.0
1722,1,9,2083,9,6,1.0
1723,1,9,2083,9,7,1.0
1724,1,9,2083,10,9,1.0
1725,1,9,2083,10,13,1.0
1726,1,9,2083,11,9,1.0
1727,1,9,2083,11,13,1.0
1728,1,9,2084,4,1,1.00789737875117
1729,1,9,2084,4,2,1.00789737875117
1730,1,9,2084,4,3,1.00789737875117
1731,1,9,2084,5,1,1.20833010081351
1732,1,9,2084,5,2,1.20833010081351
1733,1,9,2084,5,3,1.20833010081351
1734,1,9,2084,6,1,0.990297343992831
1735,1,9,2084,6,2,0.990297343992831
1736,1,9,2084,6,3,0.990297343992831
1737,1,9,2084,7,4,1.0
1738,1,9,2084,7,10,1.0
1739,1,9,2084,7,11,1.0
1740,1,9,2084,7,12,1.0
1741,1,9,2084,8,4,1.0
1742,1,9,2084,8,10,1.0
1743,1,9,2084,8,11,1.0
1744,1,9,2084,8,12,1.0
1745,1,9,2084,9,5,1.0
1746,1,9,2084,9,6,1.0
1747,1,9,2084,9,7,1.0
1748,1,9,2084,10,9,1.0
1749,1,9,2084,10,13,1.0
1750,1,9,2084,11,9,1.0
1751,1,9,2084,11,13,1.0
1752,1,9,2085,4,1,1.00789737875117
1753,1,9,2085,4,2,1.00789737875117
1754,1,9,2085,4,3,1.00789737875117
1755,1,9,2085,5,1,1.20833010081351
1756,1,9,2085,5,2,1.20833010081351
1757,1,9,2085,5,3,1.20833010081351
1758,1,9,2085,6,1,0.990297343992831
1759,1,9,2085,6,2,0.990297343992831
1760,1,9,2085,6,3,0.990297343992831
1761,1,9,2085,7,4,1.0
1762,1,9,2085,7,10,1.0
1763,1,9,2085,7,11,1.0
1764,1,9,2085,7,12,1.0
1765,1,9,2085,8,4,1.0
1766,1,9,2085,8,10,1.0
1767,1,9,2085,8,11,1.0
1768,1,9,2085,8,12,1.0
1769,1,9,2085,9,5,1.0
1770,1,9,2085,9,6,1.0
1771,1,9,2085,9,7,1.0
1772,1,9,2085,10,9,1.0
1773,1,9,2085,10,13,1.0
1774,1,9,2085,11,9,1.0
1775,1,9,2085,11,13,1.0
1776,1,9,2086,4,1,1.00789737875117
1777,1,9,2086,4,2,1.00789737875117
1778,1,9,2086,4,3,1.00789737875117
1779,1,9,2086,5,1,1.20833010081351
1780,1,9,2086,5,2,1.20833010081351
1781,1,9,2086,5,3,1.20833010081351
1782,1,9,2086,6,1,0.990297343992831
1783,1,9,2086,6,2,0.990297343992831
1784,1,9,2086,6,3,0.990297343992831
1785,1,9,2086,7,4,1.0
1786,1,9,2086,7,10,1.0
1787,1,9,2086,7,11,1.0
1788,1,9,2086,7,12,1.0
1789,1,9,2086,8,4,1.0
1790,1,9,2086,8,10,1.0
1791,1,9,2086,8,11,1.0
1792,1,9,2086,8,12,1.0
1793,1,9,2086,9,5,1.0
1794,1,9,2086,9,6,1.0
1795,1,9,2086,9,7,1.0
1796,1,9,2086,10,9,1.0
1797,1,9,2086,10,13,1.0
1798,1,9,2086,11,9,1.0
1799,1,9,2086,11,13,1.0
1800,1,9,2087,4,1,1.00789737875117
1801,1,9,2087,4,2,1.00789737875117
1802,1,9,2087,4,3,1.00789737875117
1803,1,9,2087,5,1,1.20833010081351
1804,1,9,2087,5,2,1.20833010081351
1805,1,9,2087,5,3,1.20833010081351
1806,1,9,2087,6,1,0.990297343992831
1807,1,9,2087,6,2,0.990297343992831
1808,1,9,2087,6,3,0.990297343992831
1809,1,9,2087,7,4,1.0
1810,1,9,2087,7,10,1.0
1811,1,9,2087,7,11,1.0
1812,1,9,2087,7,12,1.0
1813,1,9,2087,8,4,1.0
1814,1,9,2087,8,10,1.0
1815,1,9,2087,8,11,1.0
1816,1,9,2087,8,12,1.0
1817,1,9,2087,9,5,1.0
1818,1,9,2087,9,6,1.0
1819,1,9,2087,9,7,1.0
1820,1,9,2087,10,9,1.0
1821,1,9,2087,10,13,1.0
1822,1,9,2087,11,9,1.0
1823,1,9,2087,11,13,1.0
1824,1,9,2088,4,1,1.00789737875117
1825,1,9,2088,4,2,1.00789737875117
1826,1,9,2088,4,3,1.00789737875117
1827,1,9,2088,5,1,1.20833010081351
1828,1,9,2088,5,2,1.20833010081351
1829,1,9,2088,5,3,1.20833010081351
1830,1,9,2088,6,1,0.990297343992831
1831,1,9,2088,6,2,0.990297343992831
1832,1,9,2088,6,3,0.990297343992831
1833,1,9,2088,7,4,1.0
1834,1,9,2088,7,10,1.0
1835,1,9,2088,7,11,1.0
1836,1,9,2088,7,12,1.0
1837,1,9,2088,8,4,1.0
1838,1,9,2088,8,10,1.0
1839,1,9,2088,8,11,1.0
1840,1,9,2088,8,12,1.0
1841,1,9,2088,9,5,1.0
1842,1,9,2088,9,6,1.0
1843,1,9,2088,9,7,1.0
1844,1,9,2088,10,9,1.0
1845,1,9,2088,10,13,1.0
1846,1,9,2088,11,9,1.0
1847,1,9,2088,11,13,1.0
1848,1,9,2089,4,1,1.00789737875117
1849,1,9,2089,4,2,1.00789737875117
1850,1,9,2089,4,3,1.00789737875117
1851,1,9,2089,5,1,1.20833010081351
1852,1,9,2089,5,2,1.20833010081351
1853,1,9,2089,5,3,1.20833010081351
1854,1,9,2089,6,1,0.990297343992831
1855,1,9,2089,6,2,0.990297343992831
1856,1,9,2089,6,3,0.990297343992831
1857,1,9,2089,7,4,1.0
1858,1,9,2089,7,10,1.0
1859,1,9,2089,7,11,1.0
1860,1,9,2089,7,12,1.0
1861,1,9,2089,8,4,1.0
1862,1,9,2089,8,10,1.0
1863,1,9,2089,8,11,1.0
1864,1,9,2089,8,12,1.0
1865,1,9,2089,9,5,1.0
1866,1,9,2089,9,6,1.0
1867,1,9,2089,9,7,1.0
1868,1,9,2089,10,9,1.0
1869,1,9,2089,10,13,1.0
1870,1,9,2089,11,9,1.0
1871,1,9,2089,11,13,1.0
1872,1,9,2090,4,1,1.00789737875117
1873,1,9,2090,4,2,1.00789737875117
1874,1,9,2090,4,3,1.00789737875117
1875,1,9,2090,5,1,1.20833010081351
1876,1,9,2090,5,2,1.20833010081351
1877,1,9,2090,5,3,1.20833010081351
1878,1,9,2090,6,1,0.990297343992831
1879,1,9,2090,6,2,0.990297343992831
1880,1,9,2090,6,3,0.990297343992831
1881,1,9,2090,7,4,1.0
1882,1,9,2090,7,10,1.0
1883,1,9,2090,7,11,1.0
1884,1,9,2090,7,12,1.0
1885,1,9,2090,8,4,1.0
1886,1,9,2090,8,10,1.0
1887,1,9,2090,8,11,1.0
1888,1,9,2090,8,12,1.0
1889,1,9,2090,9,5,1.0
1890,1,9,2090,9,6,1.0
1891,1,9,2090,9,7,1.0
1892,1,9,2090,10,9,1.0
1893,1,9,2090,10,13,1.0
1894,1,9,2090,11,9,1.0
1895,1,9,2090,11,13,1.0
1896,1,9,2091,4,1,1.00789737875117
1897,1,9,2091,4,2,1.00789737875117
1898,1,9,2091,4,3,1.00789737875117
1899,1,9,2091,5,1,1.20833010081351
1900,1,9,2091,5,2,1.20833010081351
1901,1,9,2091,5,3,1.20833010081351
1902,1,9,2091,6,1,0.990297343992831
1903,1,9,2091,6,2,0.990297343992831
1904,1,9,2091,6,3,0.990297343992831
1905,1,9,2091,7,4,1.0
1906,1,9,2091,7,10,1.0
1907,1,9,2091,7,11,1.0
1908,1,9,2091,7,12,1.0
1909,1,9,2091,8,4,1.0
1910,1,9,2091,8,10,1.0
1911,1,9,2091,8,11,1.0
1912,1,9,2091,8,12,1.0
1913,1,9,2091,9,5,1.0
1914,1,9,2091,9,6,1.0
1915,1,9,2091,9,7,1.0
1916,1,9,2091,10,9,1.0
1917,1,9,2091,10,13,1.0
1918,1,9,2091,11,9,1.0
1919,1,9,2091,11,13,1.0
1920,1,9,2092,4,1,1.00789737875117
1921,1,9,2092,4,2,1.00789737875117
1922,1,9,2092,4,3,1.00789737875117
1923,1,9,2092,5,1,1.20833010081351
1924,1,9,2092,5,2,1.20833010081351
1925,1,9,2092,5,3,1.20833010081351
1926,1,9,2092,6,1,0.990297343992831
1927,1,9,2092,6,2,0.990297343992831
1928,1,9,2092,6,3,0.990297343992831
1929,1,9,2092,7,4,1.0
1930,1,9,2092,7,10,1.0
1931,1,9,2092,7,11,1.0
1932,1,9,2092,7,12,1.0
1933,1,9,2092,8,4,1.0
1934,1,9,2092,8,10,1.0
1935,1,9,2092,8,11,1.0
1936,1,9,2092,8,12,1.0
1937,1,9,2092,9,5,1.0
1938,1,9,2092,9,6,1.0
1939,1,9,2092,9,7,1.0
1940,1,9,2092,10,9,1.0
1941,1,9,2092,10,13,1.0
1942,1,9,2092,11,9,1.0
1943,1,9,2092,11,13,1.0
1944,1,9,2093,4,1,1.00789737875117
1945,1,9,2093,4,2,1.00789737875117
1946,1,9,2093,4,3,1.00789737875117
1947,1,9,2093,5,1,1.20833010081351
1948,1,9,2093,5,2,1.20833010081351
1949,1,9,2093,5,3,1.20833010081351
1950,1,9,2093,6,1,0.990297343992831
1951,1,9,2093,6,2,0.990297343992831
1952,1,9,2093,6,3,0.990297343992831
1953,1,9,2093,7,4,1.0
1954,1,9,2093,7,10,1.0
1955,1,9,2093,7,11,1.0
1956,1,9,2093,7,12,1.0
1957,1,9,2093,8,4,1.0
1958,1,9,2093,8,10,1.0
1959,1,9,2093,8,11,1.0
1960,1,9,2093,8,12,1.0
1961,1,9,2093,9,5,1.0
1962,1,9,2093,9,6,1.0
1963,1,9,2093,9,7,1.0
1964,1,9,2093,10,9,1.0
1965,1,9,2093,10,13,1.0
1966,1,9,2093,11,9,1.0
1967,1,9,2093,11,13,1.0
1968,1,9,2094,4,1,1.00789737875117
1969,1,9,2094,4,2,1.00789737875117
1970,1,9,2094,4,3,1.00789737875117
1971,1,9,2094,5,1,1.20833010081351
1972,1,9,2094,5,2,1.20833010081351
1973,1,9,2094,5,3,1.20833010081351
1974,1,9,2094,6,1,0.990297343992831
1975,1,9,2094,6,2,0.990297343992831
1976,1,9,2094,6,3,0.990297343992831
1977,1,9,2094,7,4,1.0
1978,1,9,2094,7,10,1.0
1979,1,9,2094,7,11,1.0
1980,1,9,2094,7,12,1.0
1981,1,9,2094,8,4,1.0
1982,1,9,2094,8,10,1.0
1983,1,9,2094,8,11,1.0
1984,1,9,2094,8,12,1.0
1985,1,9,2094,9,5,1.0
1986,1,9,2094,9,6,1.0
1987,1,9,2094,9,7,1.0
1988,1,9,2094,10,9,1.0
1989,1,9,2094,10,13,1.0
1990,1,9,2094,11,9,1.0
1991,1,9,2094,11,13,1.0
1992,1,9,2095,4,1,1.00789737875117
1993,1,9,2095,4,2,1.00789737875117
1994,1,9,2095,4,3,1.00789737875117
1995,1,9,2095,5,1,1.20833010081351
1996,1,9,2095,5,2,1.20833010081351
1997,1,9,2095,5,3,1.20833010081351
1998,1,9,2095,6,1,0.990297343992831
1999,1,9,2095,6,2,0.990297343992831
2000,1,9,2095,6,3,0.990297343992831
2001,1,9,2095,7,4,1.0
2002,1,9,2095,7,10,1.0
2003,1,9,2095,7,11,1.0
2004,1,9,2095,7,12,1.0
2005,1,9,2095,8,4,1.0
2006,1,9,2095,8,10,1.0
2007,1,9,2095,8,11,1.0
2008,1,9,2095,8,12,1.0
2009,1,9,2095,9,5,1.0
2010,1,9,2095,9,6,1.0
2011,1,9,2095,9,7,1.0
2012,1,9,2095,10,9,1.0
2013,1,9,2095,10,13,1.0
2014,1,9,2095,11,9,1.0
2015,1,9,2095,11,13,1.0
2016,1,9,2096,4,1,1.00789737875117
2017,1,9,2096,4,2,1.00789737875117
2018,1,9,2096,4,3,1.00789737875117
2019,1,9,2096,5,1,1.20833010081351
2020,1,9,2096,5,2,1.20833010081351
2021,1,9,2096,5,3,1.20833010081351
2022,1,9,2096,6,1,0.990297343992831
2023,1,9,2096,6,2,0.990297343992831
2024,1,9,2096,6,3,0.990297343992831
2025,1,9,2096,7,4,1.0
2026,1,9,2096,7,10,1.0
2027,1,9,2096,7,11,1.0
2028,1,9,2096,7,12,1.0
2029,1,9,2096,8,4,1.0
2030,1,9,2096,8,10,1.0
2031,1,9,2096,8,11,1.0
2032,1,9,2096,8,12,1.0
2033,1,9,2096,9,5,1.0
2034,1,9,2096,9,6,1.0
2035,1,9,2096,9,7,1.0
2036,1,9,2096,10,9,1.0
2037,1,9,2096,10,13,1.0
2038,1,9,2096,11,9,1.0
2039,1,9,2096,11,13,1.0
2040,1,9,2097,4,1,1.00789737875117
2041,1,9,2097,4,2,1.00789737875117
2042,1,9,2097,4,3,1.00789737875117
2043,1,9,2097,5,1,1.20833010081351
2044,1,9,2097,5,2,1.20833010081351
2045,1,9,2097,5,3,1.20833010081351
2046,1,9,2097,6,1,0.990297343992831
2047,1,9,2097,6,2,0.990297343992831
2048,1,9,2097,6,3,0.990297343992831
2049,1,9,2097,7,4,1.0
2050,1,9,2097,7,10,1.0
2051,1,9,2097,7,11,1.0
2052,1,9,2097,7,12,1.0
2053,1,9,2097,8,4,1.0
2054,1,9,2097,8,10,1.0
2055,1,9,2097,8,11,1.0
2056,1,9,2097,8,12,1.0
2057,1,9,2097,9,5,1.0
2058,1,9,2097,9,6,1.0
2059,1,9,2097,9,7,1.0
2060,1,9,2097,10,9,1.0
2061,1,9,2097,10,13,1.0
2062,1,9,2097,11,9,1.0
2063,1,9,2097,11,13,1.0
2064,1,9,2098,4,1,1.00789737875117
2065,1,9,2098,4,2,1.00789737875117
2066,1,9,2098,4,3,1.00789737875117
2067,1,9,2098,5,1,1.20833010081351
2068,1,9,2098,5,2,1.20833010081351
2069,1,9,2098,5,3,1.20833010081351
2070,1,9,2098,6,1,0.990297343992831
2071,1,9,2098,6,2,0.990297343992831
2072,1,9,2098,6,3,0.990297343992831
2073,1,9,2098,7,4,1.0
2074,1,9,2098,7,10,1.0
2075,1,9,2098,7,11,1.0
2076,1,9,2098,7,12,1.0
2077,1,9,2098,8,4,1.0
2078,1,9,2098,8,10,1.0
2079,1,9,2098,8,11,1.0
2080,1,9,2098,8,12,1.0
2081,1,9,2098,9,5,1.0
2082,1,9,2098,9,6,1.0
2083,1,9,2098,9,7,1.0
2084,1,9,2098,10,9,1.0
2085,1,9,2098,10,13,1.0
2086,1,9,2098,11,9,1.0
2087,1,9,2098,11,13,1.0
2088,1,9,2099,4,1,1.00789737875117
2089,1,9,2099,4,2,1.00789737875117
2090,1,9,2099,4,3,1.00789737875117
2091,1,9,2099,5,1,1.20833010081351
2092,1,9,2099,5,2,1.20833010081351
2093,1,9,2099,5,3,1.20833010081351
2094,1,9,2099,6,1,0.990297343992831
2095,1,9,2099,6,2,0.990297343992831
2096,1,9,2099,6,3,0.990297343992831
2097,1,9,2099,7,4,1.0
2098,1,9,2099,7,10,1.0
2099,1,9,2099,7,11,1.0
2100,1,9,2099,7,12,1.0
2101,1,9,2099,8,4,1.0
2102,1,9,2099,8,10,1.0
2103,1,9,2099,8,11,1.0
2104,1,9,2099,8,12,1.0
2105,1,9,2099,9,5,1.0
2106,1,9,2099,9,6,1.0
2107,1,9,2099,9,7,1.0
2108,1,9,2099,10,9,1.0
2109,1,9,2099,10,13,1.0
2110,1,9,2099,11,9,1.0
2111,1,9,2099,11,13,1.0
2112,1,9,2100,4,1,1.00789737875117
2113,1,9,2100,4,2,1.00789737875117
2114,1,9,2100,4,3,1.00789737875117
2115,1,9,2100,5,1,1.20833010081351
2116,1,9,2100,5,2,1.20833010081351
2117,1,9,2100,5,3,1.20833010081351
2118,1,9,2100,6,1,0.990297343992831
2119,1,9,2100,6,2,0.990297343992831
2120,1,9,2100,6,3,0.990297343992831
2121,1,9,2100,7,4,1.0
2122,1,9,2100,7,10,1.0
2123,1,9,2100,7,11,1.0
2124,1,9,2100,7,12,1.0
2125,1,9,2100,8,4,1.0
2126,1,9,2100,8,10,1.0
2127,1,9,2100,8,11,1.0
2128,1,9,2100,8,12,1.0
2129,1,9,2100,9,5,1.0
2130,1,9,2100,9,6,1.0
2131,1,9,2100,9,7,1.0
2132,1,9,2100,10,9,1.0
2133,1,9,2100,10,13,1.0
2134,1,9,2100,11,9,1.0
2135,1,9,2100,11,13,1.0
