,ScenarioID,CountryID,Year,shVPrivate,shVBusiness,shPPanel,shPMedium,shPHeavy,shPCar,shPPickup,shPDrop,shPBox,shPOther,shBPanel,shBMedium,shBHeavy,shBCar,shBPickup,shBDrop,shBBox,shBOther,shAwareEV,shPAccessToOC,shFCertaintyOfAccess,BEVChargingPower,PHEVChargingPower,SPPetrolPanel,SPPetrolMedium,SPPetrolHeavy,SPPetrolCar,SPPetrolPickup,SPPetrolDrop,SPPetrolBox,SPPetrolOther,SPDieselPanel,SPDieselMedium,SPDieselHeavy,SPDieselCar,SPDieselPickup,SPDieselDrop,SPDieselBox,SPDieselOther,SPHEVPanel,SPHEVMedium,SPHEVHeavy,SPHEVCar,SPHEVPickup,SPHEVDrop,SPHEVBox,SPHEVOther,SPBEVPanel,SPBEVMedium,SPBEVHeavy,SPBEVCar,SPBEVPickup,SPBEVDrop,SPBEVBox,SPBEVOther,SPPHEVPanel,SPPHEVMedium,SPPHEVHeavy,SPPHEVCar,SPPHEVPickup,SPPHEVDrop,SPPHEVBox,SPPHEVOther,SPBioVPanel,SPBioVMedium,SPBioVHeavy,SPBioVCar,SPBioVPickup,SPBioVDrop,SPBioVBox,SPBioVOther,SPGVPanel,SPGVMedium,SPGVHeavy,SPGVCar,SPGVPickup,SPGVDrop,SPGVBox,SPGVOther,SPHFCVPanel,SPHFCVMedium,SPHFCVHeavy,SPHFCVCar,SPHFCVPickup,SPHFCVDrop,SPHFCVBox,SPHFCVOther
0,1,9,2012,0.492796003818512,0.507203996181488,0.447537004947662,0,0,0.194661006331444,0.180344998836517,0.0237339995801449,0.0107129998505116,0.143009006977081,0.451305001974106,0.0848700031638145,0.14266200363636,0.143038004636765,0.086266003549099,0.0460550002753735,0.0266740005463362,0.0191300008445978,0.100892104208469,0.699999988079071,0.219999998807907,3,3,6836.91748046875,100000,100000,6836.91748046875,6836.91748046875,100000,100000,6836.91748046875,0,0,0,0,0,0,0,0,100000.0,100000,100000,100000.0,100000.0,100000.0,100000.0,100000.0,5524.51171875,100000.0,100000.0,5524.51171875,5524.51171875,5524.51171875,5524.51171875,5524.51171875,100000.0,100000.0,100000.0,100000.0,100000.0,100000.0,100000.0,100000.0,100000,100000.0,100000.0,100000,100000,100000,100000,100000,100000,100000,100000,100000,100000,100000,100000,100000,100000,100000,100000,100000,100000,100000,100000,100000
1,1,9,2013,0.492796003818512,0.507203996181488,0.447537004947662,0,0,0.194661006331444,0.180344998836517,0.0237339995801449,0.0107129998505116,0.143009006977081,0.451305001974106,0.0848700031638145,0.14266200363636,0.143038004636765,0.086266003549099,0.0460550002753735,0.0266740005463362,0.0191300008445978,0.101451650261879,0.699999988079071,0.230000004172325,3,3,6836.91748046875,100000,100000,6836.91748046875,6836.91748046875,100000,100000,6836.91748046875,0,0,0,0,0,0,0,0,100000.0,100000,100000,100000.0,100000.0,100000.0,100000.0,100000.0,4212.10546875,100000.0,100000.0,4212.10546875,4212.10546875,4212.10546875,4212.10546875,4212.10546875,100000.0,100000.0,100000.0,100000.0,100000.0,100000.0,100000.0,100000.0,100000,100000.0,100000.0,100000,100000,100000,100000,100000,100000,100000,100000,100000,100000,100000,100000,100000,100000,100000,100000,100000,100000,100000,100000,100000
2,1,9,2014,0.492796003818512,0.507203996181488,0.447537004947662,0,0,0.194661006331444,0.180344998836517,0.0237339995801449,0.0107129998505116,0.143009006977081,0.451305001974106,0.0848700031638145,0.14266200363636,0.143038004636765,0.086266003549099,0.0460550002753735,0.0266740005463362,0.0191300008445978,0.102360062301159,0.699999988079071,0.239999994635582,3,3,6836.91748046875,100000,100000,6836.91748046875,6836.91748046875,100000,100000,6836.91748046875,0,0,0,0,0,0,0,0,100000.0,100000,100000,100000.0,100000.0,100000.0,100000.0,100000.0,3789.60522460938,100000.0,100000.0,3789.60522460938,3789.60522460938,3789.60522460938,3789.60522460938,3789.60522460938,100000.0,100000.0,100000.0,100000.0,100000.0,100000.0,100000.0,100000.0,100000,100000.0,100000.0,100000,100000,100000,100000,100000,100000,100000,100000,100000,100000,100000,100000,100000,100000,100000,100000,100000,100000,100000,100000,100000
3,1,9,2015,0.492796003818512,0.507203996181488,0.447537004947662,0,0,0.194661006331444,0.180344998836517,0.0237339995801449,0.0107129998505116,0.143009006977081,0.451305001974106,0.0848700031638145,0.14266200363636,0.143038004636765,0.086266003549099,0.0460550002753735,0.0266740005463362,0.0191300008445978,0.103831492364407,0.699999988079071,0.25,3,3,6836.91748046875,100000,100000,6836.91748046875,6836.91748046875,100000,100000,6836.91748046875,0,0,0,0,0,0,0,0,6836.91748046875,100000,100000,6836.91748046875,6836.91748046875,6836.91748046875,6836.91748046875,6836.91748046875,3789.60522460938,6836.91748046875,6836.91748046875,3789.60522460938,3789.60522460938,3789.60522460938,3789.60522460938,3789.60522460938,100000.0,100000.0,100000.0,100000.0,100000.0,100000.0,100000.0,100000.0,100000,100000.0,100000.0,100000,100000,100000,100000,100000,100000,100000,100000,100000,100000,100000,100000,100000,100000,100000,100000,100000,100000,100000,100000,100000
4,1,9,2016,0.492796003818512,0.507203996181488,0.447537004947662,0,0,0.194661006331444,0.180344998836517,0.0237339995801449,0.0107129998505116,0.143009006977081,0.451305001974106,0.0848700031638145,0.14266200363636,0.143038004636765,0.086266003549099,0.0460550002753735,0.0266740005463362,0.0191300008445978,0.106205992400646,0.699999988079071,0.259999990463257,3,3,6836.91748046875,100000,100000,6836.91748046875,6836.91748046875,100000,100000,6836.91748046875,0,0,0,0,0,0,0,0,6836.91748046875,100000,100000,6836.91748046875,6836.91748046875,6836.91748046875,6836.91748046875,6836.91748046875,3789.60522460938,6836.91748046875,6836.91748046875,3789.60522460938,3789.60522460938,3789.60522460938,3789.60522460938,3789.60522460938,6836.91748046875,6836.91748046875,6836.91748046875,6836.91748046875,6836.91748046875,6836.91748046875,6836.91748046875,6836.91748046875,100000,6836.91748046875,6836.91748046875,100000,100000,100000,100000,100000,100000,100000,100000,100000,100000,100000,100000,100000,100000,100000,100000,100000,100000,100000,100000,100000
5,1,9,2017,0.492796003818512,0.507203996181488,0.447537004947662,0,0,0.194661006331444,0.180344998836517,0.0237339995801449,0.0107129998505116,0.143009006977081,0.451305001974106,0.0848700031638145,0.14266200363636,0.143038004636765,0.086266003549099,0.0460550002753735,0.0266740005463362,0.0191300008445978,0.110014840960503,0.699999988079071,0.270000010728836,3,3,6836.91748046875,100000,100000,6836.91748046875,6836.91748046875,100000,100000,6836.91748046875,0,0,0,0,0,0,0,0,6836.91748046875,100000,100000,6836.91748046875,6836.91748046875,6836.91748046875,6836.91748046875,6836.91748046875,3444.39721679688,6836.91748046875,6836.91748046875,3444.39721679688,3444.39721679688,3444.39721679688,3444.39721679688,3444.39721679688,6836.91748046875,6836.91748046875,6836.91748046875,6836.91748046875,6836.91748046875,6836.91748046875,6836.91748046875,6836.91748046875,100000,6836.91748046875,6836.91748046875,100000,100000,100000,100000,100000,100000,100000,100000,100000,100000,100000,100000,100000,100000,100000,100000,100000,100000,100000,100000,100000
6,1,9,2018,0.492796003818512,0.507203996181488,0.447537004947662,0,0,0.194661006331444,0.180344998836517,0.0237339995801449,0.0107129998505116,0.143009006977081,0.451305001974106,0.0848700031638145,0.14266200363636,0.143038004636765,0.086266003549099,0.0460550002753735,0.0266740005463362,0.0191300008445978,0.116065949201584,0.699999988079071,0.280000001192093,3,3,6836.91748046875,100000,100000,6836.91748046875,6836.91748046875,100000,100000,6836.91748046875,0,0,0,0,0,0,0,0,6836.91748046875,100000,100000,6836.91748046875,6836.91748046875,6836.91748046875,6836.91748046875,6836.91748046875,3152.5283203125,6836.91748046875,6836.91748046875,3152.5283203125,3152.5283203125,3152.5283203125,3152.5283203125,3152.5283203125,6836.91748046875,6836.91748046875,6836.91748046875,6836.91748046875,6836.91748046875,6836.91748046875,6836.91748046875,6836.91748046875,100000,6836.91748046875,6836.91748046875,100000,100000,100000,100000,100000,100000,100000,100000,100000,100000,100000,100000,100000,100000,100000,100000,100000,100000,100000,100000,100000
7,1,9,2019,0.492796003818512,0.507203996181488,0.447537004947662,0,0,0.194661006331444,0.180344998836517,0.0237339995801449,0.0107129998505116,0.143009006977081,0.451305001974106,0.0848700031638145,0.14266200363636,0.143038004636765,0.086266003549099,0.0460550002753735,0.0266740005463362,0.0191300008445978,0.125533849000931,0.699999988079071,0.28999999165535,3,3,6836.91748046875,100000,100000,6836.91748046875,6836.91748046875,100000,100000,6836.91748046875,0,0,0,0,0,0,0,0,6836.91748046875,100000,100000,6836.91748046875,6836.91748046875,6836.91748046875,6836.91748046875,6836.91748046875,2899.69970703125,6836.91748046875,6836.91748046875,2899.69970703125,2899.69970703125,2899.69970703125,2899.69970703125,2899.69970703125,6836.91748046875,6836.91748046875,6836.91748046875,6836.91748046875,6836.91748046875,6836.91748046875,6836.91748046875,6836.91748046875,100000,6836.91748046875,6836.91748046875,100000,100000,100000,100000,100000,100000,100000,100000,100000,100000,100000,100000,100000,100000,100000,100000,100000,100000,100000,100000,100000
8,1,9,2020,0.492796003818512,0.507203996181488,0.447537004947662,0,0,0.194661006331444,0.180344998836517,0.0237339995801449,0.0107129998505116,0.143009006977081,0.451305001974106,0.0848700031638145,0.14266200363636,0.143038004636765,0.086266003549099,0.0460550002753735,0.0266740005463362,0.0191300008445978,0.140000000596046,0.699999988079071,0.300000011920929,3,3,6836.91748046875,100000,100000,6836.91748046875,6836.91748046875,100000,100000,6836.91748046875,0,0,0,0,0,0,0,0,6836.91748046875,100000,100000,6836.91748046875,6836.91748046875,6836.91748046875,6836.91748046875,6836.91748046875,2676.68920898438,6836.91748046875,6836.91748046875,2676.68920898438,2676.68920898438,2676.68920898438,2676.68920898438,2676.68920898438,6836.91748046875,6836.91748046875,6836.91748046875,6836.91748046875,6836.91748046875,6836.91748046875,6836.91748046875,6836.91748046875,100000,6836.91748046875,6836.91748046875,100000,100000,100000,100000,100000,100000,100000,100000,100000,100000,100000,100000,100000,100000,100000,100000,100000,100000,100000,100000,100000
9,1,9,2021,0.492796003818512,0.507203996181488,0.447537004947662,0,0,0.194661006331444,0.180344998836517,0.0237339995801449,0.0107129998505116,0.143009006977081,0.451305001974106,0.0848700031638145,0.14266200363636,0.143038004636765,0.086266003549099,0.0460550002753735,0.0266740005463362,0.0191300008445978,0.161319851875305,0.699999988079071,0.310000002384186,3,3,6836.91748046875,100000,100000,6836.91748046875,6836.91748046875,100000,100000,6836.91748046875,0,0,0,0,0,0,0,0,6836.91748046875,100000,100000,6836.91748046875,6836.91748046875,6836.91748046875,6836.91748046875,6836.91748046875,2477.19921875,6836.91748046875,6836.91748046875,2477.19921875,2477.19921875,2477.19921875,2477.19921875,2477.19921875,6836.91748046875,6836.91748046875,6836.91748046875,6836.91748046875,6836.91748046875,6836.91748046875,6836.91748046875,6836.91748046875,100000,6836.91748046875,6836.91748046875,100000,100000,100000,100000,100000,100000,100000,100000,100000,100000,100000,100000,100000,100000,100000,100000,100000,100000,100000,100000,100000
10,1,9,2022,0.492796003818512,0.507203996181488,0.447537004947662,0,0,0.194661006331444,0.180344998836517,0.0237339995801449,0.0107129998505116,0.143009006977081,0.451305001974106,0.0848700031638145,0.14266200363636,0.143038004636765,0.086266003549099,0.0460550002753735,0.0266740005463362,0.0191300008445978,0.191126704216003,0.699999988079071,0.319999992847443,3,3,6836.91748046875,100000,100000,6836.91748046875,6836.91748046875,100000,100000,6836.91748046875,0,0,0,0,0,0,0,0,6836.91748046875,100000,100000,6836.91748046875,6836.91748046875,6836.91748046875,6836.91748046875,6836.91748046875,2296.73901367188,6836.91748046875,6836.91748046875,2296.73901367188,2296.73901367188,2296.73901367188,2296.73901367188,2296.73901367188,6836.91748046875,6836.91748046875,6836.91748046875,6836.91748046875,6836.91748046875,6836.91748046875,6836.91748046875,6836.91748046875,100000,6836.91748046875,6836.91748046875,100000,100000,100000,100000,100000,100000,100000,100000,100000,100000,100000,100000,100000,100000,100000,100000,100000,100000,100000,100000,100000
11,1,9,2023,0.492796003818512,0.507203996181488,0.447537004947662,0,0,0.194661006331444,0.180344998836517,0.0237339995801449,0.0107129998505116,0.143009006977081,0.451305001974106,0.0848700031638145,0.14266200363636,0.143038004636765,0.086266003549099,0.0460550002753735,0.0266740005463362,0.0191300008445978,0.229866594076157,0.699999988079071,0.330000013113022,3,3,6836.91748046875,100000,100000,6836.91748046875,6836.91748046875,100000,100000,6836.91748046875,0,0,0,0,0,0,0,0,6836.91748046875,100000,100000,6836.91748046875,6836.91748046875,6836.91748046875,6836.91748046875,6836.91748046875,2131.99145507813,6836.91748046875,6836.91748046875,2131.99145507813,2131.99145507813,2131.99145507813,2131.99145507813,2131.99145507813,6836.91748046875,6836.91748046875,6836.91748046875,6836.91748046875,6836.91748046875,6836.91748046875,6836.91748046875,6836.91748046875,100000,6836.91748046875,6836.91748046875,100000,100000,100000,100000,100000,100000,100000,100000,100000,100000,100000,100000,100000,100000,100000,100000,100000,100000,100000,100000,100000
12,1,9,2024,0.492796003818512,0.507203996181488,0.447537004947662,0,0,0.194661006331444,0.180344998836517,0.0237339995801449,0.0107129998505116,0.143009006977081,0.451305001974106,0.0848700031638145,0.14266200363636,0.143038004636765,0.086266003549099,0.0460550002753735,0.0266740005463362,0.0191300008445978,0.275706946849823,0.699999988079071,0.340000003576279,3,3,6836.91748046875,100000,100000,6836.91748046875,6836.91748046875,100000,100000,6836.91748046875,0,0,0,0,0,0,0,0,6836.91748046875,100000,100000,6836.91748046875,6836.91748046875,6836.91748046875,6836.91748046875,6836.91748046875,1980.43835449219,6836.91748046875,6836.91748046875,1980.43835449219,1980.43835449219,1980.43835449219,1980.43835449219,1980.43835449219,6836.91748046875,6836.91748046875,6836.91748046875,6836.91748046875,6836.91748046875,6836.91748046875,6836.91748046875,6836.91748046875,100000,6836.91748046875,6836.91748046875,100000,100000,100000,100000,100000,100000,100000,100000,100000,100000,100000,100000,100000,100000,100000,100000,100000,100000,100000,100000,100000
13,1,9,2025,0.492796003818512,0.507203996181488,0.447537004947662,0,0,0.194661006331444,0.180344998836517,0.0237339995801449,0.0107129998505116,0.143009006977081,0.451305001974106,0.0848700031638145,0.14266200363636,0.143038004636765,0.086266003549099,0.0460550002753735,0.0266740005463362,0.0191300008445978,0.324293076992035,0.699999988079071,0.349999994039536,3,3,6836.91748046875,100000,100000,6836.91748046875,6836.91748046875,100000,100000,6836.91748046875,0,0,0,0,0,0,0,0,6836.91748046875,100000,100000,6836.91748046875,6836.91748046875,6836.91748046875,6836.91748046875,6836.91748046875,1840.12231445313,6836.91748046875,6836.91748046875,1840.12231445313,1840.12231445313,1840.12231445313,1840.12231445313,1840.12231445313,6836.91748046875,6836.91748046875,6836.91748046875,6836.91748046875,6836.91748046875,6836.91748046875,6836.91748046875,6836.91748046875,100000,6836.91748046875,6836.91748046875,100000,100000,100000,100000,100000,100000,100000,100000,100000,100000,100000,100000,100000,100000,100000,100000,100000,100000,100000,100000,100000
14,1,9,2026,0.492796003818512,0.507203996181488,0.447537004947662,0,0,0.194661006331444,0.180344998836517,0.0237339995801449,0.0107129998505116,0.143009006977081,0.451305001974106,0.0848700031638145,0.14266200363636,0.143038004636765,0.086266003549099,0.0460550002753735,0.0266740005463362,0.0191300008445978,0.370133399963379,0.699999988079071,0.360000014305115,3,3,6836.91748046875,100000,100000,6836.91748046875,6836.91748046875,100000,100000,6836.91748046875,0,0,0,0,0,0,0,0,6836.91748046875,100000,100000,6836.91748046875,6836.91748046875,6836.91748046875,6836.91748046875,6836.91748046875,1709.49108886719,6836.91748046875,6836.91748046875,1709.49108886719,1709.49108886719,1709.49108886719,1709.49108886719,1709.49108886719,6836.91748046875,6836.91748046875,6836.91748046875,6836.91748046875,6836.91748046875,6836.91748046875,6836.91748046875,6836.91748046875,100000,6836.91748046875,6836.91748046875,100000,100000,100000,100000,100000,100000,100000,100000,100000,100000,100000,100000,100000,100000,100000,100000,100000,100000,100000,100000,100000
15,1,9,2027,0.492796003818512,0.507203996181488,0.447537004947662,0,0,0.194661006331444,0.180344998836517,0.0237339995801449,0.0107129998505116,0.143009006977081,0.451305001974106,0.0848700031638145,0.14266200363636,0.143038004636765,0.086266003549099,0.0460550002753735,0.0266740005463362,0.0191300008445978,0.408873289823532,0.699999988079071,0.370000004768372,3,3,6836.91748046875,100000,100000,6836.91748046875,6836.91748046875,100000,100000,6836.91748046875,0,0,0,0,0,0,0,0,6836.91748046875,100000,100000,6836.91748046875,6836.91748046875,6836.91748046875,6836.91748046875,6836.91748046875,1587.29370117188,6836.91748046875,6836.91748046875,1587.29370117188,1587.29370117188,1587.29370117188,1587.29370117188,1587.29370117188,6836.91748046875,6836.91748046875,6836.91748046875,6836.91748046875,6836.91748046875,6836.91748046875,6836.91748046875,6836.91748046875,100000,6836.91748046875,6836.91748046875,100000,100000,100000,100000,100000,100000,100000,100000,100000,100000,100000,100000,100000,100000,100000,100000,100000,100000,100000,100000,100000
16,1,9,2028,0.492796003818512,0.507203996181488,0.447537004947662,0,0,0.194661006331444,0.180344998836517,0.0237339995801449,0.0107129998505116,0.143009006977081,0.451305001974106,0.0848700031638145,0.14266200363636,0.143038004636765,0.086266003549099,0.0460550002753735,0.0266740005463362,0.0191300008445978,0.43868014216423,0.699999988079071,0.379999995231628,3,3,6836.91748046875,100000,100000,6836.91748046875,6836.91748046875,100000,100000,6836.91748046875,0,0,0,0,0,0,0,0,6836.91748046875,100000,100000,6836.91748046875,6836.91748046875,6836.91748046875,6836.91748046875,6836.91748046875,1472.50695800781,6836.91748046875,6836.91748046875,1472.50695800781,1472.50695800781,1472.50695800781,1472.50695800781,1472.50695800781,6836.91748046875,6836.91748046875,6836.91748046875,6836.91748046875,6836.91748046875,6836.91748046875,6836.91748046875,6836.91748046875,100000,6836.91748046875,6836.91748046875,100000,100000,100000,100000,100000,100000,100000,100000,100000,100000,100000,100000,100000,100000,100000,100000,100000,100000,100000,100000,100000
17,1,9,2029,0.492796003818512,0.507203996181488,0.447537004947662,0,0,0.194661006331444,0.180344998836517,0.0237339995801449,0.0107129998505116,0.143009006977081,0.451305001974106,0.0848700031638145,0.14266200363636,0.143038004636765,0.086266003549099,0.0460550002753735,0.0266740005463362,0.0191300008445978,0.46000000834465,0.699999988079071,0.389999985694885,3,3,6836.91748046875,100000,100000,6836.91748046875,6836.91748046875,100000,100000,6836.91748046875,0,0,0,0,0,0,0,0,6836.91748046875,100000,100000,6836.91748046875,6836.91748046875,6836.91748046875,6836.91748046875,6836.91748046875,1364.283203125,6836.91748046875,6836.91748046875,1364.283203125,1364.283203125,1364.283203125,1364.283203125,1364.283203125,6836.91748046875,6836.91748046875,6836.91748046875,6836.91748046875,6836.91748046875,6836.91748046875,6836.91748046875,6836.91748046875,100000,6836.91748046875,6836.91748046875,100000,100000,100000,100000,100000,100000,100000,100000,100000,100000,100000,100000,100000,100000,100000,100000,100000,100000,100000,100000,100000
18,1,9,2030,0.492796003818512,0.507203996181488,0.447537004947662,0,0,0.194661006331444,0.180344998836517,0.0237339995801449,0.0107129998505116,0.143009006977081,0.451305001974106,0.0848700031638145,0.14266200363636,0.143038004636765,0.086266003549099,0.0460550002753735,0.0266740005463362,0.0191300008445978,0.474466145038605,0.699999988079071,0.400000005960464,3,3,6836.91748046875,100000,100000,6836.91748046875,6836.91748046875,100000,100000,6836.91748046875,0,0,0,0,0,0,0,0,6836.91748046875,100000,100000,6836.91748046875,6836.91748046875,6836.91748046875,6836.91748046875,6836.91748046875,1261.91223144531,6836.91748046875,6836.91748046875,1261.91223144531,1261.91223144531,1261.91223144531,1261.91223144531,1261.91223144531,6836.91748046875,6836.91748046875,6836.91748046875,6836.91748046875,6836.91748046875,6836.91748046875,6836.91748046875,6836.91748046875,100000,6836.91748046875,6836.91748046875,100000,100000,100000,100000,100000,100000,100000,100000,100000,100000,100000,100000,100000,100000,100000,100000,100000,100000,100000,100000,100000
19,1,9,2031,0.492796003818512,0.507203996181488,0.447537004947662,0,0,0.194661006331444,0.180344998836517,0.0237339995801449,0.0107129998505116,0.143009006977081,0.451305001974106,0.0848700031638145,0.14266200363636,0.143038004636765,0.086266003549099,0.0460550002753735,0.0266740005463362,0.0191300008445978,0.483934044837952,0.699999988079071,0.400000005960464,3,3,6836.91748046875,100000,100000,6836.91748046875,6836.91748046875,100000,100000,6836.91748046875,0,0,0,0,0,0,0,0,6836.91748046875,100000,100000,6836.91748046875,6836.91748046875,6836.91748046875,6836.91748046875,6836.91748046875,1164.79345703125,6836.91748046875,6836.91748046875,1164.79345703125,1164.79345703125,1164.79345703125,1164.79345703125,1164.79345703125,6836.91748046875,6836.91748046875,6836.91748046875,6836.91748046875,6836.91748046875,6836.91748046875,6836.91748046875,6836.91748046875,100000,6836.91748046875,6836.91748046875,100000,100000,100000,100000,100000,100000,100000,100000,100000,100000,100000,100000,100000,100000,100000,100000,100000,100000,100000,100000,100000
20,1,9,2032,0.492796003818512,0.507203996181488,0.447537004947662,0,0,0.194661006331444,0.180344998836517,0.0237339995801449,0.0107129998505116,0.143009006977081,0.451305001974106,0.0848700031638145,0.14266200363636,0.143038004636765,0.086266003549099,0.0460550002753735,0.0266740005463362,0.0191300008445978,0.489985167980194,0.699999988079071,0.400000005960464,3,3,6836.91748046875,100000,100000,6836.91748046875,6836.91748046875,100000,100000,6836.91748046875,0,0,0,0,0,0,0,0,6836.91748046875,100000,100000,6836.91748046875,6836.91748046875,6836.91748046875,6836.91748046875,6836.91748046875,1072.41394042969,6836.91748046875,6836.91748046875,1072.41394042969,1072.41394042969,1072.41394042969,1072.41394042969,1072.41394042969,6836.91748046875,6836.91748046875,6836.91748046875,6836.91748046875,6836.91748046875,6836.91748046875,6836.91748046875,6836.91748046875,100000,6836.91748046875,6836.91748046875,100000,100000,100000,100000,100000,100000,100000,100000,100000,100000,100000,100000,100000,100000,100000,100000,100000,100000,100000,100000,100000
21,1,9,2033,0.492796003818512,0.507203996181488,0.447537004947662,0,0,0.194661006331444,0.180344998836517,0.0237339995801449,0.0107129998505116,0.143009006977081,0.451305001974106,0.0848700031638145,0.14266200363636,0.143038004636765,0.086266003549099,0.0460550002753735,0.0266740005463362,0.0191300008445978,0.493794023990631,0.699999988079071,0.400000005960464,3,3,6836.91748046875,100000,100000,6836.91748046875,6836.91748046875,100000,100000,6836.91748046875,0,0,0,0,0,0,0,0,6836.91748046875,100000,100000,6836.91748046875,6836.91748046875,6836.91748046875,6836.91748046875,6836.91748046875,984.3330078125,6836.91748046875,6836.91748046875,984.3330078125,984.3330078125,984.3330078125,984.3330078125,984.3330078125,6836.91748046875,6836.91748046875,6836.91748046875,6836.91748046875,6836.91748046875,6836.91748046875,6836.91748046875,6836.91748046875,100000,6836.91748046875,6836.91748046875,100000,100000,100000,100000,100000,100000,100000,100000,100000,100000,100000,100000,100000,100000,100000,100000,100000,100000,100000,100000,100000
22,1,9,2034,0.492796003818512,0.507203996181488,0.447537004947662,0,0,0.194661006331444,0.180344998836517,0.0237339995801449,0.0107129998505116,0.143009006977081,0.451305001974106,0.0848700031638145,0.14266200363636,0.143038004636765,0.086266003549099,0.0460550002753735,0.0266740005463362,0.0191300008445978,0.496168494224548,0.699999988079071,0.400000005960464,3,3,6836.91748046875,100000,100000,6836.91748046875,6836.91748046875,100000,100000,6836.91748046875,0,0,0,0,0,0,0,0,6836.91748046875,100000,100000,6836.91748046875,6836.91748046875,6836.91748046875,6836.91748046875,6836.91748046875,900.167907714844,6836.91748046875,6836.91748046875,900.167907714844,900.167907714844,900.167907714844,900.167907714844,900.167907714844,6836.91748046875,6836.91748046875,6836.91748046875,6836.91748046875,6836.91748046875,6836.91748046875,6836.91748046875,6836.91748046875,100000,6836.91748046875,6836.91748046875,100000,100000,100000,100000,100000,100000,100000,100000,100000,100000,100000,100000,100000,100000,100000,100000,100000,100000,100000,100000,100000
23,1,9,2035,0.492796003818512,0.507203996181488,0.447537004947662,0,0,0.194661006331444,0.180344998836517,0.0237339995801449,0.0107129998505116,0.143009006977081,0.451305001974106,0.0848700031638145,0.14266200363636,0.143038004636765,0.086266003549099,0.0460550002753735,0.0266740005463362,0.0191300008445978,0.497639924287796,0.699999988079071,0.400000005960464,3,3,6836.91748046875,100000,100000,6836.91748046875,6836.91748046875,100000,100000,6836.91748046875,0,0,0,0,0,0,0,0,6836.91748046875,100000,100000,6836.91748046875,6836.91748046875,6836.91748046875,6836.91748046875,6836.91748046875,819.585510253906,6836.91748046875,6836.91748046875,819.585510253906,819.585510253906,819.585510253906,819.585510253906,819.585510253906,6836.91748046875,6836.91748046875,6836.91748046875,6836.91748046875,6836.91748046875,6836.91748046875,6836.91748046875,6836.91748046875,100000,6836.91748046875,6836.91748046875,100000,100000,100000,100000,100000,100000,100000,100000,100000,100000,100000,100000,100000,100000,100000,100000,100000,100000,100000,100000,100000
24,1,9,2036,0.492796003818512,0.507203996181488,0.447537004947662,0,0,0.194661006331444,0.180344998836517,0.0237339995801449,0.0107129998505116,0.143009006977081,0.451305001974106,0.0848700031638145,0.14266200363636,0.143038004636765,0.086266003549099,0.0460550002753735,0.0266740005463362,0.0191300008445978,0.498548358678818,0.699999988079071,0.400000005960464,3,3,6836.91748046875,100000,100000,6836.91748046875,6836.91748046875,100000,100000,6836.91748046875,0,0,0,0,0,0,0,0,6836.91748046875,100000,100000,6836.91748046875,6836.91748046875,6836.91748046875,6836.91748046875,6836.91748046875,742.293090820313,6836.91748046875,6836.91748046875,742.293090820313,742.293090820313,742.293090820313,742.293090820313,742.293090820313,6836.91748046875,6836.91748046875,6836.91748046875,6836.91748046875,6836.91748046875,6836.91748046875,6836.91748046875,6836.91748046875,100000,6836.91748046875,6836.91748046875,100000,100000,100000,100000,100000,100000,100000,100000,100000,100000,100000,100000,100000,100000,100000,100000,100000,100000,100000,100000,100000
25,1,9,2037,0.492796003818512,0.507203996181488,0.447537004947662,0,0,0.194661006331444,0.180344998836517,0.0237339995801449,0.0107129998505116,0.143009006977081,0.451305001974106,0.0848700031638145,0.14266200363636,0.143038004636765,0.086266003549099,0.0460550002753735,0.0266740005463362,0.0191300008445978,0.499107897281647,0.699999988079071,0.400000005960464,3,3,6836.91748046875,100000,100000,6836.91748046875,6836.91748046875,100000,100000,6836.91748046875,0,0,0,0,0,0,0,0,6836.91748046875,100000,100000,6836.91748046875,6836.91748046875,6836.91748046875,6836.91748046875,6836.91748046875,668.032470703125,6836.91748046875,6836.91748046875,668.032470703125,668.032470703125,668.032470703125,668.032470703125,668.032470703125,6836.91748046875,6836.91748046875,6836.91748046875,6836.91748046875,6836.91748046875,6836.91748046875,6836.91748046875,6836.91748046875,100000,6836.91748046875,6836.91748046875,100000,100000,100000,100000,100000,100000,100000,100000,100000,100000,100000,100000,100000,100000,100000,100000,100000,100000,100000,100000,100000
26,1,9,2038,0.492796003818512,0.507203996181488,0.447537004947662,0,0,0.194661006331444,0.180344998836517,0.0237339995801449,0.0107129998505116,0.143009006977081,0.451305001974106,0.0848700031638145,0.14266200363636,0.143038004636765,0.086266003549099,0.0460550002753735,0.0266740005463362,0.0191300008445978,0.49945205450058,0.699999988079071,0.400000005960464,3,3,6836.91748046875,100000,100000,6836.91748046875,6836.91748046875,100000,100000,6836.91748046875,0,0,0,0,0,0,0,0,6836.91748046875,100000,100000,6836.91748046875,6836.91748046875,6836.91748046875,6836.91748046875,6836.91748046875,596.574890136719,6836.91748046875,6836.91748046875,596.574890136719,596.574890136719,596.574890136719,596.574890136719,596.574890136719,6836.91748046875,6836.91748046875,6836.91748046875,6836.91748046875,6836.91748046875,6836.91748046875,6836.91748046875,6836.91748046875,100000,6836.91748046875,6836.91748046875,100000,100000,100000,100000,100000,100000,100000,100000,100000,100000,100000,100000,100000,100000,100000,100000,100000,100000,100000,100000,100000
27,1,9,2039,0.492796003818512,0.507203996181488,0.447537004947662,0,0,0.194661006331444,0.180344998836517,0.0237339995801449,0.0107129998505116,0.143009006977081,0.451305001974106,0.0848700031638145,0.14266200363636,0.143038004636765,0.086266003549099,0.0460550002753735,0.0266740005463362,0.0191300008445978,0.499663561582565,0.699999988079071,0.400000005960464,3,3,6836.91748046875,100000,100000,6836.91748046875,6836.91748046875,100000,100000,6836.91748046875,0,0,0,0,0,0,0,0,6836.91748046875,100000,100000,6836.91748046875,6836.91748046875,6836.91748046875,6836.91748046875,6836.91748046875,527.716369628906,6836.91748046875,6836.91748046875,527.716369628906,527.716369628906,527.716369628906,527.716369628906,527.716369628906,6836.91748046875,6836.91748046875,6836.91748046875,6836.91748046875,6836.91748046875,6836.91748046875,6836.91748046875,6836.91748046875,100000,6836.91748046875,6836.91748046875,100000,100000,100000,100000,100000,100000,100000,100000,100000,100000,100000,100000,100000,100000,100000,100000,100000,100000,100000,100000,100000
28,1,9,2040,0.492796003818512,0.507203996181488,0.447537004947662,0,0,0.194661006331444,0.180344998836517,0.0237339995801449,0.0107129998505116,0.143009006977081,0.451305001974106,0.0848700031638145,0.14266200363636,0.143038004636765,0.086266003549099,0.0460550002753735,0.0266740005463362,0.0191300008445978,0.499793469905853,0.699999988079071,0.400000005960464,3,3,6836.91748046875,100000,100000,6836.91748046875,6836.91748046875,100000,100000,6836.91748046875,0,0,0,0,0,0,0,0,6836.91748046875,100000,100000,6836.91748046875,6836.91748046875,6836.91748046875,6836.91748046875,6836.91748046875,461.2744140625,6836.91748046875,6836.91748046875,461.2744140625,461.2744140625,461.2744140625,461.2744140625,461.2744140625,6836.91748046875,6836.91748046875,6836.91748046875,6836.91748046875,6836.91748046875,6836.91748046875,6836.91748046875,6836.91748046875,100000,6836.91748046875,6836.91748046875,100000,100000,100000,100000,100000,100000,100000,100000,100000,100000,100000,100000,100000,100000,100000,100000,100000,100000,100000,100000,100000
29,1,9,2041,0.492796003818512,0.507203996181488,0.447537004947662,0,0,0.194661006331444,0.180344998836517,0.0237339995801449,0.0107129998505116,0.143009006977081,0.451305001974106,0.0848700031638145,0.14266200363636,0.143038004636765,0.086266003549099,0.0460550002753735,0.0266740005463362,0.0191300008445978,0.499873220920563,0.699999988079071,0.400000005960464,3,3,6836.91748046875,100000,100000,6836.91748046875,6836.91748046875,100000,100000,6836.91748046875,0,0,0,0,0,0,0,0,6836.91748046875,100000,100000,6836.91748046875,6836.91748046875,6836.91748046875,6836.91748046875,6836.91748046875,397.085205078125,6836.91748046875,6836.91748046875,397.085205078125,397.085205078125,397.085205078125,397.085205078125,397.085205078125,6836.91748046875,6836.91748046875,6836.91748046875,6836.91748046875,6836.91748046875,6836.91748046875,6836.91748046875,6836.91748046875,100000,6836.91748046875,6836.91748046875,100000,100000,100000,100000,100000,100000,100000,100000,100000,100000,100000,100000,100000,100000,100000,100000,100000,100000,100000,100000,100000
30,1,9,2042,0.492796003818512,0.507203996181488,0.447537004947662,0,0,0.194661006331444,0.180344998836517,0.0237339995801449,0.0107129998505116,0.143009006977081,0.451305001974106,0.0848700031638145,0.14266200363636,0.143038004636765,0.086266003549099,0.0460550002753735,0.0266740005463362,0.0191300008445978,0.499922186136246,0.699999988079071,0.400000005960464,3,3,6836.91748046875,100000,100000,6836.91748046875,6836.91748046875,100000,100000,6836.91748046875,0,0,0,0,0,0,0,0,6836.91748046875,100000,100000,6836.91748046875,6836.91748046875,6836.91748046875,6836.91748046875,6836.91748046875,335.000885009766,6836.91748046875,6836.91748046875,335.000885009766,335.000885009766,335.000885009766,335.000885009766,335.000885009766,6836.91748046875,6836.91748046875,6836.91748046875,6836.91748046875,6836.91748046875,6836.91748046875,6836.91748046875,6836.91748046875,100000,6836.91748046875,6836.91748046875,100000,100000,100000,100000,100000,100000,100000,100000,100000,100000,100000,100000,100000,100000,100000,100000,100000,100000,100000,100000,100000
31,1,9,2043,0.492796003818512,0.507203996181488,0.447537004947662,0,0,0.194661006331444,0.180344998836517,0.0237339995801449,0.0107129998505116,0.143009006977081,0.451305001974106,0.0848700031638145,0.14266200363636,0.143038004636765,0.086266003549099,0.0460550002753735,0.0266740005463362,0.0191300008445978,0.499952256679535,0.699999988079071,0.400000005960464,3,3,6836.91748046875,100000,100000,6836.91748046875,6836.91748046875,100000,100000,6836.91748046875,0,0,0,0,0,0,0,0,6836.91748046875,100000,100000,6836.91748046875,6836.91748046875,6836.91748046875,6836.91748046875,6836.91748046875,274.887786865234,6836.91748046875,6836.91748046875,274.887786865234,274.887786865234,274.887786865234,274.887786865234,274.887786865234,6836.91748046875,6836.91748046875,6836.91748046875,6836.91748046875,6836.91748046875,6836.91748046875,6836.91748046875,6836.91748046875,100000,6836.91748046875,6836.91748046875,100000,100000,100000,100000,100000,100000,100000,100000,100000,100000,100000,100000,100000,100000,100000,100000,100000,100000,100000,100000,100000
32,1,9,2044,0.492796003818512,0.507203996181488,0.447537004947662,0,0,0.194661006331444,0.180344998836517,0.0237339995801449,0.0107129998505116,0.143009006977081,0.451305001974106,0.0848700031638145,0.14266200363636,0.143038004636765,0.086266003549099,0.0460550002753735,0.0266740005463362,0.0191300008445978,0.499970704317093,0.699999988079071,0.400000005960464,3,3,6836.91748046875,100000,100000,6836.91748046875,6836.91748046875,100000,100000,6836.91748046875,0,0,0,0,0,0,0,0,6836.91748046875,100000,100000,6836.91748046875,6836.91748046875,6836.91748046875,6836.91748046875,6836.91748046875,216.624694824219,6836.91748046875,6836.91748046875,216.624694824219,216.624694824219,216.624694824219,216.624694824219,216.624694824219,6836.91748046875,6836.91748046875,6836.91748046875,6836.91748046875,6836.91748046875,6836.91748046875,6836.91748046875,6836.91748046875,100000,6836.91748046875,6836.91748046875,100000,100000,100000,100000,100000,100000,100000,100000,100000,100000,100000,100000,100000,100000,100000,100000,100000,100000,100000,100000,100000
33,1,9,2045,0.492796003818512,0.507203996181488,0.447537004947662,0,0,0.194661006331444,0.180344998836517,0.0237339995801449,0.0107129998505116,0.143009006977081,0.451305001974106,0.0848700031638145,0.14266200363636,0.143038004636765,0.086266003549099,0.0460550002753735,0.0266740005463362,0.0191300008445978,0.499981999397278,0.699999988079071,0.400000005960464,3,3,6836.91748046875,100000,100000,6836.91748046875,6836.91748046875,100000,100000,6836.91748046875,0,0,0,0,0,0,0,0,6836.91748046875,100000,100000,6836.91748046875,6836.91748046875,6836.91748046875,6836.91748046875,6836.91748046875,160.101104736328,6836.91748046875,6836.91748046875,160.101104736328,160.101104736328,160.101104736328,160.101104736328,160.101104736328,6836.91748046875,6836.91748046875,6836.91748046875,6836.91748046875,6836.91748046875,6836.91748046875,6836.91748046875,6836.91748046875,100000,6836.91748046875,6836.91748046875,100000,100000,100000,100000,100000,100000,100000,100000,100000,100000,100000,100000,100000,100000,100000,100000,100000,100000,100000,100000,100000
34,1,9,2046,0.492796003818512,0.507203996181488,0.447537004947662,0,0,0.194661006331444,0.180344998836517,0.0237339995801449,0.0107129998505116,0.143009006977081,0.451305001974106,0.0848700031638145,0.14266200363636,0.143038004636765,0.086266003549099,0.0460550002753735,0.0266740005463362,0.0191300008445978,0.499988973140717,0.699999988079071,0.400000005960464,3,3,6836.91748046875,100000,100000,6836.91748046875,6836.91748046875,100000,100000,6836.91748046875,0,0,0,0,0,0,0,0,6836.91748046875,100000,100000,6836.91748046875,6836.91748046875,6836.91748046875,6836.91748046875,6836.91748046875,105.216003417969,6836.91748046875,6836.91748046875,105.216003417969,105.216003417969,105.216003417969,105.216003417969,105.216003417969,6836.91748046875,6836.91748046875,6836.91748046875,6836.91748046875,6836.91748046875,6836.91748046875,6836.91748046875,6836.91748046875,100000,6836.91748046875,6836.91748046875,100000,100000,100000,100000,100000,100000,100000,100000,100000,100000,100000,100000,100000,100000,100000,100000,100000,100000,100000,100000,100000
35,1,9,2047,0.492796003818512,0.507203996181488,0.447537004947662,0,0,0.194661006331444,0.180344998836517,0.0237339995801449,0.0107129998505116,0.143009006977081,0.451305001974106,0.0848700031638145,0.14266200363636,0.143038004636765,0.086266003549099,0.0460550002753735,0.0266740005463362,0.0191300008445978,0.499993234872818,0.699999988079071,0.400000005960464,3,3,6836.91748046875,100000,100000,6836.91748046875,6836.91748046875,100000,100000,6836.91748046875,0,0,0,0,0,0,0,0,6836.91748046875,100000,100000,6836.91748046875,6836.91748046875,6836.91748046875,6836.91748046875,6836.91748046875,51.8773002624512,6836.91748046875,6836.91748046875,51.8773002624512,51.8773002624512,51.8773002624512,51.8773002624512,51.8773002624512,6836.91748046875,6836.91748046875,6836.91748046875,6836.91748046875,6836.91748046875,6836.91748046875,6836.91748046875,6836.91748046875,100000,6836.91748046875,6836.91748046875,100000,100000,100000,100000,100000,100000,100000,100000,100000,100000,100000,100000,100000,100000,100000,100000,100000,100000,100000,100000,100000
36,1,9,2048,0.492796003818512,0.507203996181488,0.447537004947662,0,0,0.194661006331444,0.180344998836517,0.0237339995801449,0.0107129998505116,0.143009006977081,0.451305001974106,0.0848700031638145,0.14266200363636,0.143038004636765,0.086266003549099,0.0460550002753735,0.0266740005463362,0.0191300008445978,0.499995857477188,0.699999988079071,0.400000005960464,3,3,6836.91748046875,100000,100000,6836.91748046875,6836.91748046875,100000,100000,6836.91748046875,0,0,0,0,0,0,0,0,6836.91748046875,100000,100000,6836.91748046875,6836.91748046875,6836.91748046875,6836.91748046875,6836.91748046875,0.0,6836.91748046875,6836.91748046875,0.0,0.0,0.0,0.0,0.0,6836.91748046875,6836.91748046875,6836.91748046875,6836.91748046875,6836.91748046875,6836.91748046875,6836.91748046875,6836.91748046875,100000,6836.91748046875,6836.91748046875,100000,100000,100000,100000,100000,100000,100000,100000,100000,100000,100000,100000,100000,100000,100000,100000,100000,100000,100000,100000,100000
37,1,9,2049,0.492796003818512,0.507203996181488,0.447537004947662,0,0,0.194661006331444,0.180344998836517,0.0237339995801449,0.0107129998505116,0.143009006977081,0.451305001974106,0.0848700031638145,0.14266200363636,0.143038004636765,0.086266003549099,0.0460550002753735,0.0266740005463362,0.0191300008445978,0.499997437000275,0.699999988079071,0.400000005960464,3,3,6836.91748046875,100000,100000,6836.91748046875,6836.91748046875,100000,100000,6836.91748046875,0,0,0,0,0,0,0,0,6836.91748046875,100000,100000,6836.91748046875,6836.91748046875,6836.91748046875,6836.91748046875,6836.91748046875,0.0,6836.91748046875,6836.91748046875,0.0,0.0,0.0,0.0,0.0,6836.91748046875,6836.91748046875,6836.91748046875,6836.91748046875,6836.91748046875,6836.91748046875,6836.91748046875,6836.91748046875,100000,6836.91748046875,6836.91748046875,100000,100000,100000,100000,100000,100000,100000,100000,100000,100000,100000,100000,100000,100000,100000,100000,100000,100000,100000,100000,100000
38,1,9,2050,0.492796003818512,0.507203996181488,0.447537004947662,0,0,0.194661006331444,0.180344998836517,0.0237339995801449,0.0107129998505116,0.143009006977081,0.451305001974106,0.0848700031638145,0.14266200363636,0.143038004636765,0.086266003549099,0.0460550002753735,0.0266740005463362,0.0191300008445978,0.499998420476913,0.699999988079071,0.400000005960464,3,3,6836.91748046875,100000,100000,6836.91748046875,6836.91748046875,100000,100000,6836.91748046875,0,0,0,0,0,0,0,0,6836.91748046875,100000,100000,6836.91748046875,6836.91748046875,6836.91748046875,6836.91748046875,6836.91748046875,0.0,6836.91748046875,6836.91748046875,0.0,0.0,0.0,0.0,0.0,6836.91748046875,6836.91748046875,6836.91748046875,6836.91748046875,6836.91748046875,6836.91748046875,6836.91748046875,6836.91748046875,100000,6836.91748046875,6836.91748046875,100000,100000,100000,100000,100000,100000,100000,100000,100000,100000,100000,100000,100000,100000,100000,100000,100000,100000,100000,100000,100000
39,1,9,2051,0.492796003818512,0.507203996181488,0.447537004947662,0,0,0.194661006331444,0.180344998836517,0.0237339995801449,0.0107129998505116,0.143009006977081,0.451305001974106,0.0848700031638145,0.14266200363636,0.143038004636765,0.086266003549099,0.0460550002753735,0.0266740005463362,0.0191300008445978,0.499998420476913,0.699999988079071,0.400000005960464,3,3,6836.91748046875,100000,100000,6836.91748046875,6836.91748046875,100000,100000,6836.91748046875,0,0,0,0,0,0,0,0,6836.91748046875,100000,100000,6836.91748046875,6836.91748046875,6836.91748046875,6836.91748046875,6836.91748046875,0.0,6836.91748046875,6836.91748046875,0.0,0.0,0.0,0.0,0.0,6836.91748046875,6836.91748046875,6836.91748046875,6836.91748046875,6836.91748046875,6836.91748046875,6836.91748046875,6836.91748046875,100000,6836.91748046875,6836.91748046875,100000,100000,100000,100000,100000,100000,100000,100000,100000,100000,100000,100000,100000,100000,100000,100000,100000,100000,100000,100000,100000
40,1,9,2052,0.492796003818512,0.507203996181488,0.447537004947662,0,0,0.194661006331444,0.180344998836517,0.0237339995801449,0.0107129998505116,0.143009006977081,0.451305001974106,0.0848700031638145,0.14266200363636,0.143038004636765,0.086266003549099,0.0460550002753735,0.0266740005463362,0.0191300008445978,0.499998420476913,0.699999988079071,0.400000005960464,3,3,6836.91748046875,100000,100000,6836.91748046875,6836.91748046875,100000,100000,6836.91748046875,0,0,0,0,0,0,0,0,6836.91748046875,100000,100000,6836.91748046875,6836.91748046875,6836.91748046875,6836.91748046875,6836.91748046875,0.0,6836.91748046875,6836.91748046875,0.0,0.0,0.0,0.0,0.0,6836.91748046875,6836.91748046875,6836.91748046875,6836.91748046875,6836.91748046875,6836.91748046875,6836.91748046875,6836.91748046875,100000,6836.91748046875,6836.91748046875,100000,100000,100000,100000,100000,100000,100000,100000,100000,100000,100000,100000,100000,100000,100000,100000,100000,100000,100000,100000,100000
41,1,9,2053,0.492796003818512,0.507203996181488,0.447537004947662,0,0,0.194661006331444,0.180344998836517,0.0237339995801449,0.0107129998505116,0.143009006977081,0.451305001974106,0.0848700031638145,0.14266200363636,0.143038004636765,0.086266003549099,0.0460550002753735,0.0266740005463362,0.0191300008445978,0.499998420476913,0.699999988079071,0.400000005960464,3,3,6836.91748046875,100000,100000,6836.91748046875,6836.91748046875,100000,100000,6836.91748046875,0,0,0,0,0,0,0,0,6836.91748046875,100000,100000,6836.91748046875,6836.91748046875,6836.91748046875,6836.91748046875,6836.91748046875,0.0,6836.91748046875,6836.91748046875,0.0,0.0,0.0,0.0,0.0,6836.91748046875,6836.91748046875,6836.91748046875,6836.91748046875,6836.91748046875,6836.91748046875,6836.91748046875,6836.91748046875,100000,6836.91748046875,6836.91748046875,100000,100000,100000,100000,100000,100000,100000,100000,100000,100000,100000,100000,100000,100000,100000,100000,100000,100000,100000,100000,100000
42,1,9,2054,0.492796003818512,0.507203996181488,0.447537004947662,0,0,0.194661006331444,0.180344998836517,0.0237339995801449,0.0107129998505116,0.143009006977081,0.451305001974106,0.0848700031638145,0.14266200363636,0.143038004636765,0.086266003549099,0.0460550002753735,0.0266740005463362,0.0191300008445978,0.499998420476913,0.699999988079071,0.400000005960464,3,3,6836.91748046875,100000,100000,6836.91748046875,6836.91748046875,100000,100000,6836.91748046875,0,0,0,0,0,0,0,0,6836.91748046875,100000,100000,6836.91748046875,6836.91748046875,6836.91748046875,6836.91748046875,6836.91748046875,0.0,6836.91748046875,6836.91748046875,0.0,0.0,0.0,0.0,0.0,6836.91748046875,6836.91748046875,6836.91748046875,6836.91748046875,6836.91748046875,6836.91748046875,6836.91748046875,6836.91748046875,100000,6836.91748046875,6836.91748046875,100000,100000,100000,100000,100000,100000,100000,100000,100000,100000,100000,100000,100000,100000,100000,100000,100000,100000,100000,100000,100000
43,1,9,2055,0.492796003818512,0.507203996181488,0.447537004947662,0,0,0.194661006331444,0.180344998836517,0.0237339995801449,0.0107129998505116,0.143009006977081,0.451305001974106,0.0848700031638145,0.14266200363636,0.143038004636765,0.086266003549099,0.0460550002753735,0.0266740005463362,0.0191300008445978,0.499998420476913,0.699999988079071,0.400000005960464,3,3,6836.91748046875,100000,100000,6836.91748046875,6836.91748046875,100000,100000,6836.91748046875,0,0,0,0,0,0,0,0,6836.91748046875,100000,100000,6836.91748046875,6836.91748046875,6836.91748046875,6836.91748046875,6836.91748046875,0.0,6836.91748046875,6836.91748046875,0.0,0.0,0.0,0.0,0.0,6836.91748046875,6836.91748046875,6836.91748046875,6836.91748046875,6836.91748046875,6836.91748046875,6836.91748046875,6836.91748046875,100000,6836.91748046875,6836.91748046875,100000,100000,100000,100000,100000,100000,100000,100000,100000,100000,100000,100000,100000,100000,100000,100000,100000,100000,100000,100000,100000
44,1,9,2056,0.492796003818512,0.507203996181488,0.447537004947662,0,0,0.194661006331444,0.180344998836517,0.0237339995801449,0.0107129998505116,0.143009006977081,0.451305001974106,0.0848700031638145,0.14266200363636,0.143038004636765,0.086266003549099,0.0460550002753735,0.0266740005463362,0.0191300008445978,0.499998420476913,0.699999988079071,0.400000005960464,3,3,6836.91748046875,100000,100000,6836.91748046875,6836.91748046875,100000,100000,6836.91748046875,0,0,0,0,0,0,0,0,6836.91748046875,100000,100000,6836.91748046875,6836.91748046875,6836.91748046875,6836.91748046875,6836.91748046875,0.0,6836.91748046875,6836.91748046875,0.0,0.0,0.0,0.0,0.0,6836.91748046875,6836.91748046875,6836.91748046875,6836.91748046875,6836.91748046875,6836.91748046875,6836.91748046875,6836.91748046875,100000,6836.91748046875,6836.91748046875,100000,100000,100000,100000,100000,100000,100000,100000,100000,100000,100000,100000,100000,100000,100000,100000,100000,100000,100000,100000,100000
45,1,9,2057,0.492796003818512,0.507203996181488,0.447537004947662,0,0,0.194661006331444,0.180344998836517,0.0237339995801449,0.0107129998505116,0.143009006977081,0.451305001974106,0.0848700031638145,0.14266200363636,0.143038004636765,0.086266003549099,0.0460550002753735,0.0266740005463362,0.0191300008445978,0.499998420476913,0.699999988079071,0.400000005960464,3,3,6836.91748046875,100000,100000,6836.91748046875,6836.91748046875,100000,100000,6836.91748046875,0,0,0,0,0,0,0,0,6836.91748046875,100000,100000,6836.91748046875,6836.91748046875,6836.91748046875,6836.91748046875,6836.91748046875,0.0,6836.91748046875,6836.91748046875,0.0,0.0,0.0,0.0,0.0,6836.91748046875,6836.91748046875,6836.91748046875,6836.91748046875,6836.91748046875,6836.91748046875,6836.91748046875,6836.91748046875,100000,6836.91748046875,6836.91748046875,100000,100000,100000,100000,100000,100000,100000,100000,100000,100000,100000,100000,100000,100000,100000,100000,100000,100000,100000,100000,100000
46,1,9,2058,0.492796003818512,0.507203996181488,0.447537004947662,0,0,0.194661006331444,0.180344998836517,0.0237339995801449,0.0107129998505116,0.143009006977081,0.451305001974106,0.0848700031638145,0.14266200363636,0.143038004636765,0.086266003549099,0.0460550002753735,0.0266740005463362,0.0191300008445978,0.499998420476913,0.699999988079071,0.400000005960464,3,3,6836.91748046875,100000,100000,6836.91748046875,6836.91748046875,100000,100000,6836.91748046875,0,0,0,0,0,0,0,0,6836.91748046875,100000,100000,6836.91748046875,6836.91748046875,6836.91748046875,6836.91748046875,6836.91748046875,0.0,6836.91748046875,6836.91748046875,0.0,0.0,0.0,0.0,0.0,6836.91748046875,6836.91748046875,6836.91748046875,6836.91748046875,6836.91748046875,6836.91748046875,6836.91748046875,6836.91748046875,100000,6836.91748046875,6836.91748046875,100000,100000,100000,100000,100000,100000,100000,100000,100000,100000,100000,100000,100000,100000,100000,100000,100000,100000,100000,100000,100000
47,1,9,2059,0.492796003818512,0.507203996181488,0.447537004947662,0,0,0.194661006331444,0.180344998836517,0.0237339995801449,0.0107129998505116,0.143009006977081,0.451305001974106,0.0848700031638145,0.14266200363636,0.143038004636765,0.086266003549099,0.0460550002753735,0.0266740005463362,0.0191300008445978,0.499998420476913,0.699999988079071,0.400000005960464,3,3,6836.91748046875,100000,100000,6836.91748046875,6836.91748046875,100000,100000,6836.91748046875,0,0,0,0,0,0,0,0,6836.91748046875,100000,100000,6836.91748046875,6836.91748046875,6836.91748046875,6836.91748046875,6836.91748046875,0.0,6836.91748046875,6836.91748046875,0.0,0.0,0.0,0.0,0.0,6836.91748046875,6836.91748046875,6836.91748046875,6836.91748046875,6836.91748046875,6836.91748046875,6836.91748046875,6836.91748046875,100000,6836.91748046875,6836.91748046875,100000,100000,100000,100000,100000,100000,100000,100000,100000,100000,100000,100000,100000,100000,100000,100000,100000,100000,100000,100000,100000
48,1,9,2060,0.492796003818512,0.507203996181488,0.447537004947662,0,0,0.194661006331444,0.180344998836517,0.0237339995801449,0.0107129998505116,0.143009006977081,0.451305001974106,0.0848700031638145,0.14266200363636,0.143038004636765,0.086266003549099,0.0460550002753735,0.0266740005463362,0.0191300008445978,0.499998420476913,0.699999988079071,0.400000005960464,3,3,6836.91748046875,100000,100000,6836.91748046875,6836.91748046875,100000,100000,6836.91748046875,0,0,0,0,0,0,0,0,6836.91748046875,100000,100000,6836.91748046875,6836.91748046875,6836.91748046875,6836.91748046875,6836.91748046875,0.0,6836.91748046875,6836.91748046875,0.0,0.0,0.0,0.0,0.0,6836.91748046875,6836.91748046875,6836.91748046875,6836.91748046875,6836.91748046875,6836.91748046875,6836.91748046875,6836.91748046875,100000,6836.91748046875,6836.91748046875,100000,100000,100000,100000,100000,100000,100000,100000,100000,100000,100000,100000,100000,100000,100000,100000,100000,100000,100000,100000,100000
49,1,9,2061,0.492796003818512,0.507203996181488,0.447537004947662,0,0,0.194661006331444,0.180344998836517,0.0237339995801449,0.0107129998505116,0.143009006977081,0.451305001974106,0.0848700031638145,0.14266200363636,0.143038004636765,0.086266003549099,0.0460550002753735,0.0266740005463362,0.0191300008445978,0.499998420476913,0.699999988079071,0.400000005960464,3,3,6836.91748046875,100000,100000,6836.91748046875,6836.91748046875,100000,100000,6836.91748046875,0,0,0,0,0,0,0,0,6836.91748046875,100000,100000,6836.91748046875,6836.91748046875,6836.91748046875,6836.91748046875,6836.91748046875,0.0,6836.91748046875,6836.91748046875,0.0,0.0,0.0,0.0,0.0,6836.91748046875,6836.91748046875,6836.91748046875,6836.91748046875,6836.91748046875,6836.91748046875,6836.91748046875,6836.91748046875,100000,6836.91748046875,6836.91748046875,100000,100000,100000,100000,100000,100000,100000,100000,100000,100000,100000,100000,100000,100000,100000,100000,100000,100000,100000,100000,100000
50,1,9,2062,0.492796003818512,0.507203996181488,0.447537004947662,0,0,0.194661006331444,0.180344998836517,0.0237339995801449,0.0107129998505116,0.143009006977081,0.451305001974106,0.0848700031638145,0.14266200363636,0.143038004636765,0.086266003549099,0.0460550002753735,0.0266740005463362,0.0191300008445978,0.499998420476913,0.699999988079071,0.400000005960464,3,3,6836.91748046875,100000,100000,6836.91748046875,6836.91748046875,100000,100000,6836.91748046875,0,0,0,0,0,0,0,0,6836.91748046875,100000,100000,6836.91748046875,6836.91748046875,6836.91748046875,6836.91748046875,6836.91748046875,0.0,6836.91748046875,6836.91748046875,0.0,0.0,0.0,0.0,0.0,6836.91748046875,6836.91748046875,6836.91748046875,6836.91748046875,6836.91748046875,6836.91748046875,6836.91748046875,6836.91748046875,100000,6836.91748046875,6836.91748046875,100000,100000,100000,100000,100000,100000,100000,100000,100000,100000,100000,100000,100000,100000,100000,100000,100000,100000,100000,100000,100000
51,1,9,2063,0.492796003818512,0.507203996181488,0.447537004947662,0,0,0.194661006331444,0.180344998836517,0.0237339995801449,0.0107129998505116,0.143009006977081,0.451305001974106,0.0848700031638145,0.14266200363636,0.143038004636765,0.086266003549099,0.0460550002753735,0.0266740005463362,0.0191300008445978,0.499998420476913,0.699999988079071,0.400000005960464,3,3,6836.91748046875,100000,100000,6836.91748046875,6836.91748046875,100000,100000,6836.91748046875,0,0,0,0,0,0,0,0,6836.91748046875,100000,100000,6836.91748046875,6836.91748046875,6836.91748046875,6836.91748046875,6836.91748046875,0.0,6836.91748046875,6836.91748046875,0.0,0.0,0.0,0.0,0.0,6836.91748046875,6836.91748046875,6836.91748046875,6836.91748046875,6836.91748046875,6836.91748046875,6836.91748046875,6836.91748046875,100000,6836.91748046875,6836.91748046875,100000,100000,100000,100000,100000,100000,100000,100000,100000,100000,100000,100000,100000,100000,100000,100000,100000,100000,100000,100000,100000
52,1,9,2064,0.492796003818512,0.507203996181488,0.447537004947662,0,0,0.194661006331444,0.180344998836517,0.0237339995801449,0.0107129998505116,0.143009006977081,0.451305001974106,0.0848700031638145,0.14266200363636,0.143038004636765,0.086266003549099,0.0460550002753735,0.0266740005463362,0.0191300008445978,0.499998420476913,0.699999988079071,0.400000005960464,3,3,6836.91748046875,100000,100000,6836.91748046875,6836.91748046875,100000,100000,6836.91748046875,0,0,0,0,0,0,0,0,6836.91748046875,100000,100000,6836.91748046875,6836.91748046875,6836.91748046875,6836.91748046875,6836.91748046875,0.0,6836.91748046875,6836.91748046875,0.0,0.0,0.0,0.0,0.0,6836.91748046875,6836.91748046875,6836.91748046875,6836.91748046875,6836.91748046875,6836.91748046875,6836.91748046875,6836.91748046875,100000,6836.91748046875,6836.91748046875,100000,100000,100000,100000,100000,100000,100000,100000,100000,100000,100000,100000,100000,100000,100000,100000,100000,100000,100000,100000,100000
53,1,9,2065,0.492796003818512,0.507203996181488,0.447537004947662,0,0,0.194661006331444,0.180344998836517,0.0237339995801449,0.0107129998505116,0.143009006977081,0.451305001974106,0.0848700031638145,0.14266200363636,0.143038004636765,0.086266003549099,0.0460550002753735,0.0266740005463362,0.0191300008445978,0.499998420476913,0.699999988079071,0.400000005960464,3,3,6836.91748046875,100000,100000,6836.91748046875,6836.91748046875,100000,100000,6836.91748046875,0,0,0,0,0,0,0,0,6836.91748046875,100000,100000,6836.91748046875,6836.91748046875,6836.91748046875,6836.91748046875,6836.91748046875,0.0,6836.91748046875,6836.91748046875,0.0,0.0,0.0,0.0,0.0,6836.91748046875,6836.91748046875,6836.91748046875,6836.91748046875,6836.91748046875,6836.91748046875,6836.91748046875,6836.91748046875,100000,6836.91748046875,6836.91748046875,100000,100000,100000,100000,100000,100000,100000,100000,100000,100000,100000,100000,100000,100000,100000,100000,100000,100000,100000,100000,100000
54,1,9,2066,0.492796003818512,0.507203996181488,0.447537004947662,0,0,0.194661006331444,0.180344998836517,0.0237339995801449,0.0107129998505116,0.143009006977081,0.451305001974106,0.0848700031638145,0.14266200363636,0.143038004636765,0.086266003549099,0.0460550002753735,0.0266740005463362,0.0191300008445978,0.499998420476913,0.699999988079071,0.400000005960464,3,3,6836.91748046875,100000,100000,6836.91748046875,6836.91748046875,100000,100000,6836.91748046875,0,0,0,0,0,0,0,0,6836.91748046875,100000,100000,6836.91748046875,6836.91748046875,6836.91748046875,6836.91748046875,6836.91748046875,0.0,6836.91748046875,6836.91748046875,0.0,0.0,0.0,0.0,0.0,6836.91748046875,6836.91748046875,6836.91748046875,6836.91748046875,6836.91748046875,6836.91748046875,6836.91748046875,6836.91748046875,100000,6836.91748046875,6836.91748046875,100000,100000,100000,100000,100000,100000,100000,100000,100000,100000,100000,100000,100000,100000,100000,100000,100000,100000,100000,100000,100000
55,1,9,2067,0.492796003818512,0.507203996181488,0.447537004947662,0,0,0.194661006331444,0.180344998836517,0.0237339995801449,0.0107129998505116,0.143009006977081,0.451305001974106,0.0848700031638145,0.14266200363636,0.143038004636765,0.086266003549099,0.0460550002753735,0.0266740005463362,0.0191300008445978,0.499998420476913,0.699999988079071,0.400000005960464,3,3,6836.91748046875,100000,100000,6836.91748046875,6836.91748046875,100000,100000,6836.91748046875,0,0,0,0,0,0,0,0,6836.91748046875,100000,100000,6836.91748046875,6836.91748046875,6836.91748046875,6836.91748046875,6836.91748046875,0.0,6836.91748046875,6836.91748046875,0.0,0.0,0.0,0.0,0.0,6836.91748046875,6836.91748046875,6836.91748046875,6836.91748046875,6836.91748046875,6836.91748046875,6836.91748046875,6836.91748046875,100000,6836.91748046875,6836.91748046875,100000,100000,100000,100000,100000,100000,100000,100000,100000,100000,100000,100000,100000,100000,100000,100000,100000,100000,100000,100000,100000
56,1,9,2068,0.492796003818512,0.507203996181488,0.447537004947662,0,0,0.194661006331444,0.180344998836517,0.0237339995801449,0.0107129998505116,0.143009006977081,0.451305001974106,0.0848700031638145,0.14266200363636,0.143038004636765,0.086266003549099,0.0460550002753735,0.0266740005463362,0.0191300008445978,0.499998420476913,0.699999988079071,0.400000005960464,3,3,6836.91748046875,100000,100000,6836.91748046875,6836.91748046875,100000,100000,6836.91748046875,0,0,0,0,0,0,0,0,6836.91748046875,100000,100000,6836.91748046875,6836.91748046875,6836.91748046875,6836.91748046875,6836.91748046875,0.0,6836.91748046875,6836.91748046875,0.0,0.0,0.0,0.0,0.0,6836.91748046875,6836.91748046875,6836.91748046875,6836.91748046875,6836.91748046875,6836.91748046875,6836.91748046875,6836.91748046875,100000,6836.91748046875,6836.91748046875,100000,100000,100000,100000,100000,100000,100000,100000,100000,100000,100000,100000,100000,100000,100000,100000,100000,100000,100000,100000,100000
57,1,9,2069,0.492796003818512,0.507203996181488,0.447537004947662,0,0,0.194661006331444,0.180344998836517,0.0237339995801449,0.0107129998505116,0.143009006977081,0.451305001974106,0.0848700031638145,0.14266200363636,0.143038004636765,0.086266003549099,0.0460550002753735,0.0266740005463362,0.0191300008445978,0.499998420476913,0.699999988079071,0.400000005960464,3,3,6836.91748046875,100000,100000,6836.91748046875,6836.91748046875,100000,100000,6836.91748046875,0,0,0,0,0,0,0,0,6836.91748046875,100000,100000,6836.91748046875,6836.91748046875,6836.91748046875,6836.91748046875,6836.91748046875,0.0,6836.91748046875,6836.91748046875,0.0,0.0,0.0,0.0,0.0,6836.91748046875,6836.91748046875,6836.91748046875,6836.91748046875,6836.91748046875,6836.91748046875,6836.91748046875,6836.91748046875,100000,6836.91748046875,6836.91748046875,100000,100000,100000,100000,100000,100000,100000,100000,100000,100000,100000,100000,100000,100000,100000,100000,100000,100000,100000,100000,100000
58,1,9,2070,0.492796003818512,0.507203996181488,0.447537004947662,0,0,0.194661006331444,0.180344998836517,0.0237339995801449,0.0107129998505116,0.143009006977081,0.451305001974106,0.0848700031638145,0.14266200363636,0.143038004636765,0.086266003549099,0.0460550002753735,0.0266740005463362,0.0191300008445978,0.499998420476913,0.699999988079071,0.400000005960464,3,3,6836.91748046875,100000,100000,6836.91748046875,6836.91748046875,100000,100000,6836.91748046875,0,0,0,0,0,0,0,0,6836.91748046875,100000,100000,6836.91748046875,6836.91748046875,6836.91748046875,6836.91748046875,6836.91748046875,0.0,6836.91748046875,6836.91748046875,0.0,0.0,0.0,0.0,0.0,6836.91748046875,6836.91748046875,6836.91748046875,6836.91748046875,6836.91748046875,6836.91748046875,6836.91748046875,6836.91748046875,100000,6836.91748046875,6836.91748046875,100000,100000,100000,100000,100000,100000,100000,100000,100000,100000,100000,100000,100000,100000,100000,100000,100000,100000,100000,100000,100000
59,1,9,2071,0.492796003818512,0.507203996181488,0.447537004947662,0,0,0.194661006331444,0.180344998836517,0.0237339995801449,0.0107129998505116,0.143009006977081,0.451305001974106,0.0848700031638145,0.14266200363636,0.143038004636765,0.086266003549099,0.0460550002753735,0.0266740005463362,0.0191300008445978,0.499998420476913,0.699999988079071,0.400000005960464,3,3,6836.91748046875,100000,100000,6836.91748046875,6836.91748046875,100000,100000,6836.91748046875,0,0,0,0,0,0,0,0,6836.91748046875,100000,100000,6836.91748046875,6836.91748046875,6836.91748046875,6836.91748046875,6836.91748046875,0.0,6836.91748046875,6836.91748046875,0.0,0.0,0.0,0.0,0.0,6836.91748046875,6836.91748046875,6836.91748046875,6836.91748046875,6836.91748046875,6836.91748046875,6836.91748046875,6836.91748046875,100000,6836.91748046875,6836.91748046875,100000,100000,100000,100000,100000,100000,100000,100000,100000,100000,100000,100000,100000,100000,100000,100000,100000,100000,100000,100000,100000
60,1,9,2072,0.492796003818512,0.507203996181488,0.447537004947662,0,0,0.194661006331444,0.180344998836517,0.0237339995801449,0.0107129998505116,0.143009006977081,0.451305001974106,0.0848700031638145,0.14266200363636,0.143038004636765,0.086266003549099,0.0460550002753735,0.0266740005463362,0.0191300008445978,0.499998420476913,0.699999988079071,0.400000005960464,3,3,6836.91748046875,100000,100000,6836.91748046875,6836.91748046875,100000,100000,6836.91748046875,0,0,0,0,0,0,0,0,6836.91748046875,100000,100000,6836.91748046875,6836.91748046875,6836.91748046875,6836.91748046875,6836.91748046875,0.0,6836.91748046875,6836.91748046875,0.0,0.0,0.0,0.0,0.0,6836.91748046875,6836.91748046875,6836.91748046875,6836.91748046875,6836.91748046875,6836.91748046875,6836.91748046875,6836.91748046875,100000,6836.91748046875,6836.91748046875,100000,100000,100000,100000,100000,100000,100000,100000,100000,100000,100000,100000,100000,100000,100000,100000,100000,100000,100000,100000,100000
61,1,9,2073,0.492796003818512,0.507203996181488,0.447537004947662,0,0,0.194661006331444,0.180344998836517,0.0237339995801449,0.0107129998505116,0.143009006977081,0.451305001974106,0.0848700031638145,0.14266200363636,0.143038004636765,0.086266003549099,0.0460550002753735,0.0266740005463362,0.0191300008445978,0.499998420476913,0.699999988079071,0.400000005960464,3,3,6836.91748046875,100000,100000,6836.91748046875,6836.91748046875,100000,100000,6836.91748046875,0,0,0,0,0,0,0,0,6836.91748046875,100000,100000,6836.91748046875,6836.91748046875,6836.91748046875,6836.91748046875,6836.91748046875,0.0,6836.91748046875,6836.91748046875,0.0,0.0,0.0,0.0,0.0,6836.91748046875,6836.91748046875,6836.91748046875,6836.91748046875,6836.91748046875,6836.91748046875,6836.91748046875,6836.91748046875,100000,6836.91748046875,6836.91748046875,100000,100000,100000,100000,100000,100000,100000,100000,100000,100000,100000,100000,100000,100000,100000,100000,100000,100000,100000,100000,100000
62,1,9,2074,0.492796003818512,0.507203996181488,0.447537004947662,0,0,0.194661006331444,0.180344998836517,0.0237339995801449,0.0107129998505116,0.143009006977081,0.451305001974106,0.0848700031638145,0.14266200363636,0.143038004636765,0.086266003549099,0.0460550002753735,0.0266740005463362,0.0191300008445978,0.499998420476913,0.699999988079071,0.400000005960464,3,3,6836.91748046875,100000,100000,6836.91748046875,6836.91748046875,100000,100000,6836.91748046875,0,0,0,0,0,0,0,0,6836.91748046875,100000,100000,6836.91748046875,6836.91748046875,6836.91748046875,6836.91748046875,6836.91748046875,0.0,6836.91748046875,6836.91748046875,0.0,0.0,0.0,0.0,0.0,6836.91748046875,6836.91748046875,6836.91748046875,6836.91748046875,6836.91748046875,6836.91748046875,6836.91748046875,6836.91748046875,100000,6836.91748046875,6836.91748046875,100000,100000,100000,100000,100000,100000,100000,100000,100000,100000,100000,100000,100000,100000,100000,100000,100000,100000,100000,100000,100000
63,1,9,2075,0.492796003818512,0.507203996181488,0.447537004947662,0,0,0.194661006331444,0.180344998836517,0.0237339995801449,0.0107129998505116,0.143009006977081,0.451305001974106,0.0848700031638145,0.14266200363636,0.143038004636765,0.086266003549099,0.0460550002753735,0.0266740005463362,0.0191300008445978,0.499998420476913,0.699999988079071,0.400000005960464,3,3,6836.91748046875,100000,100000,6836.91748046875,6836.91748046875,100000,100000,6836.91748046875,0,0,0,0,0,0,0,0,6836.91748046875,100000,100000,6836.91748046875,6836.91748046875,6836.91748046875,6836.91748046875,6836.91748046875,0.0,6836.91748046875,6836.91748046875,0.0,0.0,0.0,0.0,0.0,6836.91748046875,6836.91748046875,6836.91748046875,6836.91748046875,6836.91748046875,6836.91748046875,6836.91748046875,6836.91748046875,100000,6836.91748046875,6836.91748046875,100000,100000,100000,100000,100000,100000,100000,100000,100000,100000,100000,100000,100000,100000,100000,100000,100000,100000,100000,100000,100000
64,1,9,2076,0.492796003818512,0.507203996181488,0.447537004947662,0,0,0.194661006331444,0.180344998836517,0.0237339995801449,0.0107129998505116,0.143009006977081,0.451305001974106,0.0848700031638145,0.14266200363636,0.143038004636765,0.086266003549099,0.0460550002753735,0.0266740005463362,0.0191300008445978,0.499998420476913,0.699999988079071,0.400000005960464,3,3,6836.91748046875,100000,100000,6836.91748046875,6836.91748046875,100000,100000,6836.91748046875,0,0,0,0,0,0,0,0,6836.91748046875,100000,100000,6836.91748046875,6836.91748046875,6836.91748046875,6836.91748046875,6836.91748046875,0.0,6836.91748046875,6836.91748046875,0.0,0.0,0.0,0.0,0.0,6836.91748046875,6836.91748046875,6836.91748046875,6836.91748046875,6836.91748046875,6836.91748046875,6836.91748046875,6836.91748046875,100000,6836.91748046875,6836.91748046875,100000,100000,100000,100000,100000,100000,100000,100000,100000,100000,100000,100000,100000,100000,100000,100000,100000,100000,100000,100000,100000
65,1,9,2077,0.492796003818512,0.507203996181488,0.447537004947662,0,0,0.194661006331444,0.180344998836517,0.0237339995801449,0.0107129998505116,0.143009006977081,0.451305001974106,0.0848700031638145,0.14266200363636,0.143038004636765,0.086266003549099,0.0460550002753735,0.0266740005463362,0.0191300008445978,0.499998420476913,0.699999988079071,0.400000005960464,3,3,6836.91748046875,100000,100000,6836.91748046875,6836.91748046875,100000,100000,6836.91748046875,0,0,0,0,0,0,0,0,6836.91748046875,100000,100000,6836.91748046875,6836.91748046875,6836.91748046875,6836.91748046875,6836.91748046875,0.0,6836.91748046875,6836.91748046875,0.0,0.0,0.0,0.0,0.0,6836.91748046875,6836.91748046875,6836.91748046875,6836.91748046875,6836.91748046875,6836.91748046875,6836.91748046875,6836.91748046875,100000,6836.91748046875,6836.91748046875,100000,100000,100000,100000,100000,100000,100000,100000,100000,100000,100000,100000,100000,100000,100000,100000,100000,100000,100000,100000,100000
66,1,9,2078,0.492796003818512,0.507203996181488,0.447537004947662,0,0,0.194661006331444,0.180344998836517,0.0237339995801449,0.0107129998505116,0.143009006977081,0.451305001974106,0.0848700031638145,0.14266200363636,0.143038004636765,0.086266003549099,0.0460550002753735,0.0266740005463362,0.0191300008445978,0.499998420476913,0.699999988079071,0.400000005960464,3,3,6836.91748046875,100000,100000,6836.91748046875,6836.91748046875,100000,100000,6836.91748046875,0,0,0,0,0,0,0,0,6836.91748046875,100000,100000,6836.91748046875,6836.91748046875,6836.91748046875,6836.91748046875,6836.91748046875,0.0,6836.91748046875,6836.91748046875,0.0,0.0,0.0,0.0,0.0,6836.91748046875,6836.91748046875,6836.91748046875,6836.91748046875,6836.91748046875,6836.91748046875,6836.91748046875,6836.91748046875,100000,6836.91748046875,6836.91748046875,100000,100000,100000,100000,100000,100000,100000,100000,100000,100000,100000,100000,100000,100000,100000,100000,100000,100000,100000,100000,100000
67,1,9,2079,0.492796003818512,0.507203996181488,0.447537004947662,0,0,0.194661006331444,0.180344998836517,0.0237339995801449,0.0107129998505116,0.143009006977081,0.451305001974106,0.0848700031638145,0.14266200363636,0.143038004636765,0.086266003549099,0.0460550002753735,0.0266740005463362,0.0191300008445978,0.499998420476913,0.699999988079071,0.400000005960464,3,3,6836.91748046875,100000,100000,6836.91748046875,6836.91748046875,100000,100000,6836.91748046875,0,0,0,0,0,0,0,0,6836.91748046875,100000,100000,6836.91748046875,6836.91748046875,6836.91748046875,6836.91748046875,6836.91748046875,0.0,6836.91748046875,6836.91748046875,0.0,0.0,0.0,0.0,0.0,6836.91748046875,6836.91748046875,6836.91748046875,6836.91748046875,6836.91748046875,6836.91748046875,6836.91748046875,6836.91748046875,100000,6836.91748046875,6836.91748046875,100000,100000,100000,100000,100000,100000,100000,100000,100000,100000,100000,100000,100000,100000,100000,100000,100000,100000,100000,100000,100000
68,1,9,2080,0.492796003818512,0.507203996181488,0.447537004947662,0,0,0.194661006331444,0.180344998836517,0.0237339995801449,0.0107129998505116,0.143009006977081,0.451305001974106,0.0848700031638145,0.14266200363636,0.143038004636765,0.086266003549099,0.0460550002753735,0.0266740005463362,0.0191300008445978,0.499998420476913,0.699999988079071,0.400000005960464,3,3,6836.91748046875,100000,100000,6836.91748046875,6836.91748046875,100000,100000,6836.91748046875,0,0,0,0,0,0,0,0,6836.91748046875,100000,100000,6836.91748046875,6836.91748046875,6836.91748046875,6836.91748046875,6836.91748046875,0.0,6836.91748046875,6836.91748046875,0.0,0.0,0.0,0.0,0.0,6836.91748046875,6836.91748046875,6836.91748046875,6836.91748046875,6836.91748046875,6836.91748046875,6836.91748046875,6836.91748046875,100000,6836.91748046875,6836.91748046875,100000,100000,100000,100000,100000,100000,100000,100000,100000,100000,100000,100000,100000,100000,100000,100000,100000,100000,100000,100000,100000
69,1,9,2081,0.492796003818512,0.507203996181488,0.447537004947662,0,0,0.194661006331444,0.180344998836517,0.0237339995801449,0.0107129998505116,0.143009006977081,0.451305001974106,0.0848700031638145,0.14266200363636,0.143038004636765,0.086266003549099,0.0460550002753735,0.0266740005463362,0.0191300008445978,0.499998420476913,0.699999988079071,0.400000005960464,3,3,6836.91748046875,100000,100000,6836.91748046875,6836.91748046875,100000,100000,6836.91748046875,0,0,0,0,0,0,0,0,6836.91748046875,100000,100000,6836.91748046875,6836.91748046875,6836.91748046875,6836.91748046875,6836.91748046875,0.0,6836.91748046875,6836.91748046875,0.0,0.0,0.0,0.0,0.0,6836.91748046875,6836.91748046875,6836.91748046875,6836.91748046875,6836.91748046875,6836.91748046875,6836.91748046875,6836.91748046875,100000,6836.91748046875,6836.91748046875,100000,100000,100000,100000,100000,100000,100000,100000,100000,100000,100000,100000,100000,100000,100000,100000,100000,100000,100000,100000,100000
70,1,9,2082,0.492796003818512,0.507203996181488,0.447537004947662,0,0,0.194661006331444,0.180344998836517,0.0237339995801449,0.0107129998505116,0.143009006977081,0.451305001974106,0.0848700031638145,0.14266200363636,0.143038004636765,0.086266003549099,0.0460550002753735,0.0266740005463362,0.0191300008445978,0.499998420476913,0.699999988079071,0.400000005960464,3,3,6836.91748046875,100000,100000,6836.91748046875,6836.91748046875,100000,100000,6836.91748046875,0,0,0,0,0,0,0,0,6836.91748046875,100000,100000,6836.91748046875,6836.91748046875,6836.91748046875,6836.91748046875,6836.91748046875,0.0,6836.91748046875,6836.91748046875,0.0,0.0,0.0,0.0,0.0,6836.91748046875,6836.91748046875,6836.91748046875,6836.91748046875,6836.91748046875,6836.91748046875,6836.91748046875,6836.91748046875,100000,6836.91748046875,6836.91748046875,100000,100000,100000,100000,100000,100000,100000,100000,100000,100000,100000,100000,100000,100000,100000,100000,100000,100000,100000,100000,100000
71,1,9,2083,0.492796003818512,0.507203996181488,0.447537004947662,0,0,0.194661006331444,0.180344998836517,0.0237339995801449,0.0107129998505116,0.143009006977081,0.451305001974106,0.0848700031638145,0.14266200363636,0.143038004636765,0.086266003549099,0.0460550002753735,0.0266740005463362,0.0191300008445978,0.499998420476913,0.699999988079071,0.400000005960464,3,3,6836.91748046875,100000,100000,6836.91748046875,6836.91748046875,100000,100000,6836.91748046875,0,0,0,0,0,0,0,0,6836.91748046875,100000,100000,6836.91748046875,6836.91748046875,6836.91748046875,6836.91748046875,6836.91748046875,0.0,6836.91748046875,6836.91748046875,0.0,0.0,0.0,0.0,0.0,6836.91748046875,6836.91748046875,6836.91748046875,6836.91748046875,6836.91748046875,6836.91748046875,6836.91748046875,6836.91748046875,100000,6836.91748046875,6836.91748046875,100000,100000,100000,100000,100000,100000,100000,100000,100000,100000,100000,100000,100000,100000,100000,100000,100000,100000,100000,100000,100000
72,1,9,2084,0.492796003818512,0.507203996181488,0.447537004947662,0,0,0.194661006331444,0.180344998836517,0.0237339995801449,0.0107129998505116,0.143009006977081,0.451305001974106,0.0848700031638145,0.14266200363636,0.143038004636765,0.086266003549099,0.0460550002753735,0.0266740005463362,0.0191300008445978,0.499998420476913,0.699999988079071,0.400000005960464,3,3,6836.91748046875,100000,100000,6836.91748046875,6836.91748046875,100000,100000,6836.91748046875,0,0,0,0,0,0,0,0,6836.91748046875,100000,100000,6836.91748046875,6836.91748046875,6836.91748046875,6836.91748046875,6836.91748046875,0.0,6836.91748046875,6836.91748046875,0.0,0.0,0.0,0.0,0.0,6836.91748046875,6836.91748046875,6836.91748046875,6836.91748046875,6836.91748046875,6836.91748046875,6836.91748046875,6836.91748046875,100000,6836.91748046875,6836.91748046875,100000,100000,100000,100000,100000,100000,100000,100000,100000,100000,100000,100000,100000,100000,100000,100000,100000,100000,100000,100000,100000
73,1,9,2085,0.492796003818512,0.507203996181488,0.447537004947662,0,0,0.194661006331444,0.180344998836517,0.0237339995801449,0.0107129998505116,0.143009006977081,0.451305001974106,0.0848700031638145,0.14266200363636,0.143038004636765,0.086266003549099,0.0460550002753735,0.0266740005463362,0.0191300008445978,0.499998420476913,0.699999988079071,0.400000005960464,3,3,6836.91748046875,100000,100000,6836.91748046875,6836.91748046875,100000,100000,6836.91748046875,0,0,0,0,0,0,0,0,6836.91748046875,100000,100000,6836.91748046875,6836.91748046875,6836.91748046875,6836.91748046875,6836.91748046875,0.0,6836.91748046875,6836.91748046875,0.0,0.0,0.0,0.0,0.0,6836.91748046875,6836.91748046875,6836.91748046875,6836.91748046875,6836.91748046875,6836.91748046875,6836.91748046875,6836.91748046875,100000,6836.91748046875,6836.91748046875,100000,100000,100000,100000,100000,100000,100000,100000,100000,100000,100000,100000,100000,100000,100000,100000,100000,100000,100000,100000,100000
74,1,9,2086,0.492796003818512,0.507203996181488,0.447537004947662,0,0,0.194661006331444,0.180344998836517,0.0237339995801449,0.0107129998505116,0.143009006977081,0.451305001974106,0.0848700031638145,0.14266200363636,0.143038004636765,0.086266003549099,0.0460550002753735,0.0266740005463362,0.0191300008445978,0.499998420476913,0.699999988079071,0.400000005960464,3,3,6836.91748046875,100000,100000,6836.91748046875,6836.91748046875,100000,100000,6836.91748046875,0,0,0,0,0,0,0,0,6836.91748046875,100000,100000,6836.91748046875,6836.91748046875,6836.91748046875,6836.91748046875,6836.91748046875,0.0,6836.91748046875,6836.91748046875,0.0,0.0,0.0,0.0,0.0,6836.91748046875,6836.91748046875,6836.91748046875,6836.91748046875,6836.91748046875,6836.91748046875,6836.91748046875,6836.91748046875,100000,6836.91748046875,6836.91748046875,100000,100000,100000,100000,100000,100000,100000,100000,100000,100000,100000,100000,100000,100000,100000,100000,100000,100000,100000,100000,100000
75,1,9,2087,0.492796003818512,0.507203996181488,0.447537004947662,0,0,0.194661006331444,0.180344998836517,0.0237339995801449,0.0107129998505116,0.143009006977081,0.451305001974106,0.0848700031638145,0.14266200363636,0.143038004636765,0.086266003549099,0.0460550002753735,0.0266740005463362,0.0191300008445978,0.499998420476913,0.699999988079071,0.400000005960464,3,3,6836.91748046875,100000,100000,6836.91748046875,6836.91748046875,100000,100000,6836.91748046875,0,0,0,0,0,0,0,0,6836.91748046875,100000,100000,6836.91748046875,6836.91748046875,6836.91748046875,6836.91748046875,6836.91748046875,0.0,6836.91748046875,6836.91748046875,0.0,0.0,0.0,0.0,0.0,6836.91748046875,6836.91748046875,6836.91748046875,6836.91748046875,6836.91748046875,6836.91748046875,6836.91748046875,6836.91748046875,100000,6836.91748046875,6836.91748046875,100000,100000,100000,100000,100000,100000,100000,100000,100000,100000,100000,100000,100000,100000,100000,100000,100000,100000,100000,100000,100000
76,1,9,2088,0.492796003818512,0.507203996181488,0.447537004947662,0,0,0.194661006331444,0.180344998836517,0.0237339995801449,0.0107129998505116,0.143009006977081,0.451305001974106,0.0848700031638145,0.14266200363636,0.143038004636765,0.086266003549099,0.0460550002753735,0.0266740005463362,0.0191300008445978,0.499998420476913,0.699999988079071,0.400000005960464,3,3,6836.91748046875,100000,100000,6836.91748046875,6836.91748046875,100000,100000,6836.91748046875,0,0,0,0,0,0,0,0,6836.91748046875,100000,100000,6836.91748046875,6836.91748046875,6836.91748046875,6836.91748046875,6836.91748046875,0.0,6836.91748046875,6836.91748046875,0.0,0.0,0.0,0.0,0.0,6836.91748046875,6836.91748046875,6836.91748046875,6836.91748046875,6836.91748046875,6836.91748046875,6836.91748046875,6836.91748046875,100000,6836.91748046875,6836.91748046875,100000,100000,100000,100000,100000,100000,100000,100000,100000,100000,100000,100000,100000,100000,100000,100000,100000,100000,100000,100000,100000
77,1,9,2089,0.492796003818512,0.507203996181488,0.447537004947662,0,0,0.194661006331444,0.180344998836517,0.0237339995801449,0.0107129998505116,0.143009006977081,0.451305001974106,0.0848700031638145,0.14266200363636,0.143038004636765,0.086266003549099,0.0460550002753735,0.0266740005463362,0.0191300008445978,0.499998420476913,0.699999988079071,0.400000005960464,3,3,6836.91748046875,100000,100000,6836.91748046875,6836.91748046875,100000,100000,6836.91748046875,0,0,0,0,0,0,0,0,6836.91748046875,100000,100000,6836.91748046875,6836.91748046875,6836.91748046875,6836.91748046875,6836.91748046875,0.0,6836.91748046875,6836.91748046875,0.0,0.0,0.0,0.0,0.0,6836.91748046875,6836.91748046875,6836.91748046875,6836.91748046875,6836.91748046875,6836.91748046875,6836.91748046875,6836.91748046875,100000,6836.91748046875,6836.91748046875,100000,100000,100000,100000,100000,100000,100000,100000,100000,100000,100000,100000,100000,100000,100000,100000,100000,100000,100000,100000,100000
78,1,9,2090,0.492796003818512,0.507203996181488,0.447537004947662,0,0,0.194661006331444,0.180344998836517,0.0237339995801449,0.0107129998505116,0.143009006977081,0.451305001974106,0.0848700031638145,0.14266200363636,0.143038004636765,0.086266003549099,0.0460550002753735,0.0266740005463362,0.0191300008445978,0.499998420476913,0.699999988079071,0.400000005960464,3,3,6836.91748046875,100000,100000,6836.91748046875,6836.91748046875,100000,100000,6836.91748046875,0,0,0,0,0,0,0,0,6836.91748046875,100000,100000,6836.91748046875,6836.91748046875,6836.91748046875,6836.91748046875,6836.91748046875,0.0,6836.91748046875,6836.91748046875,0.0,0.0,0.0,0.0,0.0,6836.91748046875,6836.91748046875,6836.91748046875,6836.91748046875,6836.91748046875,6836.91748046875,6836.91748046875,6836.91748046875,100000,6836.91748046875,6836.91748046875,100000,100000,100000,100000,100000,100000,100000,100000,100000,100000,100000,100000,100000,100000,100000,100000,100000,100000,100000,100000,100000
79,1,9,2091,0.492796003818512,0.507203996181488,0.447537004947662,0,0,0.194661006331444,0.180344998836517,0.0237339995801449,0.0107129998505116,0.143009006977081,0.451305001974106,0.0848700031638145,0.14266200363636,0.143038004636765,0.086266003549099,0.0460550002753735,0.0266740005463362,0.0191300008445978,0.499998420476913,0.699999988079071,0.400000005960464,3,3,6836.91748046875,100000,100000,6836.91748046875,6836.91748046875,100000,100000,6836.91748046875,0,0,0,0,0,0,0,0,6836.91748046875,100000,100000,6836.91748046875,6836.91748046875,6836.91748046875,6836.91748046875,6836.91748046875,0.0,6836.91748046875,6836.91748046875,0.0,0.0,0.0,0.0,0.0,6836.91748046875,6836.91748046875,6836.91748046875,6836.91748046875,6836.91748046875,6836.91748046875,6836.91748046875,6836.91748046875,100000,6836.91748046875,6836.91748046875,100000,100000,100000,100000,100000,100000,100000,100000,100000,100000,100000,100000,100000,100000,100000,100000,100000,100000,100000,100000,100000
80,1,9,2092,0.492796003818512,0.507203996181488,0.447537004947662,0,0,0.194661006331444,0.180344998836517,0.0237339995801449,0.0107129998505116,0.143009006977081,0.451305001974106,0.0848700031638145,0.14266200363636,0.143038004636765,0.086266003549099,0.0460550002753735,0.0266740005463362,0.0191300008445978,0.499998420476913,0.699999988079071,0.400000005960464,3,3,6836.91748046875,100000,100000,6836.91748046875,6836.91748046875,100000,100000,6836.91748046875,0,0,0,0,0,0,0,0,6836.91748046875,100000,100000,6836.91748046875,6836.91748046875,6836.91748046875,6836.91748046875,6836.91748046875,0.0,6836.91748046875,6836.91748046875,0.0,0.0,0.0,0.0,0.0,6836.91748046875,6836.91748046875,6836.91748046875,6836.91748046875,6836.91748046875,6836.91748046875,6836.91748046875,6836.91748046875,100000,6836.91748046875,6836.91748046875,100000,100000,100000,100000,100000,100000,100000,100000,100000,100000,100000,100000,100000,100000,100000,100000,100000,100000,100000,100000,100000
81,1,9,2093,0.492796003818512,0.507203996181488,0.447537004947662,0,0,0.194661006331444,0.180344998836517,0.0237339995801449,0.0107129998505116,0.143009006977081,0.451305001974106,0.0848700031638145,0.14266200363636,0.143038004636765,0.086266003549099,0.0460550002753735,0.0266740005463362,0.0191300008445978,0.499998420476913,0.699999988079071,0.400000005960464,3,3,6836.91748046875,100000,100000,6836.91748046875,6836.91748046875,100000,100000,6836.91748046875,0,0,0,0,0,0,0,0,6836.91748046875,100000,100000,6836.91748046875,6836.91748046875,6836.91748046875,6836.91748046875,6836.91748046875,0.0,6836.91748046875,6836.91748046875,0.0,0.0,0.0,0.0,0.0,6836.91748046875,6836.91748046875,6836.91748046875,6836.91748046875,6836.91748046875,6836.91748046875,6836.91748046875,6836.91748046875,100000,6836.91748046875,6836.91748046875,100000,100000,100000,100000,100000,100000,100000,100000,100000,100000,100000,100000,100000,100000,100000,100000,100000,100000,100000,100000,100000
82,1,9,2094,0.492796003818512,0.507203996181488,0.447537004947662,0,0,0.194661006331444,0.180344998836517,0.0237339995801449,0.0107129998505116,0.143009006977081,0.451305001974106,0.0848700031638145,0.14266200363636,0.143038004636765,0.086266003549099,0.0460550002753735,0.0266740005463362,0.0191300008445978,0.499998420476913,0.699999988079071,0.400000005960464,3,3,6836.91748046875,100000,100000,6836.91748046875,6836.91748046875,100000,100000,6836.91748046875,0,0,0,0,0,0,0,0,6836.91748046875,100000,100000,6836.91748046875,6836.91748046875,6836.91748046875,6836.91748046875,6836.91748046875,0.0,6836.91748046875,6836.91748046875,0.0,0.0,0.0,0.0,0.0,6836.91748046875,6836.91748046875,6836.91748046875,6836.91748046875,6836.91748046875,6836.91748046875,6836.91748046875,6836.91748046875,100000,6836.91748046875,6836.91748046875,100000,100000,100000,100000,100000,100000,100000,100000,100000,100000,100000,100000,100000,100000,100000,100000,100000,100000,100000,100000,100000
83,1,9,2095,0.492796003818512,0.507203996181488,0.447537004947662,0,0,0.194661006331444,0.180344998836517,0.0237339995801449,0.0107129998505116,0.143009006977081,0.451305001974106,0.0848700031638145,0.14266200363636,0.143038004636765,0.086266003549099,0.0460550002753735,0.0266740005463362,0.0191300008445978,0.499998420476913,0.699999988079071,0.400000005960464,3,3,6836.91748046875,100000,100000,6836.91748046875,6836.91748046875,100000,100000,6836.91748046875,0,0,0,0,0,0,0,0,6836.91748046875,100000,100000,6836.91748046875,6836.91748046875,6836.91748046875,6836.91748046875,6836.91748046875,0.0,6836.91748046875,6836.91748046875,0.0,0.0,0.0,0.0,0.0,6836.91748046875,6836.91748046875,6836.91748046875,6836.91748046875,6836.91748046875,6836.91748046875,6836.91748046875,6836.91748046875,100000,6836.91748046875,6836.91748046875,100000,100000,100000,100000,100000,100000,100000,100000,100000,100000,100000,100000,100000,100000,100000,100000,100000,100000,100000,100000,100000
84,1,9,2096,0.492796003818512,0.507203996181488,0.447537004947662,0,0,0.194661006331444,0.180344998836517,0.0237339995801449,0.0107129998505116,0.143009006977081,0.451305001974106,0.0848700031638145,0.14266200363636,0.143038004636765,0.086266003549099,0.0460550002753735,0.0266740005463362,0.0191300008445978,0.499998420476913,0.699999988079071,0.400000005960464,3,3,6836.91748046875,100000,100000,6836.91748046875,6836.91748046875,100000,100000,6836.91748046875,0,0,0,0,0,0,0,0,6836.91748046875,100000,100000,6836.91748046875,6836.91748046875,6836.91748046875,6836.91748046875,6836.91748046875,0.0,6836.91748046875,6836.91748046875,0.0,0.0,0.0,0.0,0.0,6836.91748046875,6836.91748046875,6836.91748046875,6836.91748046875,6836.91748046875,6836.91748046875,6836.91748046875,6836.91748046875,100000,6836.91748046875,6836.91748046875,100000,100000,100000,100000,100000,100000,100000,100000,100000,100000,100000,100000,100000,100000,100000,100000,100000,100000,100000,100000,100000
85,1,9,2097,0.492796003818512,0.507203996181488,0.447537004947662,0,0,0.194661006331444,0.180344998836517,0.0237339995801449,0.0107129998505116,0.143009006977081,0.451305001974106,0.0848700031638145,0.14266200363636,0.143038004636765,0.086266003549099,0.0460550002753735,0.0266740005463362,0.0191300008445978,0.499998420476913,0.699999988079071,0.400000005960464,3,3,6836.91748046875,100000,100000,6836.91748046875,6836.91748046875,100000,100000,6836.91748046875,0,0,0,0,0,0,0,0,6836.91748046875,100000,100000,6836.91748046875,6836.91748046875,6836.91748046875,6836.91748046875,6836.91748046875,0.0,6836.91748046875,6836.91748046875,0.0,0.0,0.0,0.0,0.0,6836.91748046875,6836.91748046875,6836.91748046875,6836.91748046875,6836.91748046875,6836.91748046875,6836.91748046875,6836.91748046875,100000,6836.91748046875,6836.91748046875,100000,100000,100000,100000,100000,100000,100000,100000,100000,100000,100000,100000,100000,100000,100000,100000,100000,100000,100000,100000,100000
86,1,9,2098,0.492796003818512,0.507203996181488,0.447537004947662,0,0,0.194661006331444,0.180344998836517,0.0237339995801449,0.0107129998505116,0.143009006977081,0.451305001974106,0.0848700031638145,0.14266200363636,0.143038004636765,0.086266003549099,0.0460550002753735,0.0266740005463362,0.0191300008445978,0.499998420476913,0.699999988079071,0.400000005960464,3,3,6836.91748046875,100000,100000,6836.91748046875,6836.91748046875,100000,100000,6836.91748046875,0,0,0,0,0,0,0,0,6836.91748046875,100000,100000,6836.91748046875,6836.91748046875,6836.91748046875,6836.91748046875,6836.91748046875,0.0,6836.91748046875,6836.91748046875,0.0,0.0,0.0,0.0,0.0,6836.91748046875,6836.91748046875,6836.91748046875,6836.91748046875,6836.91748046875,6836.91748046875,6836.91748046875,6836.91748046875,100000,6836.91748046875,6836.91748046875,100000,100000,100000,100000,100000,100000,100000,100000,100000,100000,100000,100000,100000,100000,100000,100000,100000,100000,100000,100000,100000
87,1,9,2099,0.492796003818512,0.507203996181488,0.447537004947662,0,0,0.194661006331444,0.180344998836517,0.0237339995801449,0.0107129998505116,0.143009006977081,0.451305001974106,0.0848700031638145,0.14266200363636,0.143038004636765,0.086266003549099,0.0460550002753735,0.0266740005463362,0.0191300008445978,0.499998420476913,0.699999988079071,0.400000005960464,3,3,6836.91748046875,100000,100000,6836.91748046875,6836.91748046875,100000,100000,6836.91748046875,0,0,0,0,0,0,0,0,6836.91748046875,100000,100000,6836.91748046875,6836.91748046875,6836.91748046875,6836.91748046875,6836.91748046875,0.0,6836.91748046875,6836.91748046875,0.0,0.0,0.0,0.0,0.0,6836.91748046875,6836.91748046875,6836.91748046875,6836.91748046875,6836.91748046875,6836.91748046875,6836.91748046875,6836.91748046875,100000,6836.91748046875,6836.91748046875,100000,100000,100000,100000,100000,100000,100000,100000,100000,100000,100000,100000,100000,100000,100000,100000,100000,100000,100000,100000,100000
88,1,9,2100,0.492796003818512,0.507203996181488,0.447537004947662,0,0,0.194661006331444,0.180344998836517,0.0237339995801449,0.0107129998505116,0.143009006977081,0.451305001974106,0.0848700031638145,0.14266200363636,0.143038004636765,0.086266003549099,0.0460550002753735,0.0266740005463362,0.0191300008445978,0.499998420476913,0.699999988079071,0.400000005960464,3,3,6836.91748046875,100000,100000,6836.91748046875,6836.91748046875,100000,100000,6836.91748046875,0,0,0,0,0,0,0,0,6836.91748046875,100000,100000,6836.91748046875,6836.91748046875,6836.91748046875,6836.91748046875,6836.91748046875,0.0,6836.91748046875,6836.91748046875,0.0,0.0,0.0,0.0,0.0,6836.91748046875,6836.91748046875,6836.91748046875,6836.91748046875,6836.91748046875,6836.91748046875,6836.91748046875,6836.91748046875,100000,6836.91748046875,6836.91748046875,100000,100000,100000,100000,100000,100000,100000,100000,100000,100000,100000,100000,100000,100000,100000,100000,100000,100000,100000,100000,100000
