TechID,ModeID,VehTypeID,MassCatID,FuelID,EngineID,TransTypeID,Availability,Final_Year,HybridFlag,spec_energ_consump,spec_energ_electric,noise_class,PurchasePrice,ExpectedLifeFactor,Capacity,AveEconLife
10,1,2,4,1,10,1,1980,2000,0,6.571951389,,0,5000,1,2,10
20,1,2,4,12,10,1,1995,2010,0,9.514442444,,2,7000,1,2,10
25,1,2,4,12,11,1,2010,2020,0,8.380919456,,2,6000,1,2,10
26,1,2,4,12,12,1,2020,,0,7.183645725,,2,5500,1,2,10
30,1,2,4,1,11,1,2000,2010,0,5.645645142,,0,5000,1,2,10
40,1,2,4,1,12,1,2010,,0,4.563410759,,0,5000,1,2,10
50,1,2,4,13,13,1,2015,2030,0,23.98523903,,2,7000,1,2,10
60,1,2,4,13,13,1,2030,,0,19.22710991,,2,6000,1,2,10
70,1,3,1,1,1,1,1980,1991,0,8.362769127,,0,10000,1,5,12
80,1,3,1,1,14,1,2009,2014,0,7.309161186,,1,10000,1,5,12
81,1,3,1,1,15,1,2015,2019,0,6.709962368,,1,10000,1,5,12
82,1,3,1,1,16,1,2020,2024,0,6.227565289,,1,10000,1,5,12
83,1,3,1,1,17,1,2025,2029,0,5.774301052,,1,10000,1,5,12
84,1,3,1,1,18,1,2030,2034,0,5.354026318,,1,10000,1,5,12
85,1,3,1,1,19,1,2035,2039,0,4.964342117,,1,10000,1,5,12
86,1,3,1,1,20,1,2040,2044,0,4.603020191,,1,10000,1,5,12
87,1,3,1,1,21,1,2045,,0,4.267996311,,1,10000,1,5,12
90,1,3,1,1,3,1,1992,1995,0,7.650981903,,0,10000,1,5,12
91,1,3,1,1,14,1,2009,2014,2,3.476704597,11.10236645,1,20000,1,5,12
92,1,3,1,1,15,1,2015,2019,2,3.237383842,10.139884,1,17500,1,5,12
93,1,3,1,1,16,1,2020,2024,2,3.004845619,9.401866913,1,15000,1,5,12
94,1,3,1,1,17,1,2025,2029,2,2.786142588,8.71756649,1,12500,1,5,12
95,1,3,1,1,18,1,2030,2034,2,2.583357334,8.083071709,1,12000,1,5,12
96,1,3,1,1,19,1,2035,2039,2,2.395331383,7.494757652,1,12000,1,5,12
97,1,3,1,1,20,1,2040,2044,2,2.220991373,6.949262142,1,12000,1,5,12
98,1,3,1,1,21,1,2045,,2,2.089089155,6.443470955,1,12000,1,5,12
100,1,3,1,1,4,1,1996,1999,0,8.115560532,,1,10000,1,5,12
110,1,3,1,1,5,1,2000,2004,0,8.145514488,,1,10000,1,5,12
120,1,3,1,1,6,1,2005,2008,0,7.751690865,,1,10000,1,5,12
130,1,3,2,1,1,1,1980,1991,0,9.42133522,,0,15000,1,5,12
140,1,3,2,1,14,1,2009,2014,0,8.351344109,,1,15000,1,5,12
150,1,3,2,1,3,1,1992,1995,0,8.870803833,,0,15000,1,5,12
160,1,3,2,1,4,1,1996,1999,0,9.452494621,,0,15000,1,5,12
161,1,3,2,1,14,1,2009,2014,2,4.012350082,22.4348774,1,25000,1,5,12
162,1,3,2,1,15,1,2015,2019,2,3.740238905,20.48995781,1,22500,1,5,12
163,1,3,2,1,16,1,2020,2024,2,3.47145772,18.99862671,1,20000,1,5,12
164,1,3,2,1,17,1,2025,2029,2,3.218792677,17.61584091,1,18000,1,5,12
165,1,3,2,1,18,1,2030,2034,2,2.984517813,16.33369827,1,18000,1,5,12
166,1,3,2,1,19,1,2035,2039,2,2.767294168,15.14487457,1,18000,1,5,12
167,1,3,2,1,20,1,2040,2044,2,2.565880299,14.04257679,1,18000,1,5,12
168,1,3,2,1,21,1,2045,,2,2.413496017,13.02050877,1,18000,1,5,12
170,1,3,2,1,5,1,2000,2004,0,9.487383842,,1,15000,1,5,12
171,1,3,2,1,15,1,2015,2019,0,7.666708469,,1,15000,1,5,12
172,1,3,2,1,16,1,2020,2024,0,7.115527153,,1,15000,1,5,12
173,1,3,2,1,17,1,2025,2029,0,6.597634792,,1,15000,1,5,12
174,1,3,2,1,18,1,2030,2034,0,6.117434978,,1,15000,1,5,12
175,1,3,2,1,19,1,2035,2039,0,5.672186375,,1,15000,1,5,12
176,1,3,2,1,20,1,2040,2044,0,5.259345055,,1,15000,1,5,12
177,1,3,2,1,21,1,2045,,0,4.876552105,,1,15000,1,5,12
181,1,3,2,1,6,1,2005,2008,0,8.856971741,,1,15000,1,5,12
190,1,3,3,1,1,1,1980,1991,0,10.49903107,,0,22000,1,5,12
191,1,3,3,1,14,1,2009,2014,2,4.994109154,30,1,32500,1,5,12
192,1,3,3,1,15,1,2015,2019,2,4.655416489,28,1,30000,1,5,12
193,1,3,3,1,16,1,2020,2024,2,4.320868969,26,1,27500,1,5,12
194,1,3,3,1,17,1,2025,2029,2,4.006381035,24,1,25000,1,5,12
195,1,3,3,1,18,1,2030,2034,2,3.714782715,22,1,24000,1,5,12
196,1,3,3,1,19,1,2035,2039,2,3.44440794,20,1,24000,1,5,12
197,1,3,3,1,20,1,2040,2044,2,3.193711996,18,1,24000,1,5,12
198,1,3,3,1,21,1,2045,,2,3.004041433,16,1,24000,1,5,12
200,1,3,3,1,14,1,2009,2014,0,10.3073082,,1,22000,1,5,12
201,1,3,3,1,16,1,2020,2024,0,8.78205204,,1,22000,1,5,12
202,1,3,3,1,17,1,2025,2029,0,8.142864227,,1,22000,1,5,12
203,1,3,3,1,18,1,2030,2034,0,7.550198078,,1,22000,1,5,12
204,1,3,3,1,19,1,2035,2039,0,7.000667572,,1,22000,1,5,12
205,1,3,3,1,20,1,2040,2044,0,6.491134644,,1,22000,1,5,12
206,1,3,3,1,21,1,2045,,0,6.018687248,,1,22000,1,5,12
210,1,3,3,1,3,1,1992,1995,0,10.98211479,,0,22000,1,5,12
220,1,3,3,1,4,1,1996,1999,0,11.66635895,,0,22000,1,5,12
230,1,3,3,1,5,1,2000,2004,0,11.70941925,,1,22000,1,5,12
240,1,3,3,1,6,1,2005,2008,0,10.93135834,,1,22000,1,5,12
245,1,3,3,1,15,1,2015,2019,0,9.462327003,,1,22000,1,5,12
250,1,3,2,2,1,1,1980,1991,0,5.594795227,,0,18000,1,5,12
251,1,3,2,2,15,1,2015,2019,0,5.012933731,,1,16200,1,5,12
252,1,3,2,2,16,1,2020,2024,0,4.652540207,,1,15750,1,5,12
253,1,3,2,2,17,1,2025,2029,0,4.313912392,,1,15750,1,5,12
254,1,3,2,2,18,1,2030,2034,0,3.999930382,,1,15750,1,5,12
255,1,3,2,2,19,1,2035,2039,0,3.70880127,,1,15750,1,5,12
256,1,3,2,2,20,1,2040,2044,0,3.438861609,,1,15750,1,5,12
257,1,3,2,2,21,1,2045,,0,3.188569069,,1,15750,1,5,12
260,1,3,2,2,14,1,2009,2014,0,5.460587502,,1,16500,1,5,12
261,1,3,2,8,7,1,1995,2009,0,6.290275097,,1,22000,1,5,12
265,1,3,1,2,14,1,2009,2014,0,4.914528847,,1,11000,1,5,12
266,1,3,1,2,15,1,2015,2019,0,4.511641026,,1,10800,1,5,12
267,1,3,1,2,16,1,2020,2024,0,4.187286854,,1,10500,1,5,12
268,1,3,1,2,17,1,2025,2029,0,3.882520676,,1,10500,1,5,12
269,1,3,1,2,18,1,2030,2034,0,3.599937201,,1,10500,1,5,12
270,1,3,2,2,3,1,1992,1995,0,5.832781315,,0,18000,1,5,12
271,1,3,1,2,19,1,2035,2039,0,3.337921858,,1,10500,1,5,12
272,1,3,1,2,20,1,2040,2044,0,3.094975948,,1,10500,1,5,12
273,1,3,1,2,21,1,2045,,0,2.869712353,,1,10500,1,5,12
275,1,3,1,12,6,1,2005,2008,0,11.79425907,,2,25000,1,5,12
276,1,3,1,12,14,1,2009,2014,0,11.10236645,,2,23000,1,5,12
277,1,3,1,13,13,1,2020,2029,0,26.08235931,,2,40000,1,5,12
278,1,3,1,13,13,1,2030,,0,20.24850082,,2,30000,1,5,12
280,1,3,2,2,4,1,1996,1999,0,5.867432117,,0,18000,1,5,12
290,1,3,2,2,5,1,2000,2004,0,6.20339489,,0,18000,1,5,12
291,1,3,2,8,8,1,2010,2024,0,5.022987843,,1,20000,1,5,12
292,1,3,2,8,9,1,2025,,0,3.725772142,,1,18000,1,5,12
295,1,3,1,2,5,1,2000,2004,0,5.583055496,,1,12000,1,5,12
300,1,3,2,2,6,1,2005,2008,0,5.791196346,,1,16950,1,5,12
302,1,3,2,1,6,1,2005,2008,1,5.361394405,,2,25000,1,5,12
305,1,3,1,2,6,1,2005,2008,0,5.212077141,,1,11300,1,5,12
310,1,3,3,2,1,1,1980,1991,0,7.107723236,,0,25000,1,5,12
320,1,3,2,1,14,1,2009,2014,1,5.057203293,,2,22000,1,5,12
321,1,3,2,1,15,1,2015,2019,1,4.642618179,,2,20000,1,5,12
322,1,3,2,1,16,1,2020,2024,1,4.308847904,,2,18000,1,5,12
323,1,3,2,1,17,1,2025,2029,1,3.995234728,,2,18000,1,5,12
324,1,3,2,1,18,1,2030,2034,1,3.704447508,,2,18000,1,5,12
325,1,3,2,1,19,1,2035,2039,1,3.434824944,,2,18000,1,5,12
326,1,3,2,1,20,1,2040,2044,1,3.184826374,,2,18000,1,5,12
327,1,3,2,1,21,1,2045,,1,2.953023195,,2,18000,1,5,12
330,1,3,3,2,3,1,1992,1995,0,7.406951904,,0,25000,1,5,12
340,1,3,3,2,4,1,1996,1999,0,7.32693243,,0,25000,1,5,12
350,1,3,3,2,5,1,2000,2004,0,7.968914986,,0,25000,1,5,12
351,1,3,3,8,7,1,1995,2009,0,9.258893013,,1,32000,1,5,12
360,1,3,3,2,6,1,2005,2008,0,7.43940258,,1,24860,1,5,12
361,1,3,3,8,8,1,2010,2024,0,7.469058514,,1,28000,1,5,12
362,1,3,3,1,6,1,2005,2008,1,6.611384392,,2,35000,1,5,12
363,1,3,3,2,14,1,2009,2014,0,7.01470089,,1,24200,1,5,12
364,1,3,1,12,15,1,2015,2019,0,10.139884,,2,20000,1,5,12
365,1,3,3,13,13,1,2015,2029,0,43.47058868,,2,44000,1,5,12
366,1,3,3,2,15,1,2015,2019,0,6.439642429,,1,23760,1,5,12
367,1,3,3,2,16,1,2020,2024,0,5.976677895,,1,23100,1,5,12
368,1,3,3,2,17,1,2025,2029,0,5.541675091,,1,23100,1,5,12
369,1,3,3,2,18,1,2030,2034,0,5.138332367,,1,23100,1,5,12
370,1,3,3,2,19,1,2035,2039,0,4.7643466,,1,23100,1,5,12
371,1,3,3,2,20,1,2040,2044,0,4.417581081,,1,23100,1,5,12
372,1,3,3,2,21,1,2045,,0,4.0960536,,1,23100,1,5,12
373,1,3,3,8,9,1,2025,,0,5.541854382,,1,26000,1,5,12
375,1,3,1,12,16,1,2020,2024,0,9.401866913,,2,16000,1,5,12
376,1,3,3,13,13,1,2030,,0,29.73477936,,2,33000,1,5,12
377,1,3,1,12,17,1,2025,2029,0,8.71756649,,2,14000,1,5,12
378,1,3,2,13,13,1,2030,,0,33.747509,,2,40000,1,5,12
380,1,3,1,12,18,1,2030,2034,0,8.083071709,,2,12000,1,5,12
381,1,3,1,12,19,1,2035,2039,0,7.494757652,,2,12000,1,5,12
385,1,3,3,7,6,1,2005,2008,0,14.51622295,,1,26000,1,5,12
386,1,3,3,7,14,1,2009,2014,0,14.63336563,,1,26000,1,5,12
387,1,3,3,7,15,1,2015,2019,0,12.44384766,,1,25000,1,5,12
388,1,3,3,7,16,1,2020,2024,0,11.53814507,,1,25000,1,5,12
389,1,3,3,7,17,1,2025,2029,0,10.69835949,,1,25000,1,5,12
390,1,3,3,7,18,1,2030,2034,0,9.919692993,,1,25000,1,5,12
391,1,3,3,7,19,1,2035,2039,0,9.197705269,,1,25000,1,5,12
392,1,3,3,7,20,1,2040,2044,0,8.528261185,,1,25000,1,5,12
393,1,3,3,7,21,1,2045,,0,7.90754652,,1,25000,1,5,12
400,1,3,3,1,14,1,2009,2014,1,6.240233421,,2,32500,1,5,12
401,1,3,3,1,15,1,2015,2019,1,5.729963779,,2,30000,1,5,12
402,1,3,3,1,16,1,2020,2024,1,5.318020821,,2,27500,1,5,12
403,1,3,3,1,17,1,2025,2029,1,4.930957317,,2,25000,1,5,12
404,1,3,3,1,18,1,2030,2034,1,4.572064877,,2,24000,1,5,12
405,1,3,3,1,19,1,2035,2039,1,4.239294052,,2,24000,1,5,12
406,1,3,3,1,20,1,2040,2044,1,3.930743217,,2,24000,1,5,12
407,1,3,3,1,21,1,2045,,1,3.644650459,,2,24000,1,5,12
410,1,3,2,7,6,1,2005,2008,0,12.58551407,,1,19000,1,5,12
411,1,3,2,7,14,1,2009,2014,0,11.86049461,,1,19000,1,5,12
412,1,3,2,7,15,1,2015,2019,0,10.08244514,,1,19000,1,5,12
413,1,3,2,7,16,1,2020,2024,0,9.348610878,,1,19000,1,5,12
414,1,3,2,7,17,1,2025,2029,0,8.66818428,,1,19000,1,5,12
415,1,3,2,7,18,1,2030,2034,0,8.037284851,,1,19000,1,5,12
416,1,3,2,7,19,1,2035,2039,0,7.45230341,,1,19000,1,5,12
417,1,3,2,7,20,1,2040,2044,0,6.909898281,,1,19000,1,5,12
418,1,3,2,7,21,1,2045,,0,6.406971455,,1,19000,1,5,12
420,1,3,3,14,14,1,2009,2014,0,42.48875809,,1,60000,1,5,12
421,1,3,3,14,15,1,2015,2019,0,38.80500793,,1,60000,1,5,12
422,1,3,3,14,16,1,2020,2024,0,35.98064423,,1,50000,1,5,12
423,1,3,3,14,17,1,2025,2029,0,33.36184692,,1,40000,1,5,12
424,1,3,3,14,18,1,2030,2039,0,30.93365669,,1,40000,1,5,12
425,1,3,3,14,20,1,2040,,0,26.59460449,,1,40000,1,5,12
430,1,3,2,5,4,1,1995,1999,0,10.56572342,,2,22000,1,5,12
431,1,3,2,5,5,1,2000,2004,0,10.73945141,,2,20000,1,5,12
432,1,3,2,5,6,1,2005,2008,0,9.366443634,,2,19000,1,5,12
433,1,3,2,5,14,1,2009,2014,0,8.792318344,,2,19000,1,5,12
434,1,3,2,5,15,1,2015,2019,0,8.030098915,,2,19000,1,5,12
435,1,3,2,5,16,1,2020,2024,0,7.44563961,,2,19000,1,5,12
436,1,3,2,5,17,1,2025,2029,0,6.903720379,,2,19000,1,5,12
437,1,3,2,5,18,1,2030,2034,0,6.40124321,,2,19000,1,5,12
438,1,3,2,5,19,1,2035,2039,0,5.935338974,,2,19000,1,5,12
439,1,3,2,5,20,1,2040,2044,0,5.503344536,,2,19000,1,5,12
440,1,3,2,5,21,1,2045,,0,5.102791309,,2,19000,1,5,12
441,1,3,3,5,4,1,1995,1999,0,11.03108501,,2,26000,1,5,12
442,1,3,3,5,5,1,2000,2004,0,11.73356056,,2,26000,1,5,12
443,1,3,3,5,6,1,2005,2008,0,10.234519,,2,26000,1,5,12
444,1,3,3,5,14,1,2009,2014,0,9.60627079,,2,26000,1,5,12
445,1,3,3,5,15,1,2015,2019,0,8.773411751,,2,26000,1,5,12
446,1,3,3,5,16,1,2020,2024,0,8.134854317,,2,26000,1,5,12
447,1,3,3,5,17,1,2025,2029,0,7.542769909,,2,26000,1,5,12
448,1,3,3,5,18,1,2030,2034,0,6.993782043,,2,26000,1,5,12
449,1,3,3,5,19,1,2035,2039,0,6.484749794,,2,26000,1,5,12
450,1,3,3,5,20,1,2040,2044,0,6.012766838,,2,26000,1,5,12
451,1,3,3,5,21,1,2045,,0,5.575137138,,2,26000,1,5,12
460,1,3,2,2,6,1,2005,2008,1,3.504153013,,2,28250,1,5,12
461,1,3,2,2,14,1,2009,2014,1,3.305939674,,2,24200,1,5,12
462,1,3,2,2,15,1,2015,2019,1,3.035610199,,2,21600,1,5,12
463,1,3,2,2,16,1,2020,2024,1,2.817371845,,2,21000,1,5,12
464,1,3,2,2,17,1,2025,2029,1,2.612313747,,2,21000,1,5,12
465,1,3,2,2,18,1,2030,2034,1,2.422180414,,2,21000,1,5,12
466,1,3,2,2,19,1,2035,2039,1,2.245885372,,2,21000,1,5,12
467,1,3,2,2,20,1,2040,2044,1,2.082422256,,2,21000,1,5,12
468,1,3,2,2,21,1,2045,,1,1.930856347,,2,21000,1,5,12
470,1,3,3,2,6,1,2005,2008,1,4.497154236,,2,39550,1,5,12
471,1,3,3,2,14,1,2009,2014,1,4.246828079,,2,35750,1,5,12
472,1,3,3,2,15,1,2015,2019,1,3.899432659,,2,32400,1,5,12
473,1,3,3,2,16,1,2020,2024,1,3.619211197,,2,30000,1,5,12
474,1,3,3,2,17,1,2025,2029,1,3.355792284,,2,30000,1,5,12
475,1,3,3,2,18,1,2030,2034,1,3.11154604,,2,30000,1,5,12
476,1,3,3,2,19,1,2035,2039,1,2.885077,,2,30000,1,5,12
477,1,3,3,2,20,1,2040,2044,1,2.675090551,,2,30000,1,5,12
478,1,3,3,2,21,1,2045,,1,2.480388403,,2,30000,1,5,12
480,1,3,2,12,5,1,2000,2004,0,23.81015778,,2,40000,1,5,12
510,1,3,2,12,6,1,2005,2008,0,23.83300209,,2,35000,1,5,12
515,1,3,2,12,14,1,2009,2014,0,22.4348774,,2,30000,1,5,12
520,1,3,1,10,6,1,2005,2008,0,29.03734589,,1,15000,1,5,12
521,1,3,1,10,14,1,2009,2014,0,27.26011086,,1,14000,1,5,12
522,1,3,1,10,15,1,2015,2019,0,24.8968811,,1,13500,1,5,12
523,1,3,1,10,16,1,2020,2024,0,23.08480263,,1,13000,1,5,12
524,1,3,1,10,17,1,2025,2029,0,21.40460968,,1,13000,1,5,12
525,1,3,1,10,18,1,2030,2034,0,19.84670639,,1,13000,1,5,12
526,1,3,1,10,19,1,2035,2039,0,18.40219498,,1,13000,1,5,12
527,1,3,1,10,20,1,2040,2044,0,17.06281853,,1,13000,1,5,12
528,1,3,1,10,21,1,2045,,0,15.82092476,,1,13000,1,5,12
530,1,3,2,10,6,1,2005,2008,0,33.17765808,,1,24000,1,5,12
531,1,3,2,10,14,1,2009,2014,0,31.14701462,,1,22000,1,5,12
532,1,3,2,10,15,1,2015,2019,0,28.44682503,,1,20000,1,5,12
533,1,3,2,10,16,1,2020,2024,0,26.37636566,,1,20000,1,5,12
534,1,3,2,10,17,1,2025,2029,0,24.45659828,,1,20000,1,5,12
535,1,3,2,10,18,1,2030,2034,0,22.67656326,,1,20000,1,5,12
536,1,3,2,10,19,1,2035,2039,0,21.02608681,,1,20000,1,5,12
537,1,3,2,10,20,1,2040,2044,0,19.49573517,,1,20000,1,5,12
538,1,3,2,10,21,1,2045,,0,18.07676506,,1,20000,1,5,12
540,1,3,3,10,6,1,2005,2008,0,40.95213699,,1,32000,1,5,12
541,1,3,3,10,14,1,2009,2014,0,38.44227219,,1,30000,1,5,12
542,1,3,3,10,15,1,2015,2019,0,35.1093483,,1,28000,1,5,12
543,1,3,3,10,16,1,2020,2024,0,32.55396652,,1,27000,1,5,12
544,1,3,3,10,17,1,2025,2029,0,30.18457222,,1,27000,1,5,12
545,1,3,3,10,18,1,2030,2034,0,27.98763466,,1,27000,1,5,12
546,1,3,3,10,19,1,2035,2039,0,25.95059586,,1,27000,1,5,12
547,1,3,3,10,20,1,2040,2044,0,24.0618248,,1,27000,1,5,12
548,1,3,3,10,21,1,2045,,0,22.31051826,,1,27000,1,5,12
550,1,3,1,5,6,1,2005,2008,0,9.547109604,,1,13000,1,5,12
551,1,3,1,5,14,1,2009,2014,0,8.962778091,,1,13000,1,5,12
552,1,3,1,5,15,1,2015,2019,0,8.185777664,,1,12500,1,5,12
553,1,3,1,5,16,1,2020,2024,0,7.589988708,,1,12500,1,5,12
554,1,3,1,5,17,1,2025,2029,0,7.037561417,,1,12500,1,5,12
555,1,3,1,5,18,1,2030,2034,0,6.525343418,,1,12500,1,5,12
556,1,3,1,5,19,1,2035,2039,0,6.050406456,,1,12500,1,5,12
557,1,3,1,5,20,1,2040,2044,0,5.610036373,,1,12500,1,5,12
558,1,3,1,5,21,1,2045,,0,5.201718807,,1,12500,1,5,12
580,1,3,1,12,20,1,2040,2044,0,6.949262142,,2,12000,1,5,12
590,1,3,1,12,3,1,1992,1995,0,12.67841721,,2,35000,1,5,12
600,1,3,1,12,4,1,1996,1999,0,12.68803024,,2,30000,1,5,12
610,1,3,1,12,5,1,2000,2004,0,12.71014786,,2,27500,1,5,12
611,1,3,2,2,14,1,2009,2014,2,3.463614702,22.4348793,1,27500,1,5,12
612,1,3,2,2,15,1,2015,2019,2,3.229392052,20.48995972,1,24300,1,5,12
613,1,3,2,2,16,1,2020,2024,2,2.997427464,18.99863052,1,21000,1,5,12
614,1,3,2,2,17,1,2025,2029,2,2.77926445,17.61584091,1,18900,1,5,12
615,1,3,2,2,18,1,2030,2034,2,2.576979876,16.33370018,1,18900,1,5,12
616,1,3,2,2,19,1,2035,2039,2,2.389418125,15.1448698,1,18900,1,5,12
617,1,3,2,2,20,1,2040,2044,2,2.215507984,14.04257965,1,18900,1,5,12
618,1,3,2,2,21,1,2045,,2,2.083931684,13.02050972,1,18900,1,5,12
620,1,3,1,1,14,1,2009,2014,1,4.34094286,,1,16500,1,5,12
621,1,3,1,1,15,1,2015,2019,1,3.985979319,,1,13500,1,5,12
622,1,3,1,1,16,1,2020,2024,1,3.699416637,,1,12000,1,5,12
623,1,3,1,1,17,1,2025,2029,1,3.430160046,,1,12000,1,5,12
624,1,3,1,1,18,1,2030,2034,1,3.180500746,,1,12000,1,5,12
625,1,3,1,1,19,1,2035,2039,1,2.949013233,,1,12000,1,5,12
626,1,3,1,1,20,1,2040,2044,1,2.734373569,,1,12000,1,5,12
627,1,3,1,1,21,1,2045,,1,2.535356998,,1,12000,1,5,12
630,1,4,11,2,1,1,1980,1993,0,34.61788559,,0,62752,1,10,15
631,1,3,3,2,14,1,2009,2014,2,3.464461565,26.92185593,1,35750,1,5,12
632,1,3,3,2,15,1,2015,2019,2,3.229506731,24.58795166,1,32400,1,5,12
633,1,3,3,2,16,1,2020,2024,2,2.997427464,22.7983551,1,28875,1,5,12
634,1,3,3,2,17,1,2025,2029,2,2.77926445,21.13900757,1,26250,1,5,12
635,1,3,3,2,18,1,2030,2034,2,2.576979876,19.60043907,1,25200,1,5,12
636,1,3,3,2,19,1,2035,2039,2,2.389418125,18.17384338,1,25200,1,5,12
637,1,3,3,2,20,1,2040,2044,2,2.215507984,16.8510952,1,25200,1,5,12
638,1,3,3,2,21,1,2045,,2,2.083931684,15.62461185,1,25200,1,5,12
640,1,4,11,1,7,1,1990,2005,0,17.91051674,,0,62752,1,10,15
641,1,3,3,12,14,1,2009,2014,0,25.7814846,,2,45000,1,5,12
642,1,3,3,12,15,1,2015,2019,0,23.06764412,,2,37500,1,5,12
643,1,3,3,12,16,1,2020,2024,0,21.71072388,,2,28000,1,5,12
644,1,3,3,12,17,1,2025,2029,0,20.35380554,,2,25000,1,5,12
645,1,3,3,12,18,1,2030,2034,0,18.31842422,,2,22000,1,5,12
646,1,3,3,12,19,1,2035,2039,0,16.96150398,,2,22000,1,5,12
647,1,3,3,12,20,1,2040,2044,0,16.28304291,,2,22000,1,5,12
648,1,3,3,12,21,1,2045,,0,14.92612267,,2,22000,1,5,12
650,1,4,11,10,6,1,2005,2009,0,147.3972473,,1,19800,1,10,15
651,1,4,11,10,14,1,2009,2015,0,145.1139374,,1,18975,1,10,15
652,1,4,11,10,15,1,2015,2020,0,140.9246063,,1,18150,1,10,15
653,1,4,11,10,16,1,2020,2025,0,137.4365997,,1,17985,1,10,15
654,1,4,11,10,17,1,2025,2030,0,134.0348969,,1,17820,1,10,15
655,1,4,11,10,18,1,2030,2035,0,130.7173004,,1,17655,1,10,15
656,1,4,11,10,19,1,2035,2040,0,127.4819031,,1,17490,1,10,15
657,1,4,11,10,20,1,2040,2045,0,124.3265991,,1,17325,1,10,15
658,1,4,11,10,21,1,2045,,0,121.2492981,,1,17325,1,10,15
660,1,4,11,5,6,1,2005,2009,0,54.63981628,,1,72164.79688,1,10,15
661,1,4,11,5,14,1,2009,2015,0,47.70052719,,1,69027.20313,1,10,15
662,1,4,11,5,15,1,2015,2020,0,46.32830048,,1,68399.67969,1,10,15
663,1,4,11,5,16,1,2020,2025,0,45.18161011,,1,67772.15625,1,10,15
664,1,4,11,5,17,1,2025,2030,0,44.06332016,,1,67144.64063,1,10,15
665,1,4,11,5,18,1,2030,2035,0,42.97269058,,1,66517.11719,1,10,15
666,1,4,11,5,19,1,2035,2040,0,41.90906143,,1,65889.60156,1,10,15
667,1,4,11,5,20,1,2040,2045,0,40.87176132,,1,65889.60156,1,10,15
668,1,4,11,5,21,1,2045,,0,39.86013031,,1,65889.60156,1,10,15
670,1,4,11,1,8,1,2005,2020,0,16.23444939,,1,62752,1,10,15
675,1,4,11,1,9,1,2020,,0,15.10251045,,1,62752,1,10,15
680,1,4,12,12,6,1,2005,2009,0,102.9711761,,2,225000,1,39,15
690,1,4,11,2,14,1,2009,2015,0,29.22494888,,1,62752,1,10,15
691,1,4,11,8,7,1,1990,2005,0,40.61831665,,0,65890,1,10,15
695,1,4,11,2,15,1,2015,2020,0,28.45262718,,1,62752,1,10,15
696,1,4,11,2,16,1,2020,2025,0,27.75616074,,1,62752,1,10,15
697,1,4,11,2,17,1,2025,2030,0,27.06916046,,1,62752,1,10,15
698,1,4,11,2,18,1,2030,2035,0,26.39916039,,1,62752,1,10,15
699,1,4,11,2,19,1,2035,2040,0,25.74575043,,1,62752,1,10,15
700,1,4,11,2,3,1,1992,1996,0,34.50783539,,0,62752,1,10,15
701,1,4,11,2,20,1,2040,2045,0,25.10850906,,1,62752,1,10,15
702,1,4,11,2,21,1,2045,,0,24.48703957,,1,62752,1,10,15
720,1,4,11,2,4,1,1996,2000,0,34.57201385,,0,62752,1,10,15
730,1,4,12,12,14,1,2009,2015,0,98.91369629,,2,199190.875,1,39,15
731,1,4,12,12,15,1,2015,2020,0,93.12527466,,2,176451.7188,1,39,15
750,1,4,11,12,7,1,2015,2025,0,53.78707886,,2,85000,1,10,15
780,1,4,11,12,8,1,2025,2035,0,48.64406967,,2,69451.1875,1,10,15
781,1,4,11,12,9,1,2035,,0,43.99282074,,2,62810.41016,1,10,15
810,1,4,11,2,5,1,2000,2005,0,31.30002213,,1,62752,1,10,15
811,1,4,11,8,8,1,2005,2015,0,37.75609589,,1,65890,1,10,15
812,1,4,11,8,9,1,2015,,0,36.0430336,,1,65890,1,10,15
850,1,4,11,2,6,1,2005,2009,0,29.7912178,,1,62752,1,10,15
852,1,4,11,2,6,1,2005,2009,1,18.03689575,,1,75300,1,10,15
853,1,4,11,7,6,1,2005,2009,0,26.27928734,,1,67998,1,10,15
854,1,4,11,13,13,1,2010,,0,180.7355042,,0,93750,1,10,15
855,1,3,1,12,21,1,2045,,0,6.443470955,,2,12000,1,5,12
856,1,3,2,13,13,1,2020,2029,0,43.47058868,,2,50000,1,5,12
857,1,4,11,7,14,1,2009,2015,0,25.65444183,,1,67998,1,10,15
858,1,4,11,7,15,1,2015,2020,0,25.10775375,,1,67321,1,10,15
859,1,4,11,7,16,1,2020,2025,0,24.49360085,,1,66650,1,10,15
860,1,4,11,7,17,1,2025,2030,0,23.88735008,,1,65986,1,10,15
861,1,4,11,7,18,1,2030,2035,0,23.29608917,,1,65329,1,10,15
862,1,4,11,7,19,1,2035,2040,0,22.71949005,,1,64678,1,10,15
863,1,4,11,7,20,1,2040,2045,0,22.15715027,,1,64034,1,10,15
864,1,4,11,7,21,1,2045,,0,21.60873032,,1,63396,1,10,15
865,1,4,11,2,14,1,2009,2015,1,17.69521713,,1,70000,1,10,15
866,1,4,11,2,15,1,2015,2020,1,17.22950172,,1,68000,1,10,15
867,1,4,11,2,16,1,2020,2025,1,16.80788994,,1,65890,1,10,15
868,1,4,11,2,17,1,2025,2030,1,16.39188004,,1,65890,1,10,15
869,1,4,11,2,18,1,2030,2035,1,15.98616028,,1,65890,1,10,15
870,1,4,12,2,1,1,1980,1992,0,52.99494553,,0,125504,1,39,15
871,1,4,11,2,19,1,2035,2040,1,15.59047985,,1,65890,1,10,15
872,1,4,11,2,20,1,2040,2045,1,15.20460033,,1,65890,1,10,15
873,1,4,11,2,21,1,2045,,1,14.82826042,,1,65890,1,10,15
890,1,4,12,2,14,1,2009,2015,0,39.3536644,,0,125504,1,39,15
940,1,4,12,12,16,1,2020,2025,0,88.56122589,,2,159498.3906,1,39,15
941,1,4,12,12,17,1,2025,2030,0,84.22084045,,2,147889.5313,1,39,15
950,1,4,12,7,8,1,2020,2030,0,107.1886978,,1,138054,1,39,15
970,1,4,12,2,3,1,1992,1996,0,52.50741959,,0,125504,1,39,15
980,1,4,12,2,4,1,1996,2000,0,42.0907135,,0,125504,1,39,15
981,1,4,12,2,14,1,2009,2015,2,23.95947647,98.91369629,0,150605,1,39,15
982,1,4,12,2,15,1,2015,2020,2,23.3318615,93.12527466,0,145000,1,39,15
983,1,4,12,2,16,1,2020,2025,2,22.76092911,88.56122589,0,145000,1,39,15
984,1,4,12,2,17,1,2025,2030,2,22.1975708,84.22084045,0,145000,1,39,15
985,1,4,12,2,18,1,2030,2035,2,21.64816093,80.09318542,0,145000,1,39,15
986,1,4,12,2,19,1,2035,2040,2,21.11234093,76.16781616,0,145000,1,39,15
987,1,4,12,2,20,1,2040,2045,2,20.58978081,72.43482208,0,145000,1,39,15
988,1,4,12,2,21,1,2045,,2,20.0801506,68.8848114,0,145000,1,39,15
990,1,4,12,10,6,1,2005,2009,0,198.4260406,,1,150604.7969,1,39,15
991,1,4,12,10,14,1,2009,2015,0,219.9376984,,1,144329.5938,1,39,15
992,1,4,12,10,15,1,2015,2020,0,189.7447052,,1,138054.4063,1,39,15
993,1,4,12,10,16,1,2020,2025,0,185.0482941,,1,136799.3594,1,39,15
994,1,4,12,10,17,1,2025,2030,0,180.4680939,,1,135544.3125,1,39,15
995,1,4,12,10,18,1,2030,2035,0,176.001297,,1,134289.2813,1,39,15
996,1,4,12,10,19,1,2035,2040,0,171.6450958,,1,133034.2344,1,39,15
997,1,4,12,10,20,1,2040,2045,0,167.3966064,,1,131779.2031,1,39,15
998,1,4,12,10,21,1,2045,,0,163.2532959,,1,131779.2031,1,39,15
1000,1,4,12,5,6,1,2005,2009,0,65.23161316,,1,144329.5938,1,39,15
1001,1,4,12,5,14,1,2009,2015,0,64.23043823,,1,138054.4063,1,39,15
1002,1,4,12,5,15,1,2015,2020,0,62.37765884,,1,136799.3594,1,39,15
1003,1,4,12,5,16,1,2020,2025,0,60.83374023,,1,135544.3125,1,39,15
1004,1,4,12,5,17,1,2025,2030,0,59.32802963,,1,134289.2813,1,39,15
1005,1,4,12,5,18,1,2030,2035,0,57.85958099,,1,133034.2344,1,39,15
1006,1,4,12,5,19,1,2035,2040,0,56.42749023,,1,131779.2031,1,39,15
1007,1,4,12,5,20,1,2040,2045,0,55.03084183,,1,131779.2031,1,39,15
1008,1,4,12,5,21,1,2045,,0,53.66875076,,1,131779.2031,1,39,15
1010,1,4,12,12,18,1,2030,2035,0,80.09318542,,2,140641.4688,1,39,15
1030,1,4,12,12,19,1,2035,2040,0,76.16781616,,2,133748.6406,1,39,15
1031,1,4,12,12,20,1,2040,2045,0,72.43482208,,2,130438.1953,1,39,15
1040,1,4,12,2,5,1,2000,2005,0,42.15333176,,0,125504,1,39,15
1041,1,4,12,8,7,1,1990,2005,0,59.51512146,,1,138054,1,39,15
1050,1,4,13,10,6,1,2005,2009,0,178.5377808,,1,150604.7969,1,65,15
1051,1,4,13,10,14,1,2009,2015,0,175.7720642,,1,144329.5938,1,65,15
1052,1,4,13,10,15,1,2015,2020,0,170.6976929,,1,138054.4063,1,65,15
1053,1,4,13,10,16,1,2020,2025,0,166.472702,,1,136799.3594,1,65,15
1054,1,4,13,10,17,1,2025,2030,0,162.3522949,,1,135544.3125,1,65,15
1055,1,4,13,10,18,1,2030,2035,0,158.3338928,,1,134289.2813,1,65,15
1056,1,4,13,10,19,1,2035,2040,0,154.4149017,,1,133034.2344,1,65,15
1057,1,4,13,10,20,1,2040,2045,0,150.5930023,,1,131779.2031,1,65,15
1058,1,4,13,10,21,1,2045,,0,146.8656006,,1,131779.2031,1,65,15
1060,1,4,13,5,6,1,2005,2009,0,58.68352127,,1,144329.5938,1,65,15
1061,1,4,13,5,14,1,2009,2015,0,57.78138351,,1,138054.4063,1,65,15
1062,1,4,13,5,15,1,2015,2020,0,56.11605072,,1,136799.3594,1,65,15
1063,1,4,13,5,16,1,2020,2025,0,54.72710037,,1,135544.3125,1,65,15
1064,1,4,13,5,17,1,2025,2030,0,53.37253952,,1,134289.2813,1,65,15
1065,1,4,13,5,18,1,2030,2035,0,52.05149841,,1,133034.2344,1,65,15
1066,1,4,13,5,19,1,2035,2040,0,50.76316071,,1,131779.2031,1,65,15
1067,1,4,13,5,20,1,2040,2045,0,49.50671005,,1,131779.2031,1,65,15
1068,1,4,13,5,21,1,2045,,0,48.28136063,,1,131779.2031,1,65,15
1110,1,4,12,7,7,1,2010,2020,0,78.84912109,,1,138054,1,39,15
1111,1,4,12,7,9,1,2030,,0,101.9483032,,1,138054,1,39,15
1121,1,4,12,2,15,1,2015,2020,0,38.30938721,,0,125504,1,39,15
1122,1,4,12,2,16,1,2020,2025,0,37.37163162,,0,125504,1,39,15
1123,1,4,12,2,17,1,2025,2030,0,36.44664001,,0,125504,1,39,15
1124,1,4,12,2,18,1,2030,2035,0,35.54454041,,0,125504,1,39,15
1125,1,4,12,2,19,1,2035,2040,0,34.66476822,,0,125504,1,39,15
1126,1,4,12,2,20,1,2040,2045,0,33.80677032,,0,125504,1,39,15
1127,1,4,12,2,21,1,2045,,0,32.97000885,,0,125504,1,39,15
1130,1,4,12,2,6,1,2005,2009,0,40.11855698,,0,125504,1,39,15
1131,1,4,12,8,8,1,2005,2020,0,54.83776093,,1,131779,1,39,15
1132,1,4,12,2,6,1,2005,2009,1,32.094841,,1,145000,1,39,15
1133,1,4,12,12,21,1,2045,,0,68.8848114,,2,127209.6875,1,39,15
1134,1,4,12,13,13,1,2015,2020,0,240.7245941,,1,195746,1,39,15
1135,1,4,12,13,13,1,2020,2025,0,228.9266968,,1,176939,1,39,15
1136,1,4,12,13,13,1,2025,2030,0,217.7071075,,1,164061,1,39,15
1137,1,4,12,13,13,1,2030,2035,0,207.0372009,,1,152120,1,39,15
1138,1,4,12,13,13,1,2035,2040,0,196.8903961,,1,141048,1,39,15
1139,1,4,12,13,13,1,2040,,0,187.240799,,1,130782,1,39,15
1141,1,4,12,8,9,1,2020,,0,51.03174973,,1,131779,1,39,15
1142,1,4,12,2,14,1,2009,2015,1,31.47163773,,1,138054,1,39,15
1143,1,4,12,2,15,1,2015,2020,1,30.64725304,,1,138054,1,39,15
1144,1,4,12,2,16,1,2020,2025,1,29.89731026,,1,138054,1,39,15
1145,1,4,12,2,17,1,2025,2030,1,29.15731049,,1,138054,1,39,15
1146,1,4,12,2,18,1,2030,2035,1,28.4356308,,1,138054,1,39,15
1147,1,4,12,2,19,1,2035,2040,1,27.73181915,,1,138054,1,39,15
1148,1,4,12,2,20,1,2040,2045,1,27.04541016,,1,138054,1,39,15
1149,1,4,12,2,21,1,2045,,1,26.37601089,,1,138054,1,39,15
1150,1,4,13,12,6,1,2005,2009,0,135.3678284,,2,225000,1,65,15
1151,1,4,13,12,14,1,2009,2015,0,130.033783,,2,207532.8438,1,65,15
1152,1,4,13,2,1,1,1980,1993,0,37.85326385,,0,125504,1,65,15
1153,1,4,13,2,14,1,2009,2015,0,35.39928818,,0,125504,1,65,15
1155,1,4,13,12,15,1,2015,2020,0,122.4242249,,2,183841.375,1,65,15
1156,1,4,13,12,16,1,2020,2025,0,116.4242401,,2,170460.7656,1,65,15
1158,1,4,13,2,3,1,1992,1996,0,37.76227188,,0,125504,1,65,15
1159,1,4,13,2,4,1,1996,2000,0,37.85005951,,0,125504,1,65,15
1161,1,4,13,12,17,1,2025,2030,0,110.7182846,,2,158054.0313,1,65,15
1162,1,4,13,12,18,1,2030,2035,0,105.2919922,,2,146550.3125,1,65,15
1163,1,4,13,2,5,1,2000,2005,0,37.9127655,,0,125504,1,65,15
1164,1,4,13,8,7,1,1990,2005,0,42.54090118,,0,138054,1,65,15
1166,1,4,13,2,6,1,2005,2009,0,36.09135437,,0,125504,1,65,15
1167,1,4,13,8,8,1,2005,2020,0,42.53954697,,0,131779,1,65,15
1168,1,4,13,2,6,1,2005,2009,1,37.89164352,,0,138054,1,65,15
1169,1,4,13,12,19,1,2035,2040,0,100.1316299,,2,139367.8906,1,65,15
1170,1,4,13,13,13,1,2015,2020,0,240.7245941,,1,195746,1,65,15
1171,1,4,13,2,15,1,2015,2020,0,34.46351242,,0,125504,1,65,15
1172,1,4,13,2,16,1,2020,2025,0,33.62017822,,0,125504,1,65,15
1173,1,4,13,2,17,1,2025,2030,0,32.78804016,,0,125504,1,65,15
1174,1,4,13,2,18,1,2030,2035,0,31.97649956,,0,125504,1,65,15
1175,1,4,13,2,19,1,2035,2040,0,31.18503952,,0,125504,1,65,15
1176,1,4,13,2,20,1,2040,2045,0,30.41316986,,0,125504,1,65,15
1177,1,4,13,2,21,1,2045,,0,29.66040993,,0,125504,1,65,15
1179,1,4,13,8,9,1,2020,,0,39.59516144,,0,131779,1,65,15
1180,1,4,13,2,14,1,2009,2015,1,37.19799805,,0,138054,1,65,15
1181,1,4,13,2,15,1,2015,2020,1,36.23893738,,0,138054,1,65,15
1182,1,4,13,2,16,1,2020,2025,1,35.35282135,,0,138054,1,65,15
1183,1,4,13,2,17,1,2025,2030,1,34.47779846,,0,138054,1,65,15
1184,1,4,13,2,18,1,2030,2035,1,33.62443161,,0,138054,1,65,15
1185,1,4,13,2,19,1,2035,2040,1,32.79217911,,0,138054,1,65,15
1186,1,4,13,2,20,1,2040,2045,1,31.98053932,,0,138054,1,65,15
1187,1,4,13,2,21,1,2045,,1,31.1889801,,0,138054,1,65,15
1188,1,4,13,12,20,1,2040,2045,0,95.22416687,,2,132537.4688,1,65,15
1189,1,4,13,12,21,1,2045,,0,90.55725098,,2,126041.8125,1,65,15
1190,1,4,13,13,13,1,2020,2025,0,329.1608887,,1,176939,1,65,15
1191,1,4,13,13,13,1,2025,2030,0,313.0286865,,1,164061,1,65,15
1192,1,4,13,13,13,1,2030,2035,0,297.6871948,,1,152120,1,65,15
1193,1,4,13,13,13,1,2035,2040,0,283.0975952,,1,141048,1,65,15
1194,1,4,13,13,13,1,2040,,0,269.2229919,,1,130782,1,65,15
1200,1,5,21,2,1,2,1980,1995,0,13.160882,,0,21000,1,2.5,10
1220,1,5,21,2,14,2,2009,2015,0,8.935043335,,0,21000,1,2.5,10
1221,1,5,21,2,14,2,2009,2015,1,6.252324581,,0,28600,1,2.5,10
1222,1,5,21,2,15,2,2015,2020,1,5.761575222,,0,23210,1,2.5,10
1223,1,5,21,2,16,2,2020,2025,1,5.348843575,,0,23210,1,2.5,10
1224,1,5,21,2,17,2,2025,2030,1,4.959535122,,0,23210,1,2.5,10
1225,1,5,21,2,18,2,2030,2035,1,4.598562717,,0,23210,1,2.5,10
1226,1,5,21,2,19,2,2035,2040,1,4.263863087,,0,23210,1,2.5,10
1227,1,5,21,2,20,2,2040,2045,1,3.953524351,,0,23210,1,2.5,10
1228,1,5,21,2,21,2,2045,,1,3.665772915,,0,23210,1,2.5,10
1230,1,5,21,7,6,2,2005,2009,0,12.64608669,,1,24200,1,2.5,10
1240,1,5,21,5,5,2,2001,2005,0,20.65897179,,0,24200,1,2.5,10
1250,1,5,21,10,6,2,2005,2009,0,46.29077911,,1,26400,1,2.5,10
1251,1,5,21,10,14,2,2009,2015,0,43.317276,,1,25300,1,2.5,10
1252,1,5,21,10,15,2,2015,2020,0,39.551548,,1,24200,1,2.5,10
1253,1,5,21,10,16,2,2020,2025,0,36.67285156,,1,23980,1,2.5,10
1254,1,5,21,10,17,2,2025,2030,0,34.00367355,,1,23760,1,2.5,10
1255,1,5,21,10,18,2,2030,2035,0,31.52877045,,1,23540,1,2.5,10
1256,1,5,21,10,19,2,2035,2040,0,29.23399353,,1,23320,1,2.5,10
1257,1,5,21,10,20,2,2040,2045,0,27.10623741,,1,23100,1,2.5,10
1258,1,5,21,10,21,2,2045,,0,25.133358,,1,23100,1,2.5,10
1260,1,5,21,5,6,2,2005,2009,0,15.22149086,,1,25300,1,2.5,10
1261,1,5,21,5,14,2,2009,2015,0,14.24034977,,1,24200,1,2.5,10
1262,1,5,21,5,15,2,2015,2020,0,13.00238228,,1,23980,1,2.5,10
1263,1,5,21,5,16,2,2020,2025,0,12.05602551,,1,23760,1,2.5,10
1264,1,5,21,5,17,2,2025,2030,0,11.178545,,1,23540,1,2.5,10
1265,1,5,21,5,18,2,2030,2035,0,10.36493206,,1,23320,1,2.5,10
1266,1,5,21,5,19,2,2035,2040,0,9.610536575,,1,23100,1,2.5,10
1267,1,5,21,5,20,2,2040,2045,0,8.911046982,,1,23100,1,2.5,10
1268,1,5,21,5,21,2,2045,,0,8.262469292,,1,23100,1,2.5,10
1280,1,5,21,12,15,2,2015,2020,0,37.12685776,,2,30000,1,2.5,10
1300,1,5,21,12,5,2,2001,2005,0,53.76206589,,2,44000,1,2.5,10
1301,1,5,21,2,14,2,2009,2015,2,5.440586567,46.98700333,1,30000,1,2.5,10
1302,1,5,21,2,15,2,2015,2020,2,5.107561111,42.91361618,1,26400,1,2.5,10
1303,1,5,21,2,16,2,2020,2025,2,4.735814095,39.79021454,1,25300,1,2.5,10
1304,1,5,21,2,17,2,2025,2030,2,4.391125679,36.89414215,1,25300,1,2.5,10
1305,1,5,21,2,18,2,2030,2035,2,4.071523666,34.20885849,1,25300,1,2.5,10
1306,1,5,21,2,19,2,2035,2040,2,3.775183916,31.71901894,1,25300,1,2.5,10
1307,1,5,21,2,20,2,2040,2045,2,3.500412941,29.41039658,1,25300,1,2.5,10
1308,1,5,21,2,21,2,2045,,2,3.295145512,27.269804,1,25300,1,2.5,10
1320,1,5,21,2,3,2,1994,1998,0,12.96316528,,0,21000,1,2.5,10
1340,1,5,21,2,4,2,1998,2001,0,11.94949913,,0,21000,1,2.5,10
1360,1,5,21,12,6,2,2005,2009,0,45.94056702,,2,44000,1,2.5,10
1365,1,5,21,12,14,2,2009,2015,0,40.6509552,,2,35000,1,2.5,10
1370,1,5,21,13,13,2,2020,2025,0,208.6799927,,2,40000,1,2.5,10
1371,1,5,21,13,13,2,2025,2030,0,179.1999969,,2,35000,1,2.5,10
1372,1,5,21,13,13,2,2030,2035,0,153.8899994,,2,30000,1,2.5,10
1373,1,5,21,13,13,2,2035,2040,0,132.1499939,,2,30000,1,2.5,10
1374,1,5,21,13,13,2,2040,2045,0,113.4800034,,2,30000,1,2.5,10
1375,1,5,21,13,13,2,2045,,0,97.44999695,,2,30000,1,2.5,10
1390,1,5,21,2,5,2,2001,2005,0,10.8581152,,0,21000,1,2.5,10
1391,1,5,21,8,6,2,2005,2009,0,11.77648163,,0,24200,1,2.5,10
1410,1,5,21,1,1,2,1980,1995,0,16.33090591,,0,21000,1,2.5,10
1440,1,5,21,12,16,2,2020,2025,0,34.42462921,,2,28000,1,2.5,10
1450,1,5,21,1,3,2,1994,1998,0,15.64791584,,0,21000,1,2.5,10
1451,1,5,21,1,4,2,1998,2001,0,14.52036858,,0,21000,1,2.5,10
1452,1,5,21,1,5,2,2001,2005,0,12.65614223,,0,21000,1,2.5,10
1453,1,5,21,1,6,2,2005,2009,0,11.61678696,,0,21000,1,2.5,10
1460,1,5,21,2,6,2,2005,2009,0,10.06597519,,0,21000,1,2.5,10
1461,1,5,21,8,14,2,2009,2015,0,10.45085049,,0,24200,1,2.5,10
1462,1,5,21,2,6,2,2005,2009,1,6.982497692,,0,33000,1,2.5,10
1463,1,5,21,12,17,2,2025,2030,0,31.91908836,,2,27000,1,2.5,10
1464,1,5,21,2,15,2,2015,2020,0,8.231151581,,0,21000,1,2.5,10
1465,1,5,21,2,16,2,2020,2025,0,7.641204357,,0,21000,1,2.5,10
1466,1,5,21,2,17,2,2025,2030,0,7.08505106,,0,21000,1,2.5,10
1467,1,5,21,2,18,2,2030,2035,0,6.569377422,,0,21000,1,2.5,10
1468,1,5,21,2,19,2,2035,2040,0,6.091235161,,0,21000,1,2.5,10
1469,1,5,21,2,20,2,2040,2045,0,5.647891998,,0,21000,1,2.5,10
1470,1,5,21,2,21,2,2045,,0,5.23681879,,0,21000,1,2.5,10
1471,1,5,21,1,14,2,2009,2015,0,10.66559124,,1,21000,1,2.5,10
1472,1,5,21,1,15,2,2015,2020,0,9.828445435,,1,21000,1,2.5,10
1473,1,5,21,1,16,2,2020,2025,0,9.124379158,,1,21000,1,2.5,10
1474,1,5,21,1,17,2,2025,2030,0,8.460276604,,1,21000,1,2.5,10
1475,1,5,21,1,18,2,2030,2035,0,7.844507694,,1,21000,1,2.5,10
1476,1,5,21,1,19,2,2035,2040,0,7.273557186,,1,21000,1,2.5,10
1477,1,5,21,1,20,2,2040,2045,0,6.744162083,,1,21000,1,2.5,10
1478,1,5,21,1,21,2,2045,,0,6.253298759,,1,21000,1,2.5,10
1480,1,5,21,8,15,2,2015,2020,0,8.284564018,,0,23100,1,2.5,10
1481,1,5,21,8,16,2,2020,2025,0,7.681583405,,0,23100,1,2.5,10
1482,1,5,21,8,17,2,2025,2030,0,7.12249136,,0,23100,1,2.5,10
1483,1,5,21,8,18,2,2030,2035,0,6.604091644,,0,23100,1,2.5,10
1484,1,5,21,8,19,2,2035,2040,0,6.123422146,,0,23100,1,2.5,10
1485,1,5,21,8,20,2,2040,2045,0,5.677738667,,0,23100,1,2.5,10
1486,1,5,21,8,21,2,2045,,0,5.264492989,,0,23100,1,2.5,10
1510,1,5,21,7,14,2,2009,2015,0,11.65580463,,1,24200,1,2.5,10
1511,1,5,21,7,15,2,2015,2020,0,8.444359779,,1,24200,1,2.5,10
1512,1,5,21,7,16,2,2020,2025,0,7.829751015,,1,24200,1,2.5,10
1513,1,5,21,7,17,2,2025,2030,0,7.259873867,,1,24200,1,2.5,10
1514,1,5,21,7,18,2,2030,2035,0,6.731474876,,1,24200,1,2.5,10
1515,1,5,21,7,19,2,2035,2040,0,6.241535187,,1,24200,1,2.5,10
1516,1,5,21,7,20,2,2040,2045,0,5.787254333,,1,24200,1,2.5,10
1517,1,5,21,7,21,2,2045,,0,5.366037846,,1,24200,1,2.5,10
1520,1,5,22,2,1,2,1980,1993,0,26.3450985,,0,55000,1,8,7
1530,1,5,22,2,14,2,2009,2015,0,22.02563286,,0,55000,1,8,7
1540,1,5,22,10,6,2,2005,2009,0,147.5223846,,1,66000,1,8,7
1541,1,5,22,10,14,2,2009,2015,0,142.2746735,,1,63250,1,8,7
1542,1,5,22,10,15,2,2015,2020,0,117.5163879,,1,60500,1,8,7
1543,1,5,22,10,16,2,2020,2025,0,108.9631653,,1,59950,1,8,7
1544,1,5,22,10,17,2,2025,2030,0,101.0324554,,1,59400,1,8,7
1545,1,5,22,10,18,2,2030,2035,0,93.67894745,,1,58850,1,8,7
1546,1,5,22,10,19,2,2035,2040,0,86.86066437,,1,58300,1,8,7
1547,1,5,22,10,20,2,2040,2045,0,80.53863525,,1,57750,1,8,7
1548,1,5,22,10,21,2,2045,,0,74.67675781,,1,57750,1,8,7
1550,1,5,22,5,5,2,2000,2005,0,46.05906296,,1,66000,1,8,7
1551,1,5,22,5,6,2,2005,2009,0,48.44264603,,1,63250,1,8,7
1552,1,5,22,5,14,2,2009,2015,0,46.76435471,,1,60500,1,8,7
1553,1,5,22,5,15,2,2015,2020,0,38.63296127,,1,59950,1,8,7
1554,1,5,22,5,16,2,2020,2025,0,35.8211174,,1,59400,1,8,7
1555,1,5,22,5,17,2,2025,2030,0,33.21393204,,1,58850,1,8,7
1556,1,5,22,5,18,2,2030,2035,0,30.79650688,,1,58300,1,8,7
1557,1,5,22,5,19,2,2035,2040,0,28.55502701,,1,57750,1,8,7
1558,1,5,22,5,20,2,2040,2045,0,26.4766922,,1,57750,1,8,7
1559,1,5,22,5,21,2,2045,,0,24.5496273,,1,57750,1,8,7
1560,1,5,22,2,3,2,1992,1996,0,26.32256317,,0,55000,1,8,7
1570,1,5,22,2,4,2,1996,2000,0,26.02857399,,0,55000,1,8,7
1590,1,5,22,2,5,2,2000,2005,0,25.10553932,,0,55000,1,8,7
1591,1,5,22,8,6,2,2005,2009,0,28.48855591,,1,60500,1,8,7
1592,1,5,22,8,14,2,2009,2020,0,26.9796257,,1,57750,1,8,7
1593,1,5,22,13,13,2,2020,2025,0,208.6849976,,1,82500,1,8,7
1594,1,5,22,13,13,2,2025,2030,0,161.3211975,,1,71500,1,8,7
1595,1,5,22,13,13,2,2030,2035,0,138.5319977,,1,66000,1,8,7
1596,1,5,22,13,13,2,2035,2040,0,118.9621964,,1,63250,1,8,7
1597,1,5,22,13,13,2,2040,2045,0,102.1568985,,1,63250,1,8,7
1598,1,5,22,13,13,2,2045,,0,87.72557831,,1,63250,1,8,7
1599,1,5,21,12,18,2,2030,2035,0,29.5959034,,2,25000,1,2.5,10
1600,1,5,21,12,19,2,2035,2040,0,27.44180489,,2,24000,1,2.5,10
1601,1,5,21,12,20,2,2040,2045,0,25.44449806,,2,23000,1,2.5,10
1602,1,5,21,12,21,2,2045,,0,23.59256363,,2,22000,1,2.5,10
1603,1,5,22,12,7,2,2015,2025,0,93.46635437,,2,75000,1,8,7
1604,1,5,22,12,8,2,2025,2035,0,80.35587311,,2,61280.46094,1,8,7
1605,1,5,22,12,9,2,2035,,0,69.08438873,,2,55420.94922,1,8,7
1610,1,5,22,2,6,2,2005,2009,0,23.33935356,,0,55000,1,8,7
1611,1,5,22,8,16,2,2020,2030,0,23.0375843,,1,57750,1,8,7
1612,1,5,22,2,14,2,2009,,1,14.23093224,,0,60500,1,8,7
1613,1,5,22,14,6,2,2010,,0,87.02770996,,1,71500,1,8,7
1614,1,5,22,8,18,2,2030,,0,19.8061142,,1,57750,1,8,7
1615,1,5,22,2,15,2,2015,2020,0,20.28185081,,0,55000,1,8,7
1616,1,5,22,2,16,2,2020,2025,0,18.82422829,,0,55000,1,8,7
1617,1,5,22,2,17,2,2025,2030,0,17.45413589,,0,55000,1,8,7
1618,1,5,22,2,18,2,2030,2035,0,16.1837635,,0,55000,1,8,7
1619,1,5,22,2,19,2,2035,2040,0,15.00585365,,0,55000,1,8,7
1620,1,5,22,2,20,2,2040,2045,0,13.91367245,,0,55000,1,8,7
1621,1,5,22,2,21,2,2045,,0,12.90098763,,0,55000,1,8,7
1630,1,5,23,2,1,2,1980,1993,0,38.51263046,,0,100000,1,12,7
1640,1,5,23,2,14,2,2009,2015,0,32.19110489,,0,100000,1,12,7
1650,1,5,23,2,3,2,1992,1996,0,38.47119522,,0,100000,1,12,7
1660,1,5,23,2,4,2,1996,2000,0,38.04151917,,0,100000,1,12,7
1670,1,5,23,2,5,2,2000,2005,0,36.69247818,,0,100000,1,12,7
1671,1,5,23,8,6,2,2005,2009,0,43.75191116,,1,110000,1,12,7
1675,1,5,23,2,14,2,2009,2020,1,20.97422981,,0,105000,1,12,7
1680,1,5,23,8,14,2,2009,2020,0,41.4030838,,1,105000,1,12,7
1681,1,5,23,13,13,2,2020,2025,0,260.8562012,,1,130000,1,12,7
1682,1,5,23,2,6,2,2005,2009,0,34.11115265,,0,100000,1,12,7
1683,1,5,23,8,16,2,2020,2030,0,35.35361099,,1,105000,1,12,7
1684,1,5,23,2,16,2,2020,,1,17.87297058,,0,105000,1,12,7
1685,1,5,23,14,6,2,2010,,0,127.193512,,1,110000,1,12,7
1686,1,5,23,8,18,2,2030,,0,30.39457512,,1,105000,1,12,7
1690,1,5,23,2,15,2,2015,2020,0,29.642519,,0,100000,1,12,7
1691,1,5,23,2,16,2,2020,2025,0,27.51215935,,0,100000,1,12,7
1692,1,5,23,2,17,2,2025,2030,0,25.50972939,,0,100000,1,12,7
1693,1,5,23,2,18,2,2030,2035,0,23.65304756,,0,100000,1,12,7
1694,1,5,23,2,19,2,2035,2040,0,21.93149376,,0,100000,1,12,7
1695,1,5,23,2,20,2,2040,2045,0,20.33524323,,0,100000,1,12,7
1696,1,5,23,2,21,2,2045,,0,18.85517311,,0,100000,1,12,7
1697,1,5,23,13,13,2,2025,2030,0,201.6515045,,1,125000,1,12,7
1698,1,5,23,13,13,2,2030,2035,0,173.1651001,,1,120000,1,12,7
1699,1,5,23,13,13,2,2035,2040,0,148.7026978,,1,115000,1,12,7
1700,1,5,23,13,13,2,2040,2045,0,127.6960983,,1,115000,1,12,7
1701,1,5,23,13,13,2,2045,,0,109.6569977,,1,115000,1,12,7
1702,1,3,2,12,15,1,2015,2019,0,20.48995781,,2,25000,1,5,12
1703,1,3,2,12,16,1,2020,2024,0,18.99862671,,2,20000,1,5,12
1704,1,3,2,12,17,1,2025,2029,0,17.61584091,,2,17500,1,5,12
1705,1,3,2,12,18,1,2030,2034,0,16.33369827,,2,15000,1,5,12
1706,1,3,2,12,19,1,2035,2039,0,15.14487457,,2,15000,1,5,12
1707,1,3,2,12,20,1,2040,2044,0,14.04257679,,2,15000,1,5,12
1708,1,3,2,12,21,1,2045,,0,13.02050877,,2,15000,1,5,12
1720,1,5,23,10,6,2,2005,2009,0,215.6082458,,1,120000,1,12,7
1721,1,5,23,10,14,2,2009,2015,0,207.9385681,,1,115000,1,12,7
1722,1,5,23,10,15,2,2015,2020,0,171.7536926,,1,110000,1,12,7
1723,1,5,23,10,16,2,2020,2025,0,159.2528076,,1,109000,1,12,7
1724,1,5,23,10,17,2,2025,2030,0,147.6618805,,1,108000,1,12,7
1725,1,5,23,10,18,2,2030,2035,0,136.9144897,,1,107000,1,12,7
1726,1,5,23,10,19,2,2035,2040,0,126.9493713,,1,106000,1,12,7
1727,1,5,23,10,20,2,2040,2045,0,117.7096024,,1,105000,1,12,7
1728,1,5,23,10,21,2,2045,,0,109.1422653,,1,105000,1,12,7
1730,1,5,23,5,5,2,2000,2005,0,67.31666565,,1,120000,1,12,7
1731,1,5,23,5,6,2,2005,2009,0,70.80034637,,1,115000,1,12,7
1732,1,5,23,5,14,2,2009,2015,0,68.34746552,,1,110000,1,12,7
1733,1,5,23,5,15,2,2015,2020,0,56.46319962,,1,109000,1,12,7
1734,1,5,23,5,16,2,2020,2025,0,52.35360718,,1,108000,1,12,7
1735,1,5,23,5,17,2,2025,2030,0,48.54312897,,1,107000,1,12,7
1736,1,5,23,5,18,2,2030,2035,0,45.00998688,,1,106000,1,12,7
1737,1,5,23,5,19,2,2035,2040,0,41.73400879,,1,105000,1,12,7
1738,1,5,23,5,20,2,2040,2045,0,38.69645691,,1,105000,1,12,7
1739,1,5,23,5,21,2,2045,,0,35.87999725,,1,105000,1,12,7
2010,2,6,31,2,7,1,1980,2000,0,362.2000122,,0,2500000,1,250,40
2020,2,6,31,12,7,1,1980,2000,0,411.6000061,,2,2500000,1,250,40
2030,2,6,31,12,8,1,2000,2015,0,333,,2,2500000,1,250,40
2040,2,6,31,2,8,1,2000,2015,0,330,,1,2500000,1,250,40
2050,2,6,31,12,9,1,2015,,0,308.8804321,,2,2500000,1,250,40
2060,2,6,31,2,9,1,2015,,0,306.0976868,,1,2500000,1,250,40
2070,2,6,32,2,7,2,1980,2000,0,473.5843506,,0,10000000,1,700,40
2080,2,6,32,2,7,1,1980,2000,0,332.0122681,,0,5000000,1,300,40
2090,2,6,32,12,7,2,1980,2000,0,1590.300049,,2,10000000,1,700,40
2100,2,6,32,12,7,1,1980,2000,0,1258.109009,,2,5000000,1,300,40
2110,2,6,32,12,8,1,2000,2015,0,1017,,2,5000000,1,300,40
2120,2,6,32,2,8,1,2000,2015,0,301.3364563,,1,5000000,1,300,40
2130,2,6,32,2,8,2,2000,2015,0,301.3364563,,1,10000000,1,700,40
2140,2,6,32,12,8,2,2000,2015,0,1296,,2,10000000,1,700,40
2150,2,6,32,2,9,1,2015,,0,280.8844299,,1,5000000,1,300,40
2160,2,6,32,12,9,1,2015,,0,943.3375244,,2,5000000,1,300,40
2170,2,6,32,2,9,2,2015,,0,280.8844299,,1,10000000,1,700,40
2180,2,6,32,12,9,2,2015,,0,1202.129272,,2,10000000,1,700,40
2190,2,6,33,2,7,1,1980,2000,0,430.7835388,,1,10000000,1,700,40
2200,2,6,33,12,7,2,1980,2000,0,1590,,2,15000000,1,700,40
2210,2,6,33,12,7,1,1980,2000,0,1391.668945,,2,10000000,1,700,40
2220,2,6,33,2,7,2,1980,2000,0,362.2000122,,1,15000000,1,700,40
2230,2,6,33,2,8,2,2000,2015,0,330,,1,15000000,1,700,40
2240,2,6,33,2,8,1,2000,2015,0,393.0476074,,1,10000000,1,700,40
2250,2,6,33,12,8,1,2000,2015,0,1134,,2,10000000,1,700,40
2260,2,6,33,12,8,2,2000,2015,0,1440,,2,15000000,1,700,40
2270,2,6,33,12,9,1,2015,,0,1051.863159,,2,10000000,1,700,40
2280,2,6,33,12,9,2,2015,,0,1224,,2,15000000,1,700,40
2290,2,6,33,2,9,2,2015,,0,313.5,,0,15000000,1,700,40
2300,2,6,33,2,9,1,2015,,0,366.3710022,,1,10000000,1,700,40
2310,2,6,34,12,7,1,1990,2000,0,3000,,1,20000000,1,750,40
2320,2,6,34,12,8,1,2000,2015,0,2700,,1,20000000,1,750,40
2330,2,6,34,12,9,1,2015,,0,2504.436035,,1,20000000,1,750,40
3010,3,7,51,2,7,2,1980,2010,0,4186.286621,,0,600000,1,5000,40
3020,3,7,51,2,8,2,2010,,0,3765.03125,,0,600000,1,5000,40
3030,3,7,52,2,7,2,1980,2010,0,5023.720703,,1,2000000,1,30000,40
3040,3,7,52,2,8,2,2010,,0,4518.037109,,1,2000000,1,30000,40
3050,3,7,53,2,7,2,1980,2010,0,1314.599976,,1,20000000,1,60000,40
3060,3,7,53,2,8,2,2010,,0,1182.400024,,1,20000000,1,60000,40
4010,4,8,41,15,7,1,1980,,0,13.56692696,,0,400000,1,9,30
4040,4,8,42,15,7,2,1985,2005,0,654.381897,,0,4000000,1,7,30
4050,4,8,42,15,7,1,1985,2005,0,654.0809326,,0,4000000,1,70,30
4060,4,8,42,15,8,2,2005,2015,0,527.9412842,,1,4000000,1,7,30
4070,4,8,42,15,8,1,2005,2015,0,527.8245239,,1,4000000,1,70,30
4080,4,8,42,12,17,1,2025,2035,0,860,,2,6000000,1,70,30
4081,4,8,42,12,19,1,2035,2045,0,600,,2,5000000,1,70,30
4082,4,8,42,12,21,1,2045,,0,422,,2,4000000,1,70,30
4090,4,8,42,15,15,2,2015,2025,0,484.1552429,,0,4000000,1,7,30
4091,4,8,42,15,17,2,2025,2035,0,446.3121948,,1,4000000,1,7,30
4092,4,8,42,15,19,2,2035,2045,0,411.8656616,,1,4000000,1,7,30
4093,4,8,42,15,21,2,2045,,0,380.0776062,,1,4000000,1,7,30
4100,4,8,42,15,15,1,2015,2025,0,484.1552429,,1,4000000,1,70,30
4101,4,8,42,15,17,1,2025,2035,0,446.3121948,,1,4000000,1,70,30
4102,4,8,42,15,19,1,2035,2045,0,411.8656616,,1,4000000,1,70,30
4103,4,8,42,15,21,1,2045,,0,380.0776062,,1,4000000,1,70,30
4110,4,8,42,12,17,2,2025,2035,0,860,,2,6000000,1,7,30
4111,4,8,42,12,19,2,2035,2045,0,600,,2,5000000,1,7,30
4112,4,8,42,12,21,2,2045,,0,422,,2,4000000,1,7,30
4120,4,8,43,15,7,2,1985,2005,0,640.739563,,0,75000000,1,17,30
4130,4,8,43,15,7,1,1985,2005,0,623.8624878,,0,75000000,1,170,30
4140,4,8,43,15,8,2,2005,2015,0,517.8556519,,0,75000000,1,17,30
4150,4,8,43,15,8,1,2005,2015,0,504.1545715,,1,75000000,1,170,30
4160,4,8,43,14,9,2,2025,2035,0,1963.640015,,1,100000000,1,17,30
4161,4,8,43,14,19,2,2035,2045,0,1745.457764,,1,100000000,1,17,30
4162,4,8,43,14,21,2,2045,,0,1636.366699,,1,100000000,1,17,30
4170,4,8,43,15,15,2,2015,2025,0,479.3113403,,0,75000000,1,17,30
4171,4,8,43,15,17,2,2025,2035,0,442.5532227,,1,75000000,1,17,30
4172,4,8,43,15,19,2,2035,2045,0,408.396698,,1,75000000,1,17,30
4173,4,8,43,15,21,2,2045,,0,376.8764343,,1,75000000,1,17,30
4180,4,8,43,14,9,1,2025,2035,0,1911.6875,,1,100000000,1,170,30
4181,4,8,43,14,19,1,2035,2045,0,1699.277832,,1,90438208,1,170,30
4182,4,8,43,14,21,1,2045,,0,1593.072876,,1,81790704,1,170,30
4190,4,8,43,15,15,1,2015,2025,0,466.6300659,,1,75000000,1,170,30
4191,4,8,43,15,17,1,2025,2035,0,430.8444519,,1,75000000,1,170,30
4192,4,8,43,15,19,1,2035,2045,0,397.5916443,,1,75000000,1,170,30
4193,4,8,43,15,21,1,2045,,0,366.905304,,1,75000000,1,170,30
4200,4,8,44,15,7,2,1985,2005,0,1147.882568,,0,150000000,1,24,30
4210,4,8,44,15,7,1,1985,2005,0,1142.332642,,0,150000000,1,240,30
4220,4,8,44,15,8,1,2005,2015,0,926.4910889,,0,150000000,1,240,30
4230,4,8,44,15,8,2,2005,2015,0,930.8915405,,1,150000000,1,24,30
4240,4,8,44,14,9,1,2025,2035,0,3513.132324,,1,200000000,1,240,30
4241,4,8,44,14,19,1,2035,2045,0,3122.783936,,1,180876400,1,240,30
4242,4,8,44,14,21,1,2045,,0,2927.610107,,1,163581408,1,240,30
4250,4,8,44,15,15,1,2015,2025,0,857.5319824,,0,150000000,1,240,30
4251,4,8,44,15,17,1,2025,2035,0,791.7681885,,1,150000000,1,240,30
4252,4,8,44,15,19,1,2035,2045,0,730.6591187,,1,150000000,1,240,30
4253,4,8,44,15,21,1,2045,,0,674.2665405,,1,150000000,1,240,30
4260,4,8,44,14,9,2,2025,2035,0,3530.205322,,1,200000000,1,24,30
4261,4,8,44,14,19,2,2035,2045,0,3137.959961,,1,180876400,1,24,30
4262,4,8,44,14,21,2,2045,,0,2941.837891,,1,163581408,1,24,30
4270,4,8,44,15,15,2,2015,2025,0,861.6994019,,1,150000000,1,24,30
4271,4,8,44,15,17,2,2025,2035,0,795.6160889,,1,150000000,1,24,30
4272,4,8,44,15,19,2,2035,2045,0,734.210022,,1,150000000,1,24,30
4273,4,8,44,15,21,2,2045,,0,677.543335,,1,150000000,1,24,30
4275,4,8,45,15,7,1,1980,2005,0,1640.59668,,0,155000000,1,100,30
4280,4,8,45,15,8,2,2005,2015,0,1645.5,,0,155000000,1,10,30
4281,4,8,45,15,15,2,2015,2025,0,1645.5,,0,155000000,1,10,30
4282,4,8,45,15,17,2,2025,2035,0,1645.5,,0,155000000,1,10,30
4283,4,8,45,15,19,2,2035,2045,0,1645.5,,0,155000000,1,10,30
4284,4,8,45,15,21,2,2045,,0,1645.5,,0,155000000,1,10,30
4290,4,8,45,15,8,1,2005,2015,0,1645.5,,0,155000000,1,100,30
4291,4,8,45,15,15,1,2015,2025,0,1645.5,,1,155000000,1,100,30
4292,4,8,45,15,17,1,2025,2035,0,1645.5,,1,155000000,1,100,30
4293,4,8,45,15,19,1,2035,2045,0,1645.5,,1,155000000,1,100,30
4294,4,8,45,15,21,1,2045,,0,1645.5,,1,155000000,1,100,30
4310,4,8,45,14,9,2,2025,2035,0,6636,,0,155000000,1,10,30
4311,4,8,45,14,19,2,2035,2045,0,6400,,1,155000000,1,10,30
4312,4,8,45,14,21,2,2045,,0,6200,,1,155000000,1,10,30
4320,4,8,45,14,9,1,2025,2035,0,6636,,0,155000000,1,100,30
4321,4,8,45,14,19,1,2035,2045,0,6400,,1,155000000,1,100,30
4322,4,8,45,14,21,1,2045,,0,6200,,1,155000000,1,100,30
5000,1,5,24,1,3,2,1994,1998,0,11.7504406,,0,21000,1,2.5,10
5001,1,5,24,1,4,2,1998,2001,0,11.40127945,,0,21000,1,2.5,10
5002,1,5,24,1,5,2,2001,2005,0,10.45454025,,0,21000,1,2.5,10
5003,1,5,24,1,6,2,2005,2009,0,9.938314438,,0,21000,1,2.5,10
5004,1,5,24,1,14,2,2009,2015,0,8.545391083,,0,21000,1,2.5,10
5005,1,5,24,1,15,2,2015,2020,0,7.874661922,,0,21000,1,2.5,10
5006,1,5,24,1,16,2,2020,2025,0,7.310556412,,0,21000,1,2.5,10
5007,1,5,24,1,17,2,2025,2030,0,6.778468609,,0,21000,1,2.5,10
5008,1,5,24,1,18,2,2030,2035,0,6.285107136,,0,21000,1,2.5,10
5009,1,5,24,1,19,2,2035,2040,0,5.827655315,,0,21000,1,2.5,10
5010,1,5,24,1,20,2,2040,2045,0,5.40349865,,0,21000,1,2.5,10
5011,1,5,24,1,21,2,2045,,0,5.010212421,,0,21000,1,2.5,10
5012,1,5,24,2,3,2,1994,1998,0,9.357111931,,0,22000,1,2.5,10
5013,1,5,24,2,4,2,1998,2001,0,8.662658691,,0,22000,1,2.5,10
5014,1,5,24,2,5,2,2001,2005,0,7.972337723,,0,22000,1,2.5,10
5015,1,5,24,2,6,2,2005,2009,0,7.62509203,,0,22000,1,2.5,10
5016,1,5,24,2,14,2,2009,2015,0,6.59055233,,0,22000,1,2.5,10
5017,1,5,24,2,15,2,2015,2020,0,6.073255539,,0,22000,1,2.5,10
5018,1,5,24,2,16,2,2020,2025,0,5.638195992,,0,22000,1,2.5,10
5019,1,5,24,2,17,2,2025,2030,0,5.227828026,,0,22000,1,2.5,10
5020,1,5,24,2,18,2,2030,2035,0,4.847329617,,0,22000,1,2.5,10
5021,1,5,24,2,19,2,2035,2040,0,4.494524002,,0,22000,1,2.5,10
5022,1,5,24,2,20,2,2040,2045,0,4.167396069,,0,22000,1,2.5,10
5023,1,5,24,2,21,2,2045,,0,3.864077806,,0,22000,1,2.5,10
5024,1,5,24,2,6,2,2005,2009,1,5.279495716,,1,33000,1,2.5,10
5025,1,5,24,2,14,2,2009,2015,1,4.611639023,,1,28600,1,2.5,10
5026,1,5,24,2,15,2,2015,2020,1,4.251097202,,1,26400,1,2.5,10
5027,1,5,24,2,16,2,2020,2025,1,3.946737051,,1,24200,1,2.5,10
5028,1,5,24,2,17,2,2025,2030,1,3.65947938,,1,23000,1,2.5,10
5029,1,5,24,2,18,2,2030,2035,1,3.393130064,,1,23000,1,2.5,10
5030,1,5,24,2,19,2,2035,2040,1,3.146165609,,1,23000,1,2.5,10
5031,1,5,24,2,20,2,2040,2045,1,2.917176962,,1,23000,1,2.5,10
5032,1,5,24,2,21,2,2045,,1,2.704854727,,1,23000,1,2.5,10
5033,1,5,24,2,14,2,2009,2015,2,4.012154102,46.99000168,1,30000,1,2.5,10
5034,1,5,24,2,15,2,2015,2020,2,3.768702745,42.90999985,1,28600,1,2.5,10
5035,1,5,24,2,16,2,2020,2025,2,3.494403124,39.79000092,1,26400,1,2.5,10
5036,1,5,24,2,17,2,2025,2030,2,3.240068436,36.88999939,1,25300,1,2.5,10
5037,1,5,24,2,18,2,2030,2035,2,3.004244804,34.20999908,1,24000,1,2.5,10
5038,1,5,24,2,19,2,2035,2040,2,2.785585642,31.71999931,1,24000,1,2.5,10
5039,1,5,24,2,20,2,2040,2045,2,2.582840919,29.40999985,1,24000,1,2.5,10
5040,1,5,24,2,21,2,2045,,2,2.431380749,27.27000046,1,24000,1,2.5,10
5041,1,5,24,5,5,2,2001,2005,0,17.04714203,,0,24200,1,2.5,10
5042,1,5,24,5,6,2,2005,2009,0,15.22148991,,0,25300,1,2.5,10
5043,1,5,24,5,14,2,2009,2015,0,14.24034977,,0,24200,1,2.5,10
5044,1,5,24,5,15,2,2015,2020,0,13.00238037,,0,23980,1,2.5,10
5045,1,5,24,5,16,2,2020,2025,0,12.05603027,,0,23760,1,2.5,10
5046,1,5,24,5,17,2,2025,2030,0,11.17854023,,0,23540,1,2.5,10
5047,1,5,24,5,18,2,2030,2035,0,10.36493015,,0,23320,1,2.5,10
5048,1,5,24,5,19,2,2035,2040,0,9.610536575,,0,23100,1,2.5,10
5049,1,5,24,5,20,2,2040,2045,0,8.911046982,,0,23100,1,2.5,10
5050,1,5,24,5,21,2,2045,,0,8.262469292,,0,23100,1,2.5,10
5051,1,5,24,7,6,2,2005,2009,0,10.80401134,,0,24200,1,2.5,10
5052,1,5,24,7,14,2,2009,2015,0,9.338764191,,0,24200,1,2.5,10
5053,1,5,24,7,15,2,2015,2020,0,8.636660576,,0,24200,1,2.5,10
5054,1,5,24,7,16,2,2020,2025,0,8.008055687,,0,24200,1,2.5,10
5055,1,5,24,7,17,2,2025,2030,0,7.425200939,,0,24200,1,2.5,10
5056,1,5,24,7,18,2,2030,2035,0,6.884768009,,0,24200,1,2.5,10
5057,1,5,24,7,19,2,2035,2040,0,6.383672237,,0,24200,1,2.5,10
5058,1,5,24,7,20,2,2040,2045,0,5.919044971,,0,24200,1,2.5,10
5059,1,5,24,7,21,2,2045,,0,5.488236904,,0,24200,1,2.5,10
5060,1,5,24,8,6,2,2005,2009,0,8.920819283,,0,24200,1,2.5,10
5061,1,5,24,8,14,2,2009,2015,0,7.711342335,,0,24200,1,2.5,10
5062,1,5,24,8,15,2,2015,2020,0,8.300699234,,0,23100,1,2.5,10
5063,1,5,24,8,16,2,2020,2025,0,7.696545124,,0,23100,1,2.5,10
5064,1,5,24,8,17,2,2025,2030,0,7.136363983,,0,23100,1,2.5,10
5065,1,5,24,8,18,2,2030,2035,0,6.61695385,,0,23100,1,2.5,10
5066,1,5,24,8,19,2,2035,2040,0,6.135348797,,0,23100,1,2.5,10
5067,1,5,24,8,20,2,2040,2045,0,5.688796997,,0,23100,1,2.5,10
5068,1,5,24,8,21,2,2045,,0,5.274745941,,0,23100,1,2.5,10
5069,1,5,24,10,6,2,2005,2009,0,46.29077911,,0,26400,1,2.5,10
5070,1,5,24,10,14,2,2009,2015,0,43.31727982,,0,25300,1,2.5,10
5071,1,5,24,10,15,2,2015,2020,0,39.55155182,,0,24200,1,2.5,10
5072,1,5,24,10,16,2,2020,2025,0,36.67285156,,0,23980,1,2.5,10
5073,1,5,24,10,17,2,2025,2030,0,34.00366974,,0,23760,1,2.5,10
5074,1,5,24,10,18,2,2030,2035,0,31.52877045,,0,23540,1,2.5,10
5075,1,5,24,10,19,2,2035,2040,0,29.23398972,,0,23320,1,2.5,10
5076,1,5,24,10,20,2,2040,2045,0,27.10623932,,0,23100,1,2.5,10
5077,1,5,24,10,21,2,2045,,0,25.13335991,,0,23100,1,2.5,10
5078,1,5,24,12,5,2,2001,2005,0,39.47364426,,2,44000,1,2.5,10
5079,1,5,24,12,6,2,2005,2009,0,34.80051422,,2,40000,1,2.5,10
5080,1,5,24,12,14,2,2009,2015,0,29.99501419,,2,35000,1,2.5,10
5081,1,5,24,12,15,2,2015,2020,0,27.39469719,,2,30000,1,2.5,10
5082,1,5,24,12,16,2,2020,2025,0,25.40081406,,2,26000,1,2.5,10
5083,1,5,24,12,17,2,2025,2030,0,23.55205536,,2,25000,1,2.5,10
5084,1,5,24,12,18,2,2030,2035,0,21.83785248,,2,24000,1,2.5,10
5085,1,5,24,12,19,2,2035,2040,0,20.24841499,,2,23000,1,2.5,10
5086,1,5,24,12,20,2,2040,2045,0,18.77466774,,2,22000,1,2.5,10
5087,1,5,24,12,21,2,2045,,0,17.40818405,,2,22000,1,2.5,10
5088,1,5,24,13,13,2,2020,2025,0,208.6799927,,2,40000,1,2.5,10
5089,1,5,24,13,13,2,2025,2030,0,179.1999969,,2,35000,1,2.5,10
5090,1,5,24,13,13,2,2030,2035,0,153.8899994,,2,30000,1,2.5,10
5091,1,5,24,13,13,2,2035,2040,0,132.1499939,,2,30000,1,2.5,10
5092,1,5,24,13,13,2,2040,2045,0,113.4800034,,2,30000,1,2.5,10
5093,1,5,24,13,13,2,2045,,0,97.44999695,,2,30000,1,2.5,10
5200,1,5,25,1,3,2,1994,1998,0,15.24677086,,0,21000,1,2.5,10
5201,1,5,25,1,4,2,1998,2001,0,14.52979565,,0,21000,1,2.5,10
5202,1,5,25,1,5,2,2001,2005,0,13.63618088,,0,21000,1,2.5,10
5203,1,5,25,1,6,2,2005,2009,0,12.40488911,,0,21000,1,2.5,10
5204,1,5,25,1,14,2,2009,2015,0,11.000741,,0,21000,1,2.5,10
5205,1,5,25,1,15,2,2015,2020,0,10.13729382,,0,21000,1,2.5,10
5206,1,5,25,1,16,2,2020,2025,0,9.411101341,,0,21000,1,2.5,10
5207,1,5,25,1,17,2,2025,2030,0,8.726130486,,0,21000,1,2.5,10
5208,1,5,25,1,18,2,2030,2035,0,8.091011047,,0,21000,1,2.5,10
5209,1,5,25,1,19,2,2035,2040,0,7.502118587,,0,21000,1,2.5,10
5210,1,5,25,1,20,2,2040,2045,0,6.956088543,,0,21000,1,2.5,10
5211,1,5,25,1,21,2,2045,,0,6.449798584,,0,21000,1,2.5,10
5212,1,5,25,2,3,2,1994,1998,0,13.35542393,,0,22000,1,2.5,10
5213,1,5,25,2,4,2,1998,2001,0,12.43340683,,0,22000,1,2.5,10
5214,1,5,25,2,5,2,2001,2005,0,11.38178062,,0,22000,1,2.5,10
5215,1,5,25,2,6,2,2005,2009,0,10.63611412,,0,22000,1,2.5,10
5216,1,5,25,2,14,2,2009,2015,0,9.331420898,,0,22000,1,2.5,10
5217,1,5,25,2,15,2,2015,2020,0,8.598994255,,0,22000,1,2.5,10
5218,1,5,25,2,16,2,2020,2025,0,7.983001709,,0,22000,1,2.5,10
5219,1,5,25,2,17,2,2025,2030,0,7.401970387,,0,22000,1,2.5,10
5220,1,5,25,2,18,2,2030,2035,0,6.863230228,,0,22000,1,2.5,10
5221,1,5,25,2,19,2,2035,2040,0,6.36370039,,0,22000,1,2.5,10
5222,1,5,25,2,20,2,2040,2045,0,5.900526524,,0,22000,1,2.5,10
5223,1,5,25,2,21,2,2045,,0,5.471065998,,0,22000,1,2.5,10
5224,1,5,25,2,6,2,2005,2009,1,7.364280224,,1,33000,1,2.5,10
5225,1,5,25,2,14,2,2009,2015,1,6.529520512,,1,28600,1,2.5,10
5226,1,5,25,2,15,2,2015,2020,1,6.019038677,,1,26400,1,2.5,10
5227,1,5,25,2,16,2,2020,2025,1,5.58810091,,1,24200,1,2.5,10
5228,1,5,25,2,17,2,2025,2030,1,5.181378841,,1,23000,1,2.5,10
5229,1,5,25,2,18,2,2030,2035,1,4.804260254,,1,23000,1,2.5,10
5230,1,5,25,2,19,2,2035,2040,1,4.454588413,,1,23000,1,2.5,10
5231,1,5,25,2,20,2,2040,2045,1,4.130368233,,1,23000,1,2.5,10
5232,1,5,25,2,21,2,2045,,1,3.829746008,,1,23000,1,2.5,10
5233,1,5,25,2,14,2,2009,2015,2,5.680723667,46.99000168,1,30000,1,2.5,10
5234,1,5,25,2,15,2,2015,2020,2,5.336026192,42.90999985,1,28600,1,2.5,10
5235,1,5,25,2,16,2,2020,2025,2,4.947651386,39.79000092,1,26400,1,2.5,10
5236,1,5,25,2,17,2,2025,2030,2,4.587543964,36.88999939,1,25300,1,2.5,10
5237,1,5,25,2,18,2,2030,2035,2,4.253645897,34.20999908,1,24000,1,2.5,10
5238,1,5,25,2,19,2,2035,2040,2,3.944051266,31.71999931,1,24000,1,2.5,10
5239,1,5,25,2,20,2,2040,2045,2,3.656989098,29.40999985,1,24000,1,2.5,10
5240,1,5,25,2,21,2,2045,,2,3.442539692,27.27000046,1,24000,1,2.5,10
5241,1,5,25,5,5,2,2001,2005,0,22.23512077,,0,24200,1,2.5,10
5242,1,5,25,5,6,2,2005,2009,0,15.22148991,,0,25300,1,2.5,10
5243,1,5,25,5,14,2,2009,2015,0,14.24034977,,0,24200,1,2.5,10
5244,1,5,25,5,15,2,2015,2020,0,13.00238037,,0,23980,1,2.5,10
5245,1,5,25,5,16,2,2020,2025,0,12.05603027,,0,23760,1,2.5,10
5246,1,5,25,5,17,2,2025,2030,0,11.17854023,,0,23540,1,2.5,10
5247,1,5,25,5,18,2,2030,2035,0,10.36493015,,0,23320,1,2.5,10
5248,1,5,25,5,19,2,2035,2040,0,9.610536575,,0,23100,1,2.5,10
5249,1,5,25,5,20,2,2040,2045,0,8.911046982,,0,23100,1,2.5,10
5250,1,5,25,5,21,2,2045,,0,8.262469292,,0,23100,1,2.5,10
5251,1,5,25,7,6,2,2005,2009,0,13.48543835,,0,24200,1,2.5,10
5252,1,5,25,7,14,2,2009,2015,0,12.02207756,,0,24200,1,2.5,10
5253,1,5,25,7,15,2,2015,2020,0,8.636660576,,0,24200,1,2.5,10
5254,1,5,25,7,16,2,2020,2025,0,8.008055687,,0,24200,1,2.5,10
5255,1,5,25,7,17,2,2025,2030,0,7.425200939,,0,24200,1,2.5,10
5256,1,5,25,7,18,2,2030,2035,0,6.884768009,,0,24200,1,2.5,10
5257,1,5,25,7,19,2,2035,2040,0,6.383672237,,0,24200,1,2.5,10
5258,1,5,25,7,20,2,2040,2045,0,5.919044971,,0,24200,1,2.5,10
5259,1,5,25,7,21,2,2045,,0,5.488236904,,0,24200,1,2.5,10
5260,1,5,25,8,6,2,2005,2009,0,12.43178749,,0,24200,1,2.5,10
5261,1,5,25,8,14,2,2009,2015,0,10.91832352,,0,24200,1,2.5,10
5262,1,5,25,8,15,2,2015,2020,0,8.300699234,,0,23100,1,2.5,10
5263,1,5,25,8,16,2,2020,2025,0,7.696545124,,0,23100,1,2.5,10
5264,1,5,25,8,17,2,2025,2030,0,7.136363983,,0,23100,1,2.5,10
5265,1,5,25,8,18,2,2030,2035,0,6.61695385,,0,23100,1,2.5,10
5266,1,5,25,8,19,2,2035,2040,0,6.135348797,,0,23100,1,2.5,10
5267,1,5,25,8,20,2,2040,2045,0,5.688796997,,0,23100,1,2.5,10
5268,1,5,25,8,21,2,2045,,0,5.274745941,,0,23100,1,2.5,10
5269,1,5,25,10,6,2,2005,2009,0,46.29077911,,0,26400,1,2.5,10
5270,1,5,25,10,14,2,2009,2015,0,43.31727982,,0,25300,1,2.5,10
5271,1,5,25,10,15,2,2015,2020,0,39.55155182,,0,24200,1,2.5,10
5272,1,5,25,10,16,2,2020,2025,0,36.67285156,,0,23980,1,2.5,10
5273,1,5,25,10,17,2,2025,2030,0,34.00366974,,0,23760,1,2.5,10
5274,1,5,25,10,18,2,2030,2035,0,31.52877045,,0,23540,1,2.5,10
5275,1,5,25,10,19,2,2035,2040,0,29.23398972,,0,23320,1,2.5,10
5276,1,5,25,10,20,2,2040,2045,0,27.10623932,,0,23100,1,2.5,10
5277,1,5,25,10,21,2,2045,,0,25.13335991,,0,23100,1,2.5,10
5278,1,5,25,12,5,2,2001,2005,0,56.35489273,,2,44000,1,2.5,10
5279,1,5,25,12,6,2,2005,2009,0,48.54265213,,2,40000,1,2.5,10
5280,1,5,25,12,14,2,2009,2015,0,42.46930313,,2,35000,1,2.5,10
5281,1,5,25,12,15,2,2015,2020,0,38.78756714,,2,30000,1,2.5,10
5282,1,5,25,12,16,2,2020,2025,0,35.96446991,,2,26000,1,2.5,10
5283,1,5,25,12,17,2,2025,2030,0,33.34685135,,2,25000,1,2.5,10
5284,1,5,25,12,18,2,2030,2035,0,30.91975212,,2,24000,1,2.5,10
5285,1,5,25,12,19,2,2035,2040,0,28.66929817,,2,23000,1,2.5,10
5286,1,5,25,12,20,2,2040,2045,0,26.58265114,,2,22000,1,2.5,10
5287,1,5,25,12,21,2,2045,,0,24.64787483,,2,22000,1,2.5,10
5288,1,5,25,13,13,2,2020,2025,0,208.6799927,,2,40000,1,2.5,10
5289,1,5,25,13,13,2,2025,2030,0,179.1999969,,2,35000,1,2.5,10
5290,1,5,25,13,13,2,2030,2035,0,153.8899994,,2,30000,1,2.5,10
5291,1,5,25,13,13,2,2035,2040,0,132.1499939,,2,30000,1,2.5,10
5292,1,5,25,13,13,2,2040,2045,0,113.4800034,,2,30000,1,2.5,10
5293,1,5,25,13,13,2,2045,,0,97.44999695,,2,30000,1,2.5,10
5400,1,5,26,1,3,2,1994,1998,0,16.36509705,,0,21000,1,2.5,10
5401,1,5,26,1,4,2,1998,2001,0,14.57097626,,0,21000,1,2.5,10
5402,1,5,26,1,5,2,2001,2005,0,13.76485634,,0,21000,1,2.5,10
5403,1,5,26,1,6,2,2005,2009,0,9.794207573,,0,21000,1,2.5,10
5404,1,5,26,1,14,2,2009,2015,0,9.056511879,,0,21000,1,2.5,10
5405,1,5,26,1,15,2,2015,2020,0,7.885363102,,0,21000,1,2.5,10
5406,1,5,26,1,16,2,2020,2025,0,7.311438084,,0,21000,1,2.5,10
5407,1,5,26,1,17,2,2025,2030,0,6.779285908,,0,21000,1,2.5,10
5408,1,5,26,1,18,2,2030,2035,0,6.285865784,,0,21000,1,2.5,10
5409,1,5,26,1,19,2,2035,2040,0,5.828359127,,0,21000,1,2.5,10
5410,1,5,26,1,20,2,2040,2045,0,5.404150009,,0,21000,1,2.5,10
5411,1,5,26,1,21,2,2045,,0,5.010818005,,0,21000,1,2.5,10
5412,1,5,26,2,3,2,1994,1998,0,12.95543289,,0,22000,1,2.5,10
5413,1,5,26,2,4,2,1998,2001,0,11.78345108,,0,22000,1,2.5,10
5414,1,5,26,2,5,2,2001,2005,0,11.24520874,,0,22000,1,2.5,10
5415,1,5,26,2,6,2,2005,2009,0,10.41983318,,0,22000,1,2.5,10
5416,1,5,26,2,14,2,2009,2015,0,9.293985367,,0,22000,1,2.5,10
5417,1,5,26,2,15,2,2015,2020,0,8.56449604,,0,22000,1,2.5,10
5418,1,5,26,2,16,2,2020,2025,0,7.950974464,,0,22000,1,2.5,10
5419,1,5,26,2,17,2,2025,2030,0,7.372274876,,0,22000,1,2.5,10
5420,1,5,26,2,18,2,2030,2035,0,6.835695744,,0,22000,1,2.5,10
5421,1,5,26,2,19,2,2035,2040,0,6.338170528,,0,22000,1,2.5,10
5422,1,5,26,2,20,2,2040,2045,0,5.876854897,,0,22000,1,2.5,10
5423,1,5,26,2,21,2,2045,,0,5.44911623,,0,22000,1,2.5,10
5424,1,5,26,2,6,2,2005,2009,1,7.21158886,,1,33000,1,2.5,10
5425,1,5,26,2,14,2,2009,2015,1,6.503325462,,1,28600,1,2.5,10
5426,1,5,26,2,15,2,2015,2020,1,5.99489069,,1,26400,1,2.5,10
5427,1,5,26,2,16,2,2020,2025,1,5.565682888,,1,24200,1,2.5,10
5428,1,5,26,2,17,2,2025,2030,1,5.160591602,,1,23000,1,2.5,10
5429,1,5,26,2,18,2,2030,2035,1,4.784985542,,1,23000,1,2.5,10
5430,1,5,26,2,19,2,2035,2040,1,4.436717987,,1,23000,1,2.5,10
5431,1,5,26,2,20,2,2040,2045,1,4.113797665,,1,23000,1,2.5,10
5432,1,5,26,2,21,2,2045,,1,3.814381599,,1,23000,1,2.5,10
5433,1,5,26,2,14,2,2009,2015,2,5.654416084,46.99000168,1,30000,1,2.5,10
5434,1,5,26,2,15,2,2015,2020,2,5.314619541,42.90999985,1,28600,1,2.5,10
5435,1,5,26,2,16,2,2020,2025,2,4.927801609,39.79000092,1,26400,1,2.5,10
5436,1,5,26,2,17,2,2025,2030,2,4.569139004,36.88999939,1,25300,1,2.5,10
5437,1,5,26,2,18,2,2030,2035,2,4.236581326,34.20999908,1,24000,1,2.5,10
5438,1,5,26,2,19,2,2035,2040,2,3.928227663,31.71999931,1,24000,1,2.5,10
5439,1,5,26,2,20,2,2040,2045,2,3.642317772,29.40999985,1,24000,1,2.5,10
5440,1,5,26,2,21,2,2045,,2,3.42872858,27.27000046,1,24000,1,2.5,10
5441,1,5,26,5,5,2,2001,2005,0,22.44493866,,0,24200,1,2.5,10
5442,1,5,26,5,6,2,2005,2009,0,15.22148991,,0,25300,1,2.5,10
5443,1,5,26,5,14,2,2009,2015,0,14.24034977,,0,24200,1,2.5,10
5444,1,5,26,5,15,2,2015,2020,0,13.00238037,,0,23980,1,2.5,10
5445,1,5,26,5,16,2,2020,2025,0,12.05603027,,0,23760,1,2.5,10
5446,1,5,26,5,17,2,2025,2030,0,11.17854023,,0,23540,1,2.5,10
5447,1,5,26,5,18,2,2030,2035,0,10.36493015,,0,23320,1,2.5,10
5448,1,5,26,5,19,2,2035,2040,0,9.610536575,,0,23100,1,2.5,10
5449,1,5,26,5,20,2,2040,2045,0,8.911046982,,0,23100,1,2.5,10
5450,1,5,26,5,21,2,2045,,0,8.262469292,,0,23100,1,2.5,10
5451,1,5,26,7,6,2,2005,2009,0,10.67754555,,0,24200,1,2.5,10
5452,1,5,26,7,14,2,2009,2015,0,9.903881073,,0,24200,1,2.5,10
5453,1,5,26,7,15,2,2015,2020,0,8.636660576,,0,24200,1,2.5,10
5454,1,5,26,7,16,2,2020,2025,0,8.008055687,,0,24200,1,2.5,10
5455,1,5,26,7,17,2,2025,2030,0,7.425200939,,0,24200,1,2.5,10
5456,1,5,26,7,18,2,2030,2035,0,6.884768009,,0,24200,1,2.5,10
5457,1,5,26,7,19,2,2035,2040,0,6.383672237,,0,24200,1,2.5,10
5458,1,5,26,7,20,2,2040,2045,0,5.919044971,,0,24200,1,2.5,10
5459,1,5,26,7,21,2,2045,,0,5.488236904,,0,24200,1,2.5,10
5460,1,5,26,8,6,2,2005,2009,0,12.17899609,,0,24200,1,2.5,10
5461,1,5,26,8,14,2,2009,2015,0,10.86776257,,0,24200,1,2.5,10
5462,1,5,26,8,15,2,2015,2020,0,8.300699234,,0,23100,1,2.5,10
5463,1,5,26,8,16,2,2020,2025,0,7.696545124,,0,23100,1,2.5,10
5464,1,5,26,8,17,2,2025,2030,0,7.136363983,,0,23100,1,2.5,10
5465,1,5,26,8,18,2,2030,2035,0,6.61695385,,0,23100,1,2.5,10
5466,1,5,26,8,19,2,2035,2040,0,6.135348797,,0,23100,1,2.5,10
5467,1,5,26,8,20,2,2040,2045,0,5.688796997,,0,23100,1,2.5,10
5468,1,5,26,8,21,2,2045,,0,5.274745941,,0,23100,1,2.5,10
5469,1,5,26,10,6,2,2005,2009,0,46.29077911,,0,26400,1,2.5,10
5470,1,5,26,10,14,2,2009,2015,0,43.31727982,,0,25300,1,2.5,10
5471,1,5,26,10,15,2,2015,2020,0,39.55155182,,0,24200,1,2.5,10
5472,1,5,26,10,16,2,2020,2025,0,36.67285156,,0,23980,1,2.5,10
5473,1,5,26,10,17,2,2025,2030,0,34.00366974,,0,23760,1,2.5,10
5474,1,5,26,10,18,2,2030,2035,0,31.52877045,,0,23540,1,2.5,10
5475,1,5,26,10,19,2,2035,2040,0,29.23398972,,0,23320,1,2.5,10
5476,1,5,26,10,20,2,2040,2045,0,27.10623932,,0,23100,1,2.5,10
5477,1,5,26,10,21,2,2045,,0,25.13335991,,0,23100,1,2.5,10
5478,1,5,26,12,5,2,2001,2005,0,56.15459824,,2,44000,1,2.5,10
5479,1,5,26,12,6,2,2005,2009,0,47.5555687,,2,40000,1,2.5,10
5480,1,5,26,12,14,2,2009,2015,0,42.29892349,,2,35000,1,2.5,10
5481,1,5,26,12,15,2,2015,2020,0,38.63195801,,2,30000,1,2.5,10
5482,1,5,26,12,16,2,2020,2025,0,35.8201828,,2,26000,1,2.5,10
5483,1,5,26,12,17,2,2025,2030,0,33.21306992,,2,25000,1,2.5,10
5484,1,5,26,12,18,2,2030,2035,0,30.79570389,,2,24000,1,2.5,10
5485,1,5,26,12,19,2,2035,2040,0,28.55428123,,2,23000,1,2.5,10
5486,1,5,26,12,20,2,2040,2045,0,26.47600555,,2,22000,1,2.5,10
5487,1,5,26,12,21,2,2045,,0,24.54899216,,2,22000,1,2.5,10
5488,1,5,26,13,13,2,2020,2025,0,208.6799927,,2,40000,1,2.5,10
5489,1,5,26,13,13,2,2025,2030,0,179.1999969,,2,35000,1,2.5,10
5490,1,5,26,13,13,2,2030,2035,0,153.8899994,,2,30000,1,2.5,10
5491,1,5,26,13,13,2,2035,2040,0,132.1499939,,2,30000,1,2.5,10
5492,1,5,26,13,13,2,2040,2045,0,113.4800034,,2,30000,1,2.5,10
5493,1,5,26,13,13,2,2045,,0,97.44999695,,2,30000,1,2.5,10
5600,1,5,27,1,3,2,1994,1998,0,16.0280571,,0,21000,1,2.5,10
5601,1,5,27,1,4,2,1998,2001,0,13.88569164,,0,21000,1,2.5,10
5602,1,5,27,1,5,2,2001,2005,0,12.58121777,,0,21000,1,2.5,10
5603,1,5,27,1,6,2,2005,2009,0,12.19895363,,0,21000,1,2.5,10
5604,1,5,27,1,14,2,2009,2015,0,12.22438717,,0,21000,1,2.5,10
5605,1,5,27,1,15,2,2015,2020,0,7.885363102,,0,21000,1,2.5,10
5606,1,5,27,1,16,2,2020,2025,0,7.311438084,,0,21000,1,2.5,10
5607,1,5,27,1,17,2,2025,2030,0,6.779285908,,0,21000,1,2.5,10
5608,1,5,27,1,18,2,2030,2035,0,6.285865784,,0,21000,1,2.5,10
5609,1,5,27,1,19,2,2035,2040,0,5.828359127,,0,21000,1,2.5,10
5610,1,5,27,1,20,2,2040,2045,0,5.404150009,,0,21000,1,2.5,10
5611,1,5,27,1,21,2,2045,,0,5.010818005,,0,21000,1,2.5,10
5612,1,5,27,2,3,2,1994,1998,0,13.18121433,,0,22000,1,2.5,10
5613,1,5,27,2,4,2,1998,2001,0,12.34515381,,0,22000,1,2.5,10
5614,1,5,27,2,5,2,2001,2005,0,11.21236324,,0,22000,1,2.5,10
5615,1,5,27,2,6,2,2005,2009,0,10.42935848,,0,22000,1,2.5,10
5616,1,5,27,2,14,2,2009,2015,0,9.258950233,,0,22000,1,2.5,10
5617,1,5,27,2,15,2,2015,2020,0,8.532209396,,0,22000,1,2.5,10
5618,1,5,27,2,16,2,2020,2025,0,7.921000004,,0,22000,1,2.5,10
5619,1,5,27,2,17,2,2025,2030,0,7.344482422,,0,22000,1,2.5,10
5620,1,5,27,2,18,2,2030,2035,0,6.80992651,,0,22000,1,2.5,10
5621,1,5,27,2,19,2,2035,2040,0,6.314276218,,0,22000,1,2.5,10
5622,1,5,27,2,20,2,2040,2045,0,5.854699612,,0,22000,1,2.5,10
5623,1,5,27,2,21,2,2045,,0,5.428574085,,0,22000,1,2.5,10
5624,1,5,27,2,6,2,2005,2009,1,7.115995407,,1,33000,1,2.5,10
5625,1,5,27,2,14,2,2009,2015,1,6.47880888,,1,28600,1,2.5,10
5626,1,5,27,2,15,2,2015,2020,1,5.972290993,,1,26400,1,2.5,10
5627,1,5,27,2,16,2,2020,2025,1,5.544700146,,1,24200,1,2.5,10
5628,1,5,27,2,17,2,2025,2030,1,5.141137123,,1,23000,1,2.5,10
5629,1,5,27,2,18,2,2030,2035,1,4.766947746,,1,23000,1,2.5,10
5630,1,5,27,2,19,2,2035,2040,1,4.41999197,,1,23000,1,2.5,10
5631,1,5,27,2,20,2,2040,2045,1,4.09828949,,1,23000,1,2.5,10
5632,1,5,27,2,21,2,2045,,1,3.800001383,,1,23000,1,2.5,10
5633,1,5,27,2,14,2,2009,2015,2,5.633100033,46.99000168,1,30000,1,2.5,10
5634,1,5,27,2,15,2,2015,2020,2,5.294583321,42.90999985,1,28600,1,2.5,10
5635,1,5,27,2,16,2,2020,2025,2,4.90922451,39.79000092,1,26400,1,2.5,10
5636,1,5,27,2,17,2,2025,2030,2,4.551914692,36.88999939,1,25300,1,2.5,10
5637,1,5,27,2,18,2,2030,2035,2,4.220609665,34.20999908,1,24000,1,2.5,10
5638,1,5,27,2,19,2,2035,2040,2,3.91341877,31.71999931,1,24000,1,2.5,10
5639,1,5,27,2,20,2,2040,2045,2,3.628586292,29.40999985,1,24000,1,2.5,10
5640,1,5,27,2,21,2,2045,,2,3.415803432,27.27000046,1,24000,1,2.5,10
5641,1,5,27,5,5,2,2001,2005,0,20.50953102,,0,24200,1,2.5,10
5642,1,5,27,5,6,2,2005,2009,0,15.22148991,,0,25300,1,2.5,10
5643,1,5,27,5,14,2,2009,2015,0,14.24034977,,0,24200,1,2.5,10
5644,1,5,27,5,15,2,2015,2020,0,13.00238037,,0,23980,1,2.5,10
5645,1,5,27,5,16,2,2020,2025,0,12.05603027,,0,23760,1,2.5,10
5646,1,5,27,5,17,2,2025,2030,0,11.17854023,,0,23540,1,2.5,10
5647,1,5,27,5,18,2,2030,2035,0,10.36493015,,0,23320,1,2.5,10
5648,1,5,27,5,19,2,2035,2040,0,9.610536575,,0,23100,1,2.5,10
5649,1,5,27,5,20,2,2040,2045,0,8.911046982,,0,23100,1,2.5,10
5650,1,5,27,5,21,2,2045,,0,8.262469292,,0,23100,1,2.5,10
5651,1,5,27,7,6,2,2005,2009,0,13.25485706,,0,24200,1,2.5,10
5652,1,5,27,7,14,2,2009,2015,0,13.36816025,,0,24200,1,2.5,10
5653,1,5,27,7,15,2,2015,2020,0,8.636660576,,0,24200,1,2.5,10
5654,1,5,27,7,16,2,2020,2025,0,8.008055687,,0,24200,1,2.5,10
5655,1,5,27,7,17,2,2025,2030,0,7.425200939,,0,24200,1,2.5,10
5656,1,5,27,7,18,2,2030,2035,0,6.884768009,,0,24200,1,2.5,10
5657,1,5,27,7,19,2,2035,2040,0,6.383672237,,0,24200,1,2.5,10
5658,1,5,27,7,20,2,2040,2045,0,5.919044971,,0,24200,1,2.5,10
5659,1,5,27,7,21,2,2045,,0,5.488236904,,0,24200,1,2.5,10
5660,1,5,27,8,6,2,2005,2009,0,12.18478203,,0,24200,1,2.5,10
5661,1,5,27,8,14,2,2009,2015,0,10.82679176,,0,24200,1,2.5,10
5662,1,5,27,8,15,2,2015,2020,0,8.300699234,,0,23100,1,2.5,10
5663,1,5,27,8,16,2,2020,2025,0,7.696545124,,0,23100,1,2.5,10
5664,1,5,27,8,17,2,2025,2030,0,7.136363983,,0,23100,1,2.5,10
5665,1,5,27,8,18,2,2030,2035,0,6.61695385,,0,23100,1,2.5,10
5666,1,5,27,8,19,2,2035,2040,0,6.135348797,,0,23100,1,2.5,10
5667,1,5,27,8,20,2,2040,2045,0,5.688796997,,0,23100,1,2.5,10
5668,1,5,27,8,21,2,2045,,0,5.274745941,,0,23100,1,2.5,10
5669,1,5,27,10,6,2,2005,2009,0,46.29077911,,0,26400,1,2.5,10
5670,1,5,27,10,14,2,2009,2015,0,43.31727982,,0,25300,1,2.5,10
5671,1,5,27,10,15,2,2015,2020,0,39.55155182,,0,24200,1,2.5,10
5672,1,5,27,10,16,2,2020,2025,0,36.67285156,,0,23980,1,2.5,10
5673,1,5,27,10,17,2,2025,2030,0,34.00366974,,0,23760,1,2.5,10
5674,1,5,27,10,18,2,2030,2035,0,31.52877045,,0,23540,1,2.5,10
5675,1,5,27,10,19,2,2035,2040,0,29.23398972,,0,23320,1,2.5,10
5676,1,5,27,10,20,2,2040,2045,0,27.10623932,,0,23100,1,2.5,10
5677,1,5,27,10,21,2,2045,,0,25.13335991,,0,23100,1,2.5,10
5678,1,5,27,12,5,2,2001,2005,0,56.15459824,,2,44000,1,2.5,10
5679,1,5,27,12,6,2,2005,2009,0,47.62864304,,2,40000,1,2.5,10
5680,1,5,27,12,14,2,2009,2015,0,42.1394577,,2,35000,1,2.5,10
5681,1,5,27,12,15,2,2015,2020,0,38.4863205,,2,30000,1,2.5,10
5682,1,5,27,12,16,2,2020,2025,0,35.68514633,,2,26000,1,2.5,10
5683,1,5,27,12,17,2,2025,2030,0,33.08786392,,2,25000,1,2.5,10
5684,1,5,27,12,18,2,2030,2035,0,30.6796093,,2,24000,1,2.5,10
5685,1,5,27,12,19,2,2035,2040,0,28.44663811,,2,23000,1,2.5,10
5686,1,5,27,12,20,2,2040,2045,0,26.37619591,,2,22000,1,2.5,10
5687,1,5,27,12,21,2,2045,,0,24.4564476,,2,22000,1,2.5,10
5688,1,5,27,13,13,2,2020,2025,0,208.6799927,,2,40000,1,2.5,10
5689,1,5,27,13,13,2,2025,2030,0,179.1999969,,2,35000,1,2.5,10
5690,1,5,27,13,13,2,2030,2035,0,153.8899994,,2,30000,1,2.5,10
5691,1,5,27,13,13,2,2035,2040,0,132.1499939,,2,30000,1,2.5,10
5692,1,5,27,13,13,2,2040,2045,0,113.4800034,,2,30000,1,2.5,10
5693,1,5,27,13,13,2,2045,,0,97.44999695,,2,30000,1,2.5,10
5800,1,5,28,1,3,2,1994,1998,0,16.37342072,,0,21000,1,2.5,10
5801,1,5,28,1,4,2,1998,2001,0,15.65394115,,0,21000,1,2.5,10
5802,1,5,28,1,5,2,2001,2005,0,14.09525871,,0,21000,1,2.5,10
5803,1,5,28,1,6,2,2005,2009,0,12.07555676,,0,21000,1,2.5,10
5804,1,5,28,1,14,2,2009,2015,0,9.426195145,,0,21000,1,2.5,10
5805,1,5,28,1,15,2,2015,2020,0,8.685958862,,0,21000,1,2.5,10
5806,1,5,28,1,16,2,2020,2025,0,8.064080238,,0,21000,1,2.5,10
5807,1,5,28,1,17,2,2025,2030,0,7.477148056,,0,21000,1,2.5,10
5808,1,5,28,1,18,2,2030,2035,0,6.932935238,,0,21000,1,2.5,10
5809,1,5,28,1,19,2,2035,2040,0,6.428332329,,0,21000,1,2.5,10
5810,1,5,28,1,20,2,2040,2045,0,5.960456371,,0,21000,1,2.5,10
5811,1,5,28,1,21,2,2045,,0,5.526632786,,0,21000,1,2.5,10
5812,1,5,28,2,3,2,1994,1998,0,13.18547153,,0,22000,1,2.5,10
5813,1,5,28,2,4,2,1998,2001,0,12.21068192,,0,22000,1,2.5,10
5814,1,5,28,2,5,2,2001,2005,0,11.10755253,,0,22000,1,2.5,10
5815,1,5,28,2,6,2,2005,2009,0,10.44839001,,0,22000,1,2.5,10
5816,1,5,28,2,14,2,2009,2015,0,9.201892853,,0,22000,1,2.5,10
5817,1,5,28,2,15,2,2015,2020,0,8.479631424,,0,22000,1,2.5,10
5818,1,5,28,2,16,2,2020,2025,0,7.872188568,,0,22000,1,2.5,10
5819,1,5,28,2,17,2,2025,2030,0,7.299223423,,0,22000,1,2.5,10
5820,1,5,28,2,18,2,2030,2035,0,6.767961502,,0,22000,1,2.5,10
5821,1,5,28,2,19,2,2035,2040,0,6.275365829,,0,22000,1,2.5,10
5822,1,5,28,2,20,2,2040,2045,0,5.818621635,,0,22000,1,2.5,10
5823,1,5,28,2,21,2,2045,,0,5.395121574,,0,22000,1,2.5,10
5824,1,5,28,2,6,2,2005,2009,1,7.266953945,,1,33000,1,2.5,10
5825,1,5,28,2,14,2,2009,2015,1,6.438885212,,1,28600,1,2.5,10
5826,1,5,28,2,15,2,2015,2020,1,5.935488224,,1,26400,1,2.5,10
5827,1,5,28,2,16,2,2020,2025,1,5.510532856,,1,24200,1,2.5,10
5828,1,5,28,2,17,2,2025,2030,1,5.109456062,,1,23000,1,2.5,10
5829,1,5,28,2,18,2,2030,2035,1,4.737572193,,1,23000,1,2.5,10
5830,1,5,28,2,19,2,2035,2040,1,4.392755032,,1,23000,1,2.5,10
5831,1,5,28,2,20,2,2040,2045,1,4.073034763,,1,23000,1,2.5,10
5832,1,5,28,2,21,2,2045,,1,3.776584625,,1,23000,1,2.5,10
5833,1,5,28,2,14,2,2009,2015,2,5.601869583,46.99000168,1,30000,1,2.5,10
5834,1,5,28,2,15,2,2015,2020,2,5.261957169,42.90999985,1,28600,1,2.5,10
5835,1,5,28,2,16,2,2020,2025,2,4.878972054,39.79000092,1,26400,1,2.5,10
5836,1,5,28,2,17,2,2025,2030,2,4.523863792,36.88999939,1,25300,1,2.5,10
5837,1,5,28,2,18,2,2030,2035,2,4.194601536,34.20999908,1,24000,1,2.5,10
5838,1,5,28,2,19,2,2035,2040,2,3.889303446,31.71999931,1,24000,1,2.5,10
5839,1,5,28,2,20,2,2040,2045,2,3.606225729,29.40999985,1,24000,1,2.5,10
5840,1,5,28,2,21,2,2045,,2,3.394754171,27.27000046,1,24000,1,2.5,10
5841,1,5,28,5,5,2,2001,2005,0,22.98368645,,0,24200,1,2.5,10
5842,1,5,28,5,6,2,2005,2009,0,15.22148991,,0,25300,1,2.5,10
5843,1,5,28,5,14,2,2009,2015,0,14.24034977,,0,24200,1,2.5,10
5844,1,5,28,5,15,2,2015,2020,0,13.00238037,,0,23980,1,2.5,10
5845,1,5,28,5,16,2,2020,2025,0,12.05603027,,0,23760,1,2.5,10
5846,1,5,28,5,17,2,2025,2030,0,11.17854023,,0,23540,1,2.5,10
5847,1,5,28,5,18,2,2030,2035,0,10.36493015,,0,23320,1,2.5,10
5848,1,5,28,5,19,2,2035,2040,0,9.610536575,,0,23100,1,2.5,10
5849,1,5,28,5,20,2,2040,2045,0,8.911046982,,0,23100,1,2.5,10
5850,1,5,28,5,21,2,2045,,0,8.262469292,,0,23100,1,2.5,10
5851,1,5,28,7,6,2,2005,2009,0,13.10654545,,0,24200,1,2.5,10
5852,1,5,28,7,14,2,2009,2015,0,10.30134487,,0,24200,1,2.5,10
5853,1,5,28,7,15,2,2015,2020,0,8.636660576,,0,24200,1,2.5,10
5854,1,5,28,7,16,2,2020,2025,0,8.008055687,,0,24200,1,2.5,10
5855,1,5,28,7,17,2,2025,2030,0,7.425200939,,0,24200,1,2.5,10
5856,1,5,28,7,18,2,2030,2035,0,6.884768009,,0,24200,1,2.5,10
5857,1,5,28,7,19,2,2035,2040,0,6.383672237,,0,24200,1,2.5,10
5858,1,5,28,7,20,2,2040,2045,0,5.919044971,,0,24200,1,2.5,10
5859,1,5,28,7,21,2,2045,,0,5.488236904,,0,24200,1,2.5,10
5860,1,5,28,8,6,2,2005,2009,0,12.21237564,,0,24200,1,2.5,10
5861,1,5,28,8,14,2,2009,2015,0,10.76676941,,0,24200,1,2.5,10
5862,1,5,28,8,15,2,2015,2020,0,8.300699234,,0,23100,1,2.5,10
5863,1,5,28,8,16,2,2020,2025,0,7.696545124,,0,23100,1,2.5,10
5864,1,5,28,8,17,2,2025,2030,0,7.136363983,,0,23100,1,2.5,10
5865,1,5,28,8,18,2,2030,2035,0,6.61695385,,0,23100,1,2.5,10
5866,1,5,28,8,19,2,2035,2040,0,6.135348797,,0,23100,1,2.5,10
5867,1,5,28,8,20,2,2040,2045,0,5.688796997,,0,23100,1,2.5,10
5868,1,5,28,8,21,2,2045,,0,5.274745941,,0,23100,1,2.5,10
5869,1,5,28,10,6,2,2005,2009,0,46.29077911,,0,26400,1,2.5,10
5870,1,5,28,10,14,2,2009,2015,0,43.31727982,,0,25300,1,2.5,10
5871,1,5,28,10,15,2,2015,2020,0,39.55155182,,0,24200,1,2.5,10
5872,1,5,28,10,16,2,2020,2025,0,36.67285156,,0,23980,1,2.5,10
5873,1,5,28,10,17,2,2025,2030,0,34.00366974,,0,23760,1,2.5,10
5874,1,5,28,10,18,2,2030,2035,0,31.52877045,,0,23540,1,2.5,10
5875,1,5,28,10,19,2,2035,2040,0,29.23398972,,0,23320,1,2.5,10
5876,1,5,28,10,20,2,2040,2045,0,27.10623932,,0,23100,1,2.5,10
5877,1,5,28,10,21,2,2045,,0,25.13335991,,0,23100,1,2.5,10
5878,1,5,28,12,5,2,2001,2005,0,56.15459824,,2,44000,1,2.5,10
5879,1,5,28,12,6,2,2005,2009,0,47.68590164,,2,40000,1,2.5,10
5880,1,5,28,12,14,2,2009,2015,0,41.87978363,,2,35000,1,2.5,10
5881,1,5,28,12,15,2,2015,2020,0,38.24915695,,2,30000,1,2.5,10
5882,1,5,28,12,16,2,2020,2025,0,35.46524429,,2,26000,1,2.5,10
5883,1,5,28,12,17,2,2025,2030,0,32.88396835,,2,25000,1,2.5,10
5884,1,5,28,12,18,2,2030,2035,0,30.4905529,,2,24000,1,2.5,10
5885,1,5,28,12,19,2,2035,2040,0,28.27133942,,2,23000,1,2.5,10
5886,1,5,28,12,20,2,2040,2045,0,26.21365929,,2,22000,1,2.5,10
5887,1,5,28,12,21,2,2045,,0,24.30573845,,2,22000,1,2.5,10
5888,1,5,28,13,13,2,2020,2025,0,208.6799927,,2,40000,1,2.5,10
5889,1,5,28,13,13,2,2025,2030,0,179.1999969,,2,35000,1,2.5,10
5890,1,5,28,13,13,2,2030,2035,0,153.8899994,,2,30000,1,2.5,10
5891,1,5,28,13,13,2,2035,2040,0,132.1499939,,2,30000,1,2.5,10
5892,1,5,28,13,13,2,2040,2045,0,113.4800034,,2,30000,1,2.5,10
5893,1,5,28,13,13,2,2045,,0,97.44999695,,2,30000,1,2.5,10
