GEO_CODE,Pop
S01000001,864
S01000013,898
S01000024,512
S01000005,663
S01000008,584
S01000006,626
S01000007,857
S01000023,805
S01000011,918
S01000019,588
S01000016,564
S01000022,729
S01000056,1049
S01000025,874
S01000029,742
S01000034,1012
S01000031,866
S01000020,877
S01000027,815
S01000039,942
S01000036,744
S01000035,1009
S01000043,837
S01000042,790
S01000044,951
S01000050,618
S01000058,710
S01000063,983
S01000062,991
S01000080,927
S01000085,612
S01000046,768
S01000045,581
S01000049,764
S01000048,925
S01000054,777
S01000061,963
S01000051,788
S01000087,820
S01000067,897
S01000073,619
S01000072,832
S01000096,706
S01000076,770
S01000099,762
S01000089,1003
S01000105,885
S01000114,876
S01000110,820
S01000118,704
S01000115,873
S01000122,764
S01000131,659
S01000113,545
S01000117,1056
S01000127,798
S01000121,796
S01000141,945
S01000112,970
S01000124,985
S01000132,784
S01000119,786
S01000116,901
S01000120,574
S01000111,762
S01000101,885
S01000097,1034
S01000104,863
S01000106,706
S01000077,917
S01000083,757
S01000090,800
S01000091,994
S01000092,851
S01000095,703
S01000081,924
S01000100,760
S01000094,575
S01000103,603
S01000102,747
S01000109,895
S01000098,1022
S01000107,889
S01000093,558
S01000079,952
S01000075,547
S01000088,639
S01000086,745
S01000059,806
S01000047,759
S01000053,1065
S01000065,953
S01000068,862
S01000026,930
S01000038,861
S01000033,796
S01000041,838
S01000040,970
S01000012,874
S01000032,1089
S01000030,500
S01000028,969
S01000021,862
S01000004,641
S01000002,687
S01000003,838
S01000009,710
S01000010,568
S01000014,919
S01000017,937
S01000018,577
S01000015,655
S01000037,800
S01000074,763
S01000066,800
S01000064,648
S01000069,684
S01000084,748
S01000078,817
S01000055,754
S01000052,677
S01000082,954
S01000071,740
S01000057,700
S01000060,577
S01000070,646
S01000108,707
S01000130,865
S01000126,867
S01000147,735
S01000138,822
S01000144,547
S01000153,594
S01000135,721
S01000129,549
S01000125,934
S01000128,1538
S01000146,1078
S01000161,959
S01000149,1011
S01000152,1083
S01000165,861
S01000137,786
S01000175,528
S01000156,970
S01000183,1000
S01000170,1035
S01000166,1147
S01000179,757
S01000185,787
S01000176,744
S01000188,1079
S01000164,545
S01000220,1399
S01000205,960
S01000192,767
S01000207,883
S01000203,579
S01000211,713
S01000195,697
S01000217,698
S01000216,619
S01000219,698
S01000221,897
S01000199,716
S01000194,745
S01000210,578
S01000213,672
S01000201,654
S01000200,846
S01000186,957
S01000191,1057
S01000177,554
S01000184,793
S01000202,888
S01000151,907
S01000169,761
S01000173,811
S01000157,749
S01000158,933
S01000172,501
S01000162,886
S01000134,762
S01000139,817
S01000160,813
S01000136,706
S01000148,694
S01000155,784
S01000150,636
S01000142,772
S01000133,737
S01000140,943
S01000145,905
S01000163,1022
S01000154,557
S01000167,712
S01000189,624
S01000181,654
S01000168,956
S01000187,713
S01000182,873
S01000190,887
S01000197,610
S01000193,802
S01000178,760
S01000180,693
S01000196,924
S01000209,987
S01000208,857
S01000212,788
S01000198,746
S01000206,714
S01000204,622
S01000215,736
S01000237,916
S01000224,768
S01000174,873
S01000159,1014
S01000143,633
S01000171,892
S01000123,648
S01000228,660
S01000223,525
S01000222,758
S01000218,718
S01000214,507
S01000244,1045
S01000256,919
S01000229,795
S01000257,826
S01000266,984
S01000264,1033
S01000267,691
S01000265,778
S01000262,946
S01000261,1007
S01000227,646
S01000235,888
S01000231,764
S01000238,516
S01000234,762
S01000260,890
S01000263,845
S01000252,867
S01000255,632
S01000258,666
S01000246,750
S01000241,746
S01000245,953
S01000247,767
S01000251,501
S01000248,868
S01000250,805
S01000253,745
S01000230,678
S01000233,567
S01000243,739
S01000240,721
S01000232,669
S01000225,595
S01000239,733
S01000242,690
S01000236,680
S01000226,618
S01000259,614
S01000254,808
S01000249,738
S01000312,646
S01000303,617
S01000316,800
S01000360,514
S01000301,579
S01000331,621
S01000309,770
S01000332,687
S01000334,894
S01000344,894
S01000302,566
S01000299,953
S01000279,613
S01000281,679
S01000275,982
S01000272,940
S01000270,964
S01000273,524
S01000269,649
S01000268,779
S01000271,906
S01000283,881
S01000282,663
S01000274,594
S01000280,620
S01000276,740
S01000278,537
S01000277,674
S01000285,672
S01000284,819
S01000308,991
S01000324,870
S01000300,774
S01000298,528
S01000287,724
S01000290,775
S01000288,897
S01000291,831
S01000289,849
S01000286,880
S01000297,814
S01000295,607
S01000292,980
S01000296,532
S01000293,765
S01000294,699
S01000305,1040
S01000304,909
S01000307,991
S01000327,898
S01000320,722
S01000310,899
S01000314,572
S01000319,723
S01000336,852
S01000333,841
S01000329,603
S01000328,601
S01000326,763
S01000321,581
S01000335,652
S01000306,746
S01000340,971
S01000361,614
S01000356,611
S01000322,1083
S01000330,733
S01000317,551
S01000325,618
S01000313,709
S01000311,947
S01000318,577
S01000315,661
S01000323,888
S01000338,508
S01000339,1094
S01000343,644
S01000337,690
S01000342,520
S01000341,748
S01000364,900
S01000384,731
S01000363,960
S01000371,931
S01000368,797
S01000374,734
S01000382,755
S01000377,721
S01000395,710
S01000376,899
S01000373,588
S01000372,983
S01000375,646
S01000378,581
S01000397,1024
S01000406,629
S01000403,797
S01000404,756
S01000402,709
S01000408,513
S01000409,666
S01000407,658
S01000394,688
S01000390,727
S01000398,749
S01000391,636
S01000393,857
S01000396,940
S01000399,577
S01000400,705
S01000410,664
S01000426,797
S01000421,601
S01000367,753
S01000386,766
S01000366,761
S01000381,944
S01000362,920
S01000365,677
S01000359,856
S01000354,648
S01000358,1030
S01000347,478
S01000357,682
S01000352,798
S01000346,683
S01000348,816
S01000349,592
S01000355,707
S01000351,1023
S01000345,646
S01000350,1002
S01000353,663
S01000392,723
S01000383,714
S01000389,667
S01000387,853
S01000379,574
S01000369,975
S01000380,748
S01000388,775
S01000370,796
S01000385,574
S01000432,973
S01000439,700
S01000431,693
S01000444,573
S01000438,698
S01000429,782
S01000428,777
S01000427,785
S01000430,570
S01000437,1024
S01000434,680
S01000436,695
S01000435,555
S01000433,522
S01000405,578
S01000413,786
S01000414,721
S01000446,946
S01000451,790
S01000425,781
S01000442,871
S01000412,787
S01000416,670
S01000424,727
S01000411,631
S01000417,1005
S01000420,998
S01000419,672
S01000423,904
S01000454,493
S01000443,581
S01000452,561
S01000468,520
S01000448,622
S01000447,539
S01000440,868
S01000415,615
S01000453,547
S01000466,799
S01000422,725
S01000456,718
S01000418,723
S01000401,824
S01000441,871
S01000464,741
S01000462,1035
S01000459,1037
S01000457,872
S01000461,863
S01000460,769
S01000514,516
S01000509,1058
S01000506,654
S01000474,648
S01000507,1087
S01000512,892
S01000510,658
S01000504,759
S01000536,519
S01000525,987
S01000555,904
S01000551,830
S01000548,1012
S01000528,843
S01000520,1010
S01000513,862
S01000539,1028
S01000538,789
S01000541,552
S01000534,813
S01000532,809
S01000535,985
S01000545,717
S01000546,670
S01000542,672
S01000540,784
S01000517,651
S01000526,966
S01000544,733
S01000529,723
S01000531,523
S01000522,612
S01000508,877
S01000521,927
S01000493,588
S01000502,540
S01000497,630
S01000503,533
S01000511,556
S01000515,569
S01000476,581
S01000518,879
S01000519,476
S01000498,548
S01000501,621
S01000499,803
S01000500,675
S01000458,853
S01000465,629
S01000480,665
S01000445,971
S01000455,870
S01000450,645
S01000449,784
S01000463,816
S01000467,626
S01000469,689
S01000481,784
S01000470,1263
S01000473,745
S01000475,887
S01000472,836
S01000477,777
S01000479,967
S01000483,970
S01000487,590
S01000478,869
S01000492,954
S01000494,566
S01000489,904
S01000484,806
S01000486,848
S01000482,837
S01000491,593
S01000496,587
S01000490,541
S01000488,703
S01000485,1080
S01000495,935
S01000471,603
S01000516,654
S01000505,757
S01000523,793
S01000524,647
S01000543,814
S01000530,477
S01000547,544
S01000533,760
S01000527,587
S01000537,559
S01000567,769
S01000565,709
S01000568,542
S01000552,554
S01000558,564
S01000561,1034
S01000553,948
S01000549,1136
S01000550,557
S01000554,791
S01000556,880
S01000560,1044
S01000562,964
S01000563,640
S01000559,707
S01000557,880
S01000566,840
S01000564,915
S01000580,681
S01005103,999
S01000599,830
S01000591,646
S01000581,707
S01001221,652
S01000601,1072
S01000602,679
S01000598,519
S01000600,742
S01000603,822
S01000594,655
S01000593,571
S01000582,728
S01000586,775
S01000570,939
S01000569,742
S01000572,800
S01000573,600
S01000576,654
S01000574,814
S01000579,807
S01000577,595
S01000578,706
S01000571,780
S01000575,661
S01000583,758
S01000584,781
S01000587,756
S01000585,945
S01000592,924
S01000588,627
S01000590,773
S01000589,645
S01000596,945
S01000597,1065
S01000595,839
S01000637,595
S01000616,1220
S01000638,503
S01000633,632
S01000629,662
S01000617,634
S01000619,714
S01000611,624
S01000609,1009
S01000604,1051
S01000607,784
S01000605,871
S01000613,1004
S01000621,1009
S01000612,995
S01000606,820
S01000608,972
S01000610,773
S01000615,764
S01000618,827
S01000624,604
S01000631,637
S01000623,780
S01000625,680
S01000628,559
S01000622,547
S01000620,916
S01000626,822
S01000634,822
S01000627,931
S01000630,732
S01000635,678
S01000645,898
S01000674,984
S01000678,993
S01000681,802
S01000682,644
S01000679,750
S01000680,778
S01000683,525
S01000685,843
S01000684,687
S01000686,760
S01000688,792
S01000687,789
S01000690,787
S01000691,772
S01000700,879
S01000694,724
S01000697,492
S01000705,1146
S01000707,537
S01000706,823
S01000642,807
S01000664,774
S01000689,611
S01000677,822
S01000701,920
S01000692,753
S01000693,926
S01000695,745
S01000699,658
S01000696,731
S01000698,642
S01000702,522
S01000703,741
S01000632,589
S01000641,785
S01000643,609
S01000644,680
S01000640,635
S01000665,675
S01000662,530
S01000663,702
S01000639,606
S01000660,974
S01000661,765
S01000659,1066
S01000657,760
S01000655,797
S01000656,790
S01000658,578
S01000651,806
S01000653,962
S01000648,910
S01000646,826
S01000650,737
S01000647,877
S01000652,812
S01000654,943
S01000614,722
S01000636,501
S01000649,582
S01000666,493
S01000676,501
S01000667,981
S01000668,909
S01000670,566
S01000672,628
S01000669,785
S01000671,622
S01000673,750
S01000675,722
S01000708,562
S01000710,1083
S01000704,880
S01000709,888
S01000831,934
S01000830,715
S01000832,980
S01000809,553
S01000820,573
S01000811,834
S01000810,630
S01000812,662
S01000813,758
S01000814,919
S01000817,918
S01000815,599
S01000816,584
S01000818,767
S01000822,605
S01000821,883
S01000823,591
S01000825,698
S01000826,730
S01000828,879
S01000829,629
S01000827,703
S01000824,645
S01000808,725
S01000819,812
S01000806,838
S01000807,769
S01000802,754
S01000793,812
S01000803,939
S01000801,639
S01000795,771
S01000794,842
S01000791,630
S01000789,653
S01000763,861
S01000725,710
S01000739,759
S01000738,579
S01000755,799
S01000726,751
S01000723,527
S01000724,862
S01000722,819
S01000721,658
S01000720,858
S01000714,832
S01000711,620
S01000719,660
S01000717,974
S01000718,952
S01000716,615
S01000715,671
S01000713,832
S01000712,595
S01000737,583
S01000736,771
S01000734,940
S01000728,768
S01000735,510
S01000731,547
S01000732,536
S01000733,799
S01000729,542
S01000727,706
S01000730,526
S01000740,848
S01000787,526
S01000742,541
S01000741,967
S01000745,734
S01000800,1004
S01000757,694
S01000759,998
S01000785,797
S01000805,822
S01000804,985
S01000756,1104
S01000754,650
S01000750,694
S01000752,992
S01000748,613
S01000747,568
S01000749,559
S01000746,738
S01000744,733
S01000743,726
S01000761,606
S01000760,565
S01000783,506
S01000780,931
S01000792,690
S01000799,2813
S01000797,588
S01000798,535
S01000790,623
S01000788,705
S01000786,784
S01000779,793
S01000796,555
S01000773,962
S01000772,652
S01000781,877
S01000784,871
S01000782,712
S01000777,555
S01000774,598
S01000776,620
S01000778,520
S01000775,704
S01000769,956
S01000768,826
S01000771,983
S01000770,595
S01000767,596
S01000766,758
S01000764,707
S01000762,670
S01000765,671
S01000758,992
S01000751,713
S01000753,646
S01000855,831
S01000868,718
S01000867,739
S01000864,668
S01000858,717
S01000866,944
S01000869,566
S01000873,1530
S01000870,872
S01000880,778
S01000894,593
S01000884,569
S01000859,837
S01000875,736
S01000863,595
S01000887,781
S01000888,724
S01000881,703
S01000882,939
S01000883,923
S01000878,588
S01000871,825
S01000872,650
S01000895,966
S01000874,545
S01000876,744
S01000877,741
S01000890,796
S01000889,796
S01000886,734
S01000885,524
S01000891,925
S01000879,926
S01000892,586
S01000893,730
S01000896,485
S01000842,834
S01000834,911
S01000835,702
S01000838,723
S01000833,572
S01000856,626
S01000854,933
S01000860,873
S01000865,692
S01000862,559
S01000861,656
S01000852,717
S01000846,739
S01000844,689
S01000841,970
S01000840,773
S01000836,847
S01000837,832
S01000847,995
S01000851,686
S01000857,614
S01000850,657
S01000849,539
S01000853,553
S01000848,699
S01000845,573
S01000843,826
S01000839,963
S01000943,845
S01000948,721
S01000941,542
S01000938,846
S01000937,586
S01000929,511
S01000930,861
S01000934,997
S01000933,870
S01000936,926
S01000927,1010
S01000926,650
S01000923,751
S01000924,896
S01000921,738
S01000983,559
S01000915,960
S01000947,730
S01000980,752
S01000910,870
S01000901,675
S01000897,685
S01000916,991
S01000917,683
S01000900,657
S01000954,888
S01000985,710
S01000912,754
S01000932,931
S01000919,629
S01000904,689
S01000903,968
S01000899,867
S01000898,576
S01000951,708
S01000960,554
S01001016,956
S01000928,979
S01000950,810
S01000913,722
S01000957,511
S01000909,934
S01000906,565
S01000907,831
S01000902,979
S01000908,773
S01000911,966
S01000905,701
S01000920,505
S01000942,937
S01000946,756
S01000944,790
S01000952,864
S01000922,818
S01000964,877
S01000945,760
S01000949,613
S01000940,838
S01000939,740
S01000931,708
S01000935,872
S01000925,943
S01000914,855
S01000979,647
S01000988,488
S01001001,546
S01000984,635
S01001044,991
S01001068,857
S01001088,984
S01001086,743
S01001087,524
S01001083,798
S01001089,948
S01001085,873
S01001079,501
S01001077,793
S01001075,980
S01001073,994
S01001076,783
S01001070,876
S01001066,732
S01001071,667
S01001069,871
S01001062,547
S01001057,667
S01001046,499
S01001041,586
S01001039,549
S01001024,881
S01001031,949
S01001029,748
S01001037,879
S01001034,972
S01001027,954
S01001032,733
S01001036,538
S01001033,716
S01001028,783
S01001035,543
S01001019,979
S01001020,523
S01001013,893
S01001017,810
S01001005,895
S01000993,897
S01001008,737
S01001004,703
S01001000,531
S01000998,621
S01000992,908
S01000990,813
S01000968,956
S01000918,643
S01000975,646
S01000987,627
S01001025,1003
S01000996,1030
S01001002,673
S01000999,696
S01000995,831
S01000997,992
S01001003,929
S01001009,614
S01001006,771
S01001012,845
S01001007,792
S01001015,613
S01001010,780
S01001014,794
S01001022,828
S01001030,741
S01001021,928
S01001018,783
S01001052,567
S01001051,694
S01001049,689
S01001048,624
S01001045,698
S01001038,820
S01001043,699
S01001042,865
S01001040,613
S01000989,833
S01001023,986
S01001053,800
S01001060,766
S01001063,787
S01001072,761
S01001047,691
S01001054,788
S01001055,776
S01001056,747
S01001058,771
S01001059,634
S01001078,814
S01001084,968
S01001080,645
S01001082,883
S01001081,620
S01001074,511
S01001064,773
S01001065,753
S01001061,790
S01001050,942
S01001011,617
S01000986,525
S01001026,823
S01000994,1031
S01001067,777
S01000991,507
S01000976,494
S01000978,755
S01000956,858
S01000962,572
S01000969,849
S01000961,853
S01000967,576
S01000973,592
S01000974,848
S01000982,595
S01000966,1080
S01000965,665
S01000971,772
S01000953,906
S01000959,688
S01000958,827
S01000955,527
S01000981,648
S01000977,769
S01000970,793
S01000963,744
S01000972,977
S01001094,953
S01001090,963
S01001103,854
S01001105,923
S01001098,933
S01001097,643
S01001092,1015
S01001091,662
S01001093,1045
S01001095,1323
S01001109,854
S01001102,831
S01001096,956
S01001099,860
S01001100,922
S01001104,702
S01001107,987
S01001111,1020
S01001110,879
S01001123,939
S01001127,805
S01001114,902
S01001101,1120
S01001108,658
S01001121,783
S01001117,603
S01001113,1073
S01001122,807
S01001131,893
S01001149,872
S01001141,810
S01001137,955
S01001163,675
S01001166,851
S01001180,713
S01001196,981
S01001214,723
S01001206,805
S01001183,940
S01001192,997
S01001174,686
S01001188,840
S01001165,843
S01001136,864
S01001147,724
S01001156,772
S01001168,675
S01001138,950
S01001184,939
S01001162,865
S01001193,865
S01001205,767
S01001133,916
S01001153,742
S01001158,573
S01001124,641
S01001161,582
S01001139,753
S01001182,908
S01001203,795
S01001191,669
S01001216,963
S01001220,546
S01001212,647
S01001226,829
S01001186,818
S01001167,955
S01001143,771
S01001159,795
S01001197,545
S01001199,976
S01001210,866
S01001202,605
S01001181,894
S01001142,966
S01001119,955
S01001155,653
S01001179,982
S01001134,990
S01001112,825
S01001160,593
S01001157,862
S01001190,785
S01001194,934
S01001120,655
S01001148,740
S01001154,761
S01001185,583
S01001189,984
S01001204,830
S01001232,693
S01001219,556
S01001218,759
S01001223,782
S01001248,876
S01001242,919
S01001244,817
S01001230,891
S01001239,833
S01001240,810
S01001249,700
S01001253,674
S01001258,538
S01001260,659
S01001264,568
S01001250,974
S01001233,991
S01001252,642
S01001241,793
S01001251,721
S01001238,809
S01001227,752
S01001224,994
S01001213,1030
S01001209,600
S01001200,897
S01001217,922
S01001231,736
S01001235,851
S01001225,974
S01001236,933
S01001255,947
S01001245,813
S01001257,805
S01001247,663
S01001262,924
S01001268,764
S01001263,511
S01001266,766
S01001259,809
S01001246,975
S01001237,575
S01001228,834
S01001229,762
S01001215,805
S01001211,960
S01001208,742
S01001171,634
S01001140,1024
S01001145,598
S01001152,977
S01001177,707
S01001164,589
S01001178,862
S01001115,811
S01001132,735
S01001118,633
S01001146,972
S01001126,1078
S01001116,640
S01001106,787
S01001130,836
S01001144,674
S01001150,726
S01001125,761
S01001135,594
S01001129,961
S01001175,890
S01001198,754
S01001187,914
S01001170,829
S01001173,892
S01001207,936
S01001195,971
S01001201,721
S01001151,778
S01001172,663
S01001169,1013
S01001176,749
S01001234,652
S01001222,960
S01001243,618
S01001254,702
S01001256,862
S01001261,933
S01001267,988
S01001265,594
S01001128,737
S01001269,544
S01001270,817
S01001271,802
S01001272,706
S01001273,701
S01001283,491
S01001284,790
S01001277,743
S01001278,503
S01001275,702
S01001274,734
S01001285,644
S01001304,722
S01001305,751
S01001311,606
S01001312,774
S01001322,822
S01001313,673
S01001321,545
S01001320,935
S01001287,901
S01001288,922
S01001286,640
S01001290,549
S01001314,724
S01001315,961
S01001317,932
S01001318,553
S01001300,980
S01001276,508
S01001282,735
S01001301,632
S01001306,701
S01001316,981
S01001319,649
S01001279,987
S01001281,835
S01001280,608
S01001291,565
S01001292,948
S01001289,687
S01001293,787
S01001296,750
S01001294,769
S01001297,790
S01001295,905
S01001299,943
S01001298,909
S01001302,694
S01001303,611
S01001308,999
S01001309,761
S01001307,1005
S01001310,747
S01001368,1020
S01001358,873
S01001411,578
S01001410,1058
S01001420,604
S01001419,746
S01001422,549
S01001421,839
S01001418,944
S01001416,685
S01001415,796
S01001413,763
S01001417,1034
S01001414,668
S01001412,946
S01001369,960
S01001375,674
S01001360,854
S01001364,880
S01001354,794
S01001355,766
S01001350,730
S01001344,833
S01001345,815
S01001337,871
S01001339,677
S01001343,990
S01001338,814
S01001334,881
S01001340,778
S01001342,867
S01001352,878
S01001341,920
S01001349,1251
S01001365,644
S01001323,623
S01001324,946
S01001327,775
S01001329,603
S01001328,823
S01001325,731
S01001326,985
S01001331,869
S01001332,908
S01001335,985
S01001336,920
S01001330,979
S01001333,860
S01001348,730
S01001357,728
S01001361,558
S01001363,595
S01001370,735
S01001367,725
S01001362,622
S01001374,601
S01001377,805
S01001381,858
S01001384,950
S01001387,860
S01001390,854
S01001389,510
S01001391,828
S01001395,964
S01001405,865
S01001406,607
S01001404,686
S01001402,928
S01001403,990
S01001398,916
S01001393,550
S01001401,699
S01001400,927
S01001399,902
S01001397,827
S01001396,777
S01001392,520
S01001394,545
S01001388,917
S01001386,872
S01001382,618
S01001376,741
S01001371,714
S01001378,600
S01001385,842
S01001380,825
S01001366,969
S01001356,635
S01001359,747
S01001351,557
S01001346,694
S01001347,813
S01001353,679
S01001372,773
S01001379,998
S01001383,683
S01001373,635
S01001407,845
S01001408,848
S01001409,908
S01001540,838
S01001508,1005
S01001481,998
S01001523,801
S01001526,645
S01001534,705
S01001518,1014
S01001530,883
S01001527,865
S01001538,892
S01001529,661
S01001532,587
S01001533,899
S01001519,955
S01001521,1027
S01001452,797
S01001517,887
S01001515,729
S01001511,624
S01001501,834
S01001495,612
S01001491,907
S01001484,855
S01001475,660
S01001473,807
S01001483,906
S01001486,848
S01001496,910
S01001507,962
S01001498,770
S01001489,949
S01001488,941
S01001465,660
S01001482,772
S01001476,1063
S01001470,1009
S01001454,963
S01001443,954
S01001440,980
S01001445,749
S01001447,875
S01001436,990
S01001438,620
S01001456,659
S01001462,914
S01001469,835
S01001459,918
S01001451,702
S01001449,602
S01001466,775
S01001535,952
S01001499,1038
S01001528,1014
S01001463,667
S01001461,915
S01001458,974
S01001460,706
S01001455,798
S01001446,912
S01001450,805
S01001468,653
S01001474,1194
S01001448,714
S01001441,829
S01001435,1007
S01001430,985
S01001439,784
S01001434,1024
S01001423,812
S01001426,787
S01001429,616
S01001428,1014
S01001424,1085
S01001425,980
S01001432,731
S01003660,874
S01001431,1027
S01001427,930
S01001433,917
S01001437,953
S01001442,744
S01001444,1015
S01001477,1060
S01001472,876
S01001457,930
S01001487,678
S01001479,643
S01001478,695
S01001471,747
S01001453,886
S01001464,924
S01001467,898
S01001480,532
S01001493,841
S01001485,731
S01001494,892
S01001490,945
S01001497,762
S01001505,1018
S01001531,1004
S01001510,594
S01001506,591
S01001504,932
S01001513,868
S01001512,892
S01001509,941
S01001500,836
S01001502,912
S01001503,911
S01001492,1003
S01001536,842
S01001537,699
S01001525,844
S01001514,836
S01001520,765
S01001524,963
S01001516,744
S01001522,995
S01001539,869
S01001541,878
S01001542,740
S01001544,949
S01001543,762
S01001545,799
S01001546,935
S01001547,938
S01001548,700
S01001549,1048
S01001555,781
S01001560,669
S01001561,731
S01001571,752
S01001579,848
S01001582,610
S01001563,638
S01001565,774
S01001564,582
S01001566,672
S01001572,581
S01001575,780
S01001568,726
S01001584,769
S01001581,729
S01001570,539
S01001586,518
S01001598,637
S01001599,887
S01001590,766
S01001594,793
S01001600,1043
S01001597,790
S01001606,547
S01001585,952
S01001580,601
S01001574,924
S01001583,484
S01001593,880
S01001607,1040
S01001596,805
S01001592,768
S01001588,782
S01001619,723
S01001613,861
S01001617,714
S01001625,756
S01001629,675
S01001630,548
S01001620,813
S01001621,763
S01001627,715
S01001631,941
S01001628,585
S01001637,741
S01001638,883
S01001632,619
S01001634,834
S01001639,675
S01001635,742
S01001636,575
S01001602,620
S01001603,880
S01001604,682
S01001595,733
S01001591,629
S01001576,593
S01001567,962
S01001577,776
S01001587,823
S01001589,784
S01001562,664
S01001569,536
S01001559,514
S01001558,829
S01001556,925
S01001552,862
S01001578,689
S01001605,607
S01001633,941
S01001640,689
S01001642,950
S01001654,601
S01001655,609
S01001554,993
S01001557,1056
S01001550,657
S01001551,832
S01001553,809
S01001611,777
S01001616,587
S01001612,848
S01001623,783
S01001624,1051
S01001626,806
S01001622,907
S01001614,634
S01001608,900
S01001610,619
S01001615,774
S01001609,942
S01001646,581
S01001656,968
S01001659,645
S01001660,652
S01001661,648
S01001668,825
S01001665,761
S01001667,771
S01001669,694
S01001658,925
S01001663,841
S01001662,769
S01001666,612
S01001657,512
S01001664,543
S01001652,816
S01001643,762
S01001618,922
S01001573,658
S01001641,612
S01001601,783
S01001649,759
S01001648,776
S01001650,898
S01001651,908
S01001653,669
S01001645,919
S01001647,660
S01001644,765
S01001682,676
S01001712,517
S01001740,788
S01001733,733
S01001725,715
S01001757,762
S01001724,793
S01001716,785
S01001678,942
S01001684,702
S01001776,613
S01001788,874
S01001785,679
S01001786,629
S01001787,642
S01001761,691
S01001765,993
S01001760,698
S01001778,904
S01001770,542
S01001759,609
S01001783,638
S01001789,659
S01001732,596
S01001749,761
S01001750,731
S01001744,616
S01001751,914
S01001753,851
S01001741,650
S01001742,707
S01001743,911
S01001747,874
S01001720,690
S01001715,960
S01001713,957
S01001709,605
S01001708,943
S01001702,954
S01001721,638
S01001685,680
S01001676,966
S01001692,663
S01001690,545
S01001693,808
S01001705,590
S01001703,757
S01001699,666
S01001697,807
S01001691,876
S01001723,709
S01001704,937
S01001726,662
S01001700,980
S01001687,992
S01001683,736
S01001679,696
S01001680,601
S01001689,727
S01001686,937
S01001681,649
S01001672,589
S01001673,666
S01001675,677
S01001674,711
S01001670,689
S01001677,835
S01001671,568
S01001688,838
S01001696,762
S01001695,744
S01001701,889
S01001707,786
S01001694,644
S01001698,523
S01001710,663
S01001717,776
S01001711,765
S01001719,795
S01001714,707
S01001706,784
S01001718,505
S01001722,754
S01001727,942
S01001734,527
S01001728,672
S01001730,630
S01001735,506
S01001729,970
S01001731,635
S01001745,909
S01001737,614
S01001739,628
S01001756,653
S01001748,640
S01001758,766
S01001777,924
S01001775,751
S01001763,840
S01001764,530
S01001769,718
S01001752,994
S01001767,628
S01001779,538
S01001781,669
S01001782,936
S01001736,999
S01001738,619
S01001746,1019
S01001754,820
S01001762,987
S01001772,539
S01001774,631
S01001780,807
S01001784,587
S01001768,617
S01001755,918
S01001766,696
S01001771,900
S01001773,956
S01001791,748
S01001790,762
S01001793,851
S01001792,736
S01001794,924
S01001801,954
S01001796,813
S01001844,2647
S01001795,875
S01001805,784
S01001800,999
S01001797,701
S01001807,844
S01001806,657
S01001815,879
S01001840,736
S01001863,916
S01001862,909
S01001852,808
S01001836,740
S01001829,705
S01001816,1076
S01001819,1032
S01001833,969
S01001849,631
S01001835,645
S01001854,1295
S01001860,1074
S01001866,704
S01001881,674
S01001864,894
S01001865,707
S01001874,720
S01001877,986
S01001893,973
S01001892,769
S01001898,649
S01001890,927
S01001880,745
S01001894,739
S01001897,884
S01001886,601
S01001909,669
S01001919,908
S01001912,793
S01001910,766
S01001899,796
S01001926,787
S01001923,774
S01001931,754
S01001946,838
S01001943,621
S01001949,724
S01001971,774
S01001955,800
S01002021,965
S01002005,796
S01001977,783
S01001965,830
S01001932,1338
S01001921,602
S01001904,637
S01001900,833
S01001913,983
S01001937,900
S01001934,793
S01001969,648
S01001950,907
S01001963,766
S01001984,531
S01001997,744
S01002031,659
S01002036,825
S01002007,934
S01002001,766
S01002033,753
S01002052,752
S01002064,871
S01001986,622
S01001980,685
S01001961,955
S01001972,765
S01001968,836
S01001994,845
S01001933,918
S01001947,843
S01001929,754
S01001915,849
S01001888,907
S01001885,1098
S01001901,982
S01001911,760
S01001918,866
S01001928,1097
S01001916,815
S01001905,920
S01001896,844
S01001878,1065
S01001902,902
S01001875,880
S01001883,569
S01001871,864
S01001861,1004
S01001856,642
S01001850,784
S01001841,740
S01001831,765
S01001843,755
S01001848,788
S01001824,780
S01001821,524
S01001814,753
S01001813,715
S01001818,767
S01001837,938
S01001811,716
S01001853,776
S01001845,848
S01001846,943
S01001830,936
S01001828,791
S01001812,566
S01001804,1076
S01001798,909
S01001803,1003
S01001802,819
S01001825,815
S01001822,1014
S01001810,947
S01001808,633
S01001799,1022
S01001809,819
S01001820,800
S01001823,1055
S01001839,956
S01001832,677
S01001817,694
S01001838,583
S01001826,958
S01001827,1057
S01001834,576
S01001847,823
S01001859,966
S01001867,548
S01001882,771
S01001906,911
S01001879,676
S01001870,733
S01001857,806
S01001872,809
S01001851,786
S01001842,814
S01001855,758
S01001869,845
S01001858,890
S01001873,809
S01001868,673
S01001889,577
S01001884,998
S01001876,1055
S01001891,665
S01001895,756
S01001903,588
S01001907,794
S01001908,884
S01001924,729
S01001936,999
S01001940,740
S01001920,720
S01001925,807
S01001941,947
S01001951,833
S01001958,876
S01001989,879
S01001976,753
S01001960,879
S01001992,916
S01002028,2692
S01002054,756
S01002049,1096
S01001981,800
S01001983,765
S01001952,764
S01001970,614
S01001945,729
S01001927,913
S01001975,845
S01002009,799
S01002020,502
S01002034,972
S01002013,796
S01002037,680
S01002014,814
S01002002,738
S01001987,825
S01001999,748
S01002010,514
S01002019,788
S01002029,756
S01002038,738
S01001990,999
S01001944,765
S01001914,603
S01001917,724
S01001938,595
S01001942,562
S01001939,586
S01001930,772
S01001993,761
S01001974,797
S01001979,703
S01001953,795
S01002047,761
S01002041,929
S01002023,760
S01001996,930
S01002008,863
S01002024,745
S01002032,762
S01002012,778
S01002004,799
S01002016,550
S01002040,532
S01002025,828
S01002030,771
S01002058,668
S01002046,573
S01002059,711
S01002068,896
S01002084,554
S01002073,634
S01002081,697
S01002079,751
S01002091,796
S01002109,866
S01002093,767
S01002085,775
S01002076,838
S01002061,663
S01002063,984
S01002053,760
S01002065,764
S01002027,1047
S01002048,866
S01002060,742
S01002071,675
S01002066,703
S01002106,965
S01002117,631
S01002161,710
S01002131,709
S01002128,788
S01002108,1069
S01002118,960
S01002086,547
S01002087,1043
S01002070,662
S01002101,900
S01002104,1128
S01002129,835
S01002160,791
S01002159,754
S01002151,1106
S01002163,1003
S01002183,842
S01002198,852
S01002175,973
S01002197,566
S01002171,624
S01002146,913
S01002150,689
S01002139,703
S01002124,763
S01002094,742
S01002098,707
S01002039,638
S01001982,529
S01001966,773
S01001957,796
S01001978,795
S01001948,766
S01001935,720
S01001956,789
S01002000,762
S01001962,833
S01002017,1135
S01002044,703
S01002062,625
S01002051,818
S01002083,544
S01002006,938
S01002003,827
S01002055,902
S01002090,1076
S01002088,908
S01002112,1044
S01002116,860
S01002125,1093
S01002127,728
S01002141,688
S01002149,1022
S01002181,762
S01002100,596
S01002080,979
S01002050,710
S01002074,660
S01002107,546
S01002097,801
S01002121,705
S01002130,656
S01002126,669
S01002143,763
S01002102,655
S01002119,602
S01002132,790
S01002155,1012
S01002153,540
S01002179,692
S01002228,978
S01002172,736
S01002167,660
S01002191,919
S01002212,1012
S01002185,802
S01002204,711
S01002211,621
S01002227,835
S01002238,567
S01002239,939
S01002237,1103
S01002250,973
S01002257,713
S01002264,867
S01002261,1022
S01002259,537
S01002317,879
S01002323,785
S01002326,827
S01002318,845
S01002306,775
S01002305,834
S01002310,848
S01002307,692
S01002304,798
S01002288,749
S01002285,782
S01002290,795
S01002270,914
S01002289,799
S01002273,792
S01002266,645
S01002258,777
S01002249,784
S01002244,724
S01002246,895
S01002234,783
S01002216,774
S01002209,916
S01002221,767
S01002233,931
S01002217,914
S01002206,546
S01002189,793
S01002186,737
S01002190,780
S01002203,528
S01002240,748
S01002243,767
S01002254,788
S01002274,779
S01002272,560
S01002286,783
S01002292,810
S01002298,744
S01002313,737
S01002294,632
S01002308,911
S01002320,638
S01002322,689
S01002316,751
S01002314,831
S01002283,744
S01002287,772
S01002300,792
S01002252,607
S01002269,910
S01002248,1169
S01002271,853
S01002255,1039
S01002235,968
S01002230,1024
S01002226,1037
S01002245,949
S01002225,721
S01002202,688
S01002199,816
S01002180,504
S01002182,799
S01002156,759
S01002166,804
S01002168,1005
S01002145,976
S01002208,557
S01002187,903
S01002201,888
S01002218,556
S01002214,768
S01002210,610
S01002195,964
S01002174,913
S01002157,816
S01002178,916
S01002205,767
S01002231,1136
S01002169,783
S01002177,790
S01002158,771
S01002133,1096
S01002136,705
S01002115,1055
S01002099,851
S01002110,687
S01002082,835
S01002075,876
S01002072,1099
S01002056,942
S01002069,600
S01002043,784
S01002095,572
S01002105,1021
S01002122,986
S01002144,721
S01002148,864
S01002152,821
S01002188,783
S01002256,768
S01002223,719
S01002184,792
S01002173,953
S01002193,916
S01002135,863
S01002200,795
S01002215,995
S01002219,672
S01002222,836
S01002247,921
S01002236,907
S01002232,770
S01002241,890
S01002253,1005
S01002267,972
S01002278,1064
S01002279,961
S01002277,781
S01002293,874
S01002284,1023
S01002280,797
S01002297,929
S01002315,558
S01002319,1105
S01002312,653
S01002321,892
S01002325,577
S01002324,761
S01002303,832
S01002309,741
S01002302,932
S01002301,860
S01002291,838
S01002296,738
S01002281,768
S01002282,967
S01002265,1038
S01002275,955
S01002262,789
S01002242,788
S01002268,715
S01002299,841
S01002263,794
S01002311,782
S01002327,800
S01002295,758
S01002276,813
S01002260,853
S01002220,792
S01002224,746
S01002229,785
S01002207,844
S01002194,806
S01002192,866
S01002154,895
S01002140,906
S01002147,965
S01002170,871
S01002196,667
S01002165,957
S01002162,1018
S01002138,628
S01002137,885
S01002096,832
S01002120,762
S01002103,744
S01002077,839
S01002113,762
S01002134,618
S01002111,1023
S01002123,1268
S01002142,1050
S01002089,991
S01002114,715
S01002092,1004
S01002057,858
S01002067,809
S01002042,934
S01002026,738
S01002035,772
S01001998,716
S01001991,792
S01001988,794
S01001985,777
S01001967,675
S01001973,704
S01002015,929
S01002018,832
S01002045,871
S01001995,687
S01001964,778
S01002011,1088
S01001954,499
S01002078,945
S01001887,887
S01001922,782
S01001959,624
S01002022,765
S01002213,829
S01002164,854
S01002176,800
S01002251,826
S01002334,827
S01002329,708
S01002328,765
S01002330,798
S01002335,983
S01002331,709
S01002338,579
S01002336,1019
S01002332,958
S01002333,834
S01002337,977
S01002339,632
S01002340,540
S01002341,560
S01002342,614
S01002343,777
S01002344,532
S01002345,717
S01002347,736
S01002346,921
S01002348,958
S01002349,1026
S01002350,965
S01002352,849
S01002351,652
S01002358,617
S01002369,528
S01002370,724
S01002372,798
S01002373,631
S01002374,710
S01002371,644
S01002368,867
S01002367,871
S01002366,559
S01002363,928
S01002364,748
S01002360,717
S01002356,774
S01002355,881
S01002357,710
S01002359,948
S01002361,606
S01002354,782
S01002362,691
S01002353,745
S01002365,544
S01002568,732
S01002555,726
S01002560,570
S01002543,602
S01002552,593
S01002528,735
S01002537,604
S01002540,628
S01002535,500
S01002545,635
S01002504,914
S01002506,875
S01002530,755
S01002522,704
S01002517,609
S01002525,699
S01002532,774
S01002449,534
S01002465,697
S01002478,992
S01002498,723
S01002494,697
S01002394,662
S01002411,667
S01002420,694
S01002428,532
S01002415,773
S01002412,1006
S01002456,1019
S01002431,760
S01002481,1001
S01002470,913
S01002425,811
S01002438,710
S01002518,729
S01002488,671
S01002513,848
S01002563,1163
S01002567,571
S01002548,991
S01002561,685
S01002523,712
S01002516,744
S01002539,811
S01002541,989
S01002526,578
S01002553,819
S01002534,978
S01002533,864
S01002549,570
S01002557,898
S01002546,683
S01002551,595
S01002559,687
S01002542,586
S01002566,779
S01002562,654
S01002565,911
S01002564,620
S01002538,956
S01002547,748
S01002550,544
S01002544,790
S01002554,661
S01002556,778
S01002558,530
S01002531,888
S01002569,977
S01002570,619
S01002571,654
S01002520,624
S01002536,510
S01002519,874
S01002529,902
S01002514,593
S01002527,781
S01002500,580
S01002493,943
S01002476,827
S01002474,563
S01002462,673
S01002497,788
S01002459,580
S01002458,877
S01002489,553
S01002487,525
S01002496,629
S01002445,749
S01002447,737
S01002437,501
S01002429,724
S01002423,732
S01002442,511
S01002426,634
S01002446,818
S01002430,565
S01002422,604
S01002391,883
S01002424,900
S01002433,534
S01002444,531
S01002468,610
S01002450,712
S01002467,506
S01002457,822
S01002479,739
S01002460,846
S01002448,574
S01002441,638
S01002436,814
S01002435,717
S01002419,542
S01002379,945
S01002410,532
S01002401,964
S01002402,895
S01002403,773
S01002407,803
S01002399,1017
S01002386,995
S01002378,556
S01002388,824
S01002377,850
S01002375,895
S01002380,702
S01002392,1036
S01002387,617
S01002376,868
S01002385,819
S01002397,1172
S01002406,790
S01002389,746
S01002396,754
S01002393,520
S01002395,768
S01002390,735
S01002381,829
S01002384,554
S01002383,544
S01002382,666
S01002405,777
S01002416,533
S01002400,887
S01002398,834
S01002417,722
S01002409,715
S01002475,531
S01002413,703
S01002408,885
S01002404,990
S01002434,923
S01002418,945
S01002414,613
S01002427,805
S01002443,715
S01002464,545
S01002452,568
S01002471,562
S01002495,696
S01002480,568
S01002499,858
S01002507,607
S01002515,615
S01002521,582
S01002524,590
S01002510,1022
S01002472,581
S01002490,619
S01002482,859
S01002473,925
S01002511,498
S01002508,831
S01002439,812
S01002440,913
S01002483,701
S01002463,1013
S01002454,807
S01002451,1092
S01002421,876
S01002485,892
S01002477,835
S01002466,996
S01002453,799
S01002484,851
S01002469,651
S01002455,627
S01002461,477
S01002491,499
S01002502,890
S01002512,544
S01002501,497
S01002503,575
S01002432,716
S01002492,634
S01002509,1000
S01002505,772
S01002486,557
S01002683,832
S01002674,755
S01002661,872
S01002665,787
S01002708,724
S01002700,909
S01002666,816
S01002702,618
S01002716,575
S01002701,916
S01002694,764
S01002739,805
S01002772,1077
S01002697,916
S01002647,939
S01002617,940
S01002668,521
S01002615,564
S01002628,805
S01002641,961
S01002631,741
S01002589,789
S01002612,762
S01002595,677
S01002659,929
S01002650,673
S01002627,1064
S01002699,531
S01002689,697
S01002687,832
S01002693,547
S01002688,718
S01002703,942
S01002679,943
S01002669,944
S01002673,532
S01002677,991
S01002680,999
S01002685,914
S01002676,835
S01002692,926
S01002684,725
S01002671,963
S01002658,1004
S01002639,1023
S01002626,759
S01002646,659
S01002643,521
S01002652,733
S01002642,573
S01002663,709
S01002664,940
S01002660,943
S01002670,655
S01002675,931
S01002681,756
S01002691,1096
S01002710,580
S01002712,790
S01002704,682
S01002690,565
S01002622,903
S01002678,1010
S01002653,762
S01002667,647
S01002672,670
S01002638,790
S01002656,1095
S01002649,847
S01002655,817
S01002651,667
S01002637,800
S01002632,596
S01002645,652
S01002633,1000
S01002623,684
S01002625,983
S01002621,630
S01002616,633
S01002629,821
S01002619,789
S01002624,782
S01002607,872
S01002609,791
S01002611,854
S01002601,668
S01002606,601
S01002605,632
S01002610,928
S01002599,551
S01002597,517
S01002603,744
S01002592,931
S01002593,777
S01002591,576
S01002575,846
S01002583,790
S01002584,780
S01002598,916
S01002582,720
S01002574,781
S01002572,579
S01002573,523
S01002580,799
S01002586,556
S01002577,965
S01002585,877
S01002581,783
S01002594,680
S01002600,882
S01002648,760
S01002579,809
S01002590,757
S01002578,779
S01002576,741
S01002587,718
S01002588,787
S01002602,528
S01002596,752
S01002604,993
S01002608,600
S01002682,588
S01002696,778
S01002698,729
S01002707,909
S01002711,894
S01002715,922
S01002725,912
S01002728,857
S01002736,715
S01002740,570
S01002792,916
S01002809,736
S01002734,939
S01002798,595
S01002791,676
S01002785,764
S01002803,836
S01002796,573
S01002790,812
S01002799,622
S01002816,568
S01002815,786
S01002813,789
S01002822,908
S01002820,924
S01002817,575
S01002819,828
S01002783,792
S01002804,592
S01002805,856
S01002801,986
S01002807,720
S01002808,848
S01002812,630
S01002794,876
S01002806,590
S01002786,742
S01002778,855
S01002760,515
S01002757,580
S01002752,555
S01002745,609
S01002750,918
S01002762,708
S01002777,1000
S01002614,943
S01002613,904
S01002705,679
S01002695,624
S01002630,638
S01002620,826
S01002618,793
S01002662,814
S01002644,761
S01002640,765
S01002636,562
S01002635,594
S01002634,781
S01002654,725
S01002657,815
S01002686,863
S01002713,797
S01002714,929
S01002709,615
S01002706,810
S01002726,796
S01002730,772
S01002722,668
S01002717,766
S01002741,865
S01002732,684
S01002737,743
S01002724,822
S01002731,790
S01002733,627
S01002742,837
S01002738,720
S01002721,804
S01002718,895
S01002723,637
S01002719,788
S01002720,773
S01002727,978
S01002729,941
S01002768,849
S01002767,950
S01002753,724
S01002746,834
S01002774,787
S01002758,733
S01002763,917
S01002769,787
S01002749,779
S01002755,792
S01002771,778
S01002776,698
S01002780,916
S01002751,970
S01002789,774
S01002795,673
S01002797,840
S01002802,652
S01002800,811
S01002787,773
S01002781,947
S01002814,721
S01002788,816
S01002775,818
S01002759,750
S01002764,658
S01002743,580
S01002747,595
S01002735,933
S01002748,589
S01002754,610
S01002744,567
S01002793,801
S01002810,967
S01002782,848
S01002761,764
S01002765,751
S01002779,637
S01002784,567
S01002770,544
S01002756,833
S01002773,973
S01002766,893
S01002811,959
S01002821,975
S01002838,568
S01002831,800
S01002827,670
S01002818,582
S01002824,777
S01002867,578
S01002878,567
S01002870,925
S01002903,869
S01002935,828
S01002905,745
S01002874,909
S01002900,744
S01002890,752
S01002889,847
S01002877,876
S01002875,773
S01002891,792
S01002884,804
S01002896,719
S01002862,640
S01002860,1028
S01002861,965
S01002873,784
S01002879,861
S01002869,545
S01002876,697
S01002866,1083
S01002868,754
S01002893,729
S01002872,627
S01002836,581
S01002833,1119
S01002841,626
S01002832,816
S01002828,633
S01002844,605
S01002847,926
S01002858,480
S01002848,853
S01002849,1051
S01002840,683
S01002883,1133
S01002865,919
S01002912,980
S01002913,805
S01002932,771
S01002934,953
S01002906,845
S01002926,819
S01002919,945
S01002915,1019
S01002914,718
S01002936,713
S01002925,1034
S01002930,663
S01002927,790
S01002899,506
S01002907,610
S01002904,651
S01002939,546
S01002880,513
S01002898,993
S01002943,530
S01002846,905
S01002857,505
S01002871,606
S01002885,792
S01002835,751
S01002830,663
S01002829,812
S01002825,975
S01002823,825
S01002826,546
S01002834,911
S01002863,793
S01002864,612
S01002855,685
S01002854,839
S01002843,891
S01002852,1000
S01002859,851
S01002837,598
S01002845,782
S01002842,628
S01002839,541
S01002853,527
S01002850,903
S01002856,776
S01002894,782
S01002897,605
S01002908,787
S01002882,748
S01002881,878
S01002886,678
S01002892,664
S01002887,635
S01002895,659
S01002901,835
S01002946,641
S01002910,780
S01002941,968
S01002918,793
S01002921,736
S01002928,561
S01002911,915
S01002916,832
S01002909,727
S01002929,801
S01002922,560
S01002931,793
S01002950,747
S01002952,620
S01002965,816
S01002955,988
S01002956,767
S01002945,699
S01002948,875
S01002947,621
S01002963,778
S01002961,774
S01002967,832
S01002957,960
S01002954,869
S01003003,555
S01003001,604
S01003002,764
S01002998,788
S01002966,838
S01002970,522
S01002973,895
S01002974,612
S01002962,628
S01002972,905
S01002975,644
S01002979,710
S01002976,939
S01002977,711
S01002971,1082
S01002978,1071
S01002969,1027
S01002960,697
S01002959,978
S01002988,698
S01002958,562
S01002888,603
S01002924,699
S01002851,658
S01002949,507
S01002942,598
S01002920,639
S01002917,671
S01002902,838
S01002923,705
S01002937,642
S01002940,526
S01002933,865
S01002944,952
S01002938,805
S01002953,983
S01002951,898
S01002964,819
S01002984,743
S01002987,638
S01002986,756
S01002980,790
S01002983,777
S01002995,745
S01002994,1117
S01002997,667
S01002989,975
S01002990,580
S01002999,960
S01002968,712
S01002993,1364
S01002981,827
S01002982,680
S01002985,564
S01002992,694
S01002996,1590
S01003000,900
S01002991,802
S01003007,781
S01003004,524
S01003011,623
S01003009,534
S01003008,963
S01003013,582
S01003012,989
S01003010,601
S01003006,737
S01003005,561
S01003024,680
S01003023,792
S01003022,980
S01003020,662
S01003019,799
S01003016,580
S01003017,706
S01003018,782
S01003021,691
S01003015,772
S01003014,683
S01003027,1148
S01003056,1018
S01003039,1002
S01003034,902
S01003037,799
S01003045,843
S01003051,938
S01003053,929
S01003062,1033
S01003058,766
S01003041,729
S01003038,896
S01003111,928
S01003088,1000
S01003083,1072
S01003084,873
S01003082,742
S01003099,590
S01003107,1073
S01003101,607
S01003097,779
S01003140,1000
S01003121,964
S01003147,923
S01003144,910
S01003161,609
S01003160,769
S01003169,1025
S01003123,846
S01003155,1081
S01003120,1073
S01003184,875
S01003204,1021
S01003215,1011
S01003181,927
S01003182,807
S01003167,800
S01003255,944
S01003239,999
S01003221,876
S01003218,744
S01003326,799
S01003307,1075
S01003310,796
S01003287,603
S01003284,961
S01003278,854
S01003238,749
S01003240,775
S01003216,744
S01003261,982
S01003298,1074
S01003265,726
S01003282,862
S01003243,884
S01003344,795
S01003362,813
S01003350,731
S01003334,921
S01003312,649
S01003308,900
S01003291,756
S01003345,1019
S01003325,852
S01003339,827
S01003436,583
S01003349,881
S01003375,756
S01003386,689
S01003411,1060
S01003424,994
S01003384,1025
S01003396,815
S01003364,664
S01003367,1058
S01003441,1025
S01003412,915
S01003346,902
S01003294,790
S01003306,943
S01003250,582
S01003203,862
S01003178,813
S01003209,596
S01003264,584
S01003230,826
S01003219,760
S01003388,1011
S01003418,948
S01003365,917
S01003357,1057
S01003351,1079
S01003322,799
S01003316,736
S01003324,841
S01003338,900
S01003348,907
S01003286,1048
S01003315,615
S01003320,646
S01003327,692
S01003280,990
S01003304,781
S01003242,1036
S01003256,924
S01003234,843
S01003236,832
S01003229,1061
S01003257,822
S01003227,925
S01003222,775
S01003207,814
S01003211,920
S01003220,798
S01003188,828
S01003179,716
S01003174,803
S01003191,529
S01003200,696
S01003206,745
S01003189,841
S01003175,797
S01003190,758
S01003198,932
S01003165,985
S01003185,530
S01003117,788
S01003124,819
S01003131,846
S01003152,978
S01003164,951
S01003156,838
S01003172,718
S01003183,773
S01003192,796
S01003187,963
S01003176,770
S01003173,542
S01003177,1060
S01003210,903
S01003171,635
S01003196,947
S01003186,908
S01003170,935
S01003163,655
S01003153,796
S01003157,982
S01003168,842
S01003166,660
S01003139,979
S01003149,907
S01003154,891
S01003146,672
S01003137,668
S01003129,1080
S01003133,1206
S01003125,796
S01003141,725
S01003132,594
S01003115,546
S01003138,1017
S01003126,918
S01003118,900
S01003104,999
S01003076,973
S01003064,926
S01003081,936
S01003072,1049
S01003055,865
S01003070,790
S01003077,1016
S01003092,808
S01003069,606
S01003093,1018
S01003100,860
S01003074,788
S01003095,837
S01003106,737
S01003089,620
S01003086,715
S01003094,1013
S01003090,768
S01003110,827
S01003109,991
S01003071,649
S01003059,890
S01003078,722
S01003065,919
S01003066,943
S01003079,914
S01003050,798
S01003047,1065
S01003061,849
S01003068,859
S01003067,661
S01003025,751
S01003026,627
S01003029,770
S01003030,850
S01003028,768
S01003033,580
S01003036,936
S01003035,766
S01003032,771
S01003044,1082
S01003048,805
S01003060,692
S01003043,577
S01003046,754
S01003042,652
S01003049,584
S01003040,1005
S01003054,896
S01003057,709
S01003063,799
S01003052,759
S01003080,859
S01003073,763
S01003087,679
S01003075,735
S01003091,634
S01003096,714
S01003102,799
S01003119,722
S01003105,798
S01003127,850
S01003113,756
S01003103,789
S01003108,735
S01003116,872
S01003112,952
S01003098,1037
S01003085,1010
S01003128,720
S01003114,947
S01003130,786
S01003143,877
S01003136,809
S01003122,777
S01003134,754
S01003142,727
S01003150,781
S01003159,606
S01003135,759
S01003158,752
S01003202,922
S01003245,849
S01003225,794
S01003272,989
S01003297,537
S01003268,793
S01003303,1082
S01003232,779
S01003285,887
S01003274,1065
S01003302,948
S01003331,636
S01003333,940
S01003328,586
S01003271,874
S01003335,543
S01003270,792
S01003248,809
S01003254,613
S01003205,825
S01003251,834
S01003217,788
S01003201,798
S01003296,680
S01003253,822
S01003273,764
S01003314,598
S01003263,753
S01003279,553
S01003313,1003
S01003299,516
S01003289,589
S01003247,757
S01003249,707
S01003269,910
S01003228,916
S01003223,980
S01003199,927
S01003262,778
S01003213,592
S01003194,795
S01003226,792
S01003208,900
S01003180,752
S01003151,790
S01003162,688
S01003235,798
S01003241,828
S01003195,818
S01003145,741
S01003148,775
S01003212,779
S01003233,1017
S01003224,749
S01003260,781
S01003197,668
S01003214,799
S01003231,984
S01003258,919
S01003237,1025
S01003252,697
S01003193,675
S01003341,795
S01003277,678
S01003259,1111
S01003244,999
S01003300,839
S01003283,776
S01003311,794
S01003323,668
S01003292,784
S01003276,784
S01003288,778
S01003321,790
S01003318,843
S01003330,986
S01003359,977
S01003502,727
S01003414,659
S01003398,884
S01003405,838
S01003394,1001
S01003434,910
S01003435,920
S01003456,747
S01003402,898
S01003462,611
S01003444,841
S01003528,604
S01003476,819
S01003455,782
S01003379,913
S01003376,645
S01003390,956
S01003397,878
S01003420,987
S01003343,611
S01003317,778
S01003352,831
S01003360,807
S01003374,529
S01003419,970
S01003332,676
S01003295,1061
S01003336,956
S01003361,759
S01003340,1072
S01003363,793
S01003329,832
S01003267,970
S01003246,1007
S01003275,1032
S01003305,750
S01003293,942
S01003281,845
S01003290,767
S01003266,749
S01003301,781
S01003309,791
S01003337,949
S01003354,965
S01003369,734
S01003407,734
S01003427,943
S01003393,1036
S01003381,787
S01003400,775
S01003421,559
S01003452,1159
S01003404,678
S01003383,954
S01003377,789
S01003428,768
S01003413,806
S01003401,792
S01003372,741
S01003467,757
S01003512,726
S01003523,577
S01003459,915
S01003471,954
S01003483,634
S01003431,722
S01003461,791
S01003440,561
S01003448,743
S01003486,913
S01003613,848
S01003489,983
S01003515,750
S01003516,707
S01003583,581
S01003538,670
S01003563,608
S01003550,713
S01003588,721
S01003641,752
S01003616,758
S01003626,889
S01003602,728
S01003607,557
S01003628,742
S01003655,948
S01003634,1117
S01003577,742
S01003578,521
S01003598,725
S01003557,785
S01003548,529
S01003529,543
S01003495,856
S01003549,770
S01003551,745
S01003533,765
S01003541,878
S01003534,943
S01003644,880
S01003606,879
S01003565,856
S01003572,999
S01003573,919
S01003649,1072
S01003611,854
S01003580,960
S01003627,588
S01003601,844
S01003492,979
S01003546,950
S01003510,970
S01003491,728
S01003567,924
S01003472,811
S01003463,799
S01003488,1006
S01003458,904
S01003457,945
S01003442,786
S01003445,944
S01003443,959
S01003417,803
S01003409,910
S01003391,818
S01003395,744
S01003392,793
S01003422,794
S01003406,721
S01003426,1001
S01003387,794
S01003389,980
S01003353,910
S01003347,822
S01003378,934
S01003385,851
S01003371,754
S01003370,776
S01003380,786
S01003355,879
S01003342,948
S01003356,919
S01003368,973
S01003415,1334
S01003399,1573
S01003447,1785
S01003416,882
S01003366,666
S01003358,859
S01003433,981
S01003449,883
S01003446,530
S01003410,770
S01003439,897
S01003373,913
S01003382,913
S01003408,662
S01003403,755
S01003430,759
S01003423,552
S01003450,787
S01003438,902
S01003425,931
S01003429,1067
S01003432,936
S01003437,610
S01003453,800
S01003487,998
S01003485,990
S01003468,732
S01003474,746
S01003464,924
S01003454,723
S01003473,931
S01003500,645
S01003494,776
S01003506,979
S01003490,747
S01003475,874
S01003507,528
S01003482,657
S01003519,677
S01003537,796
S01003517,740
S01003530,791
S01003540,965
S01003543,736
S01003553,691
S01003564,887
S01003579,632
S01003561,1003
S01003581,1783
S01003592,980
S01003566,750
S01003585,557
S01003604,837
S01003574,953
S01003582,643
S01003629,808
S01003621,969
S01003595,959
S01003624,1072
S01003599,657
S01003666,743
S01003636,995
S01003653,786
S01003640,961
S01003669,569
S01003657,952
S01003687,702
S01003710,894
S01003680,840
S01003672,884
S01003677,774
S01003686,1028
S01003691,1094
S01003699,1044
S01003682,1103
S01003695,1049
S01003700,1049
S01003688,950
S01003670,945
S01003656,575
S01003664,548
S01003665,657
S01003673,728
S01003652,633
S01003650,719
S01003643,814
S01003663,767
S01003600,895
S01003619,886
S01003625,776
S01003617,953
S01003596,775
S01003638,763
S01003623,947
S01003594,1013
S01003620,960
S01003589,1250
S01003568,842
S01003547,790
S01003555,818
S01003526,925
S01003544,553
S01003554,776
S01003509,849
S01003520,756
S01003521,524
S01003501,633
S01003504,725
S01003513,717
S01003484,906
S01003497,966
S01003470,811
S01003478,763
S01003503,670
S01003466,750
S01003460,897
S01003479,791
S01003451,763
S01003469,1002
S01003465,842
S01003477,972
S01003496,859
S01003525,974
S01003508,810
S01003499,991
S01003481,1001
S01003552,882
S01003511,1030
S01003536,1031
S01003558,949
S01003542,838
S01003545,980
S01003522,810
S01003514,799
S01003614,568
S01003591,1149
S01003587,1060
S01003576,911
S01003597,638
S01003609,1049
S01003498,997
S01003560,1029
S01003524,1055
S01003539,975
S01003569,725
S01003527,910
S01003532,1057
S01003493,728
S01003480,664
S01003518,1053
S01003535,775
S01003586,921
S01003570,772
S01003559,897
S01003575,887
S01003556,723
S01003571,897
S01003584,767
S01003562,697
S01003593,873
S01003531,795
S01003608,540
S01003615,542
S01003610,748
S01003633,921
S01003654,1106
S01003590,771
S01003685,548
S01003678,699
S01003658,895
S01003667,915
S01003679,1064
S01003639,794
S01003674,843
S01003603,835
S01003622,783
S01003605,668
S01003642,832
S01003690,961
S01003681,590
S01003662,610
S01003630,754
S01003645,572
S01003631,748
S01003651,754
S01003646,830
S01003618,770
S01003661,839
S01003675,696
S01003612,911
S01003632,785
S01003635,572
S01003668,789
S01003671,699
S01003676,710
S01003659,873
S01003648,804
S01003637,799
S01003647,712
S01003701,962
S01003692,1023
S01003683,664
S01003689,623
S01003684,749
S01003696,1095
S01003693,619
S01003694,893
S01003697,988
S01003698,942
S01003702,838
S01003703,1088
S01003706,779
S01003705,875
S01003716,770
S01003708,658
S01003711,900
S01003714,927
S01003713,690
S01003718,707
S01003717,827
S01003709,899
S01003707,960
S01003712,961
S01003715,861
S01003704,713
S01003739,528
S01003728,500
S01003746,796
S01003745,797
S01003720,931
S01003741,851
S01003724,786
S01003735,741
S01003738,660
S01003733,826
S01003737,633
S01003734,713
S01003736,832
S01003725,613
S01003729,703
S01003726,684
S01003727,750
S01003732,820
S01003731,573
S01003730,646
S01003723,548
S01003719,564
S01003721,749
S01003722,897
S01003740,577
S01003742,527
S01003744,586
S01003747,982
S01003743,580
S01003748,591
S01003749,819
S01003750,615
S01003754,891
S01003755,724
S01003751,951
S01003759,615
S01003760,758
S01003756,728
S01003772,574
S01003764,859
S01003766,611
S01003767,696
S01003771,678
S01003875,514
S01003888,633
S01003899,717
S01003883,535
S01003857,738
S01003782,560
S01003900,708
S01003894,826
S01003887,871
S01003892,627
S01003898,762
S01003890,652
S01003896,683
S01003891,789
S01003886,580
S01003882,530
S01003885,673
S01003762,838
S01003780,979
S01003865,810
S01003874,844
S01003850,560
S01003878,968
S01003861,806
S01003856,726
S01003858,621
S01003859,570
S01003863,750
S01003851,872
S01003830,917
S01003838,623
S01003844,781
S01003836,589
S01003828,696
S01003816,846
S01003819,613
S01003811,702
S01003804,632
S01003784,580
S01003778,512
S01003792,680
S01003781,648
S01003787,613
S01003788,724
S01003785,830
S01003789,522
S01003786,928
S01003801,808
S01003798,818
S01003796,659
S01003790,618
S01003794,711
S01003797,957
S01003802,765
S01003806,672
S01003793,544
S01003791,633
S01003813,946
S01003807,934
S01003799,841
S01003853,763
S01003832,851
S01003839,674
S01003825,812
S01003822,739
S01003814,773
S01003810,892
S01003815,716
S01003820,999
S01003823,937
S01003805,1022
S01003812,898
S01003817,926
S01003829,665
S01003818,830
S01003827,856
S01003833,593
S01003837,764
S01003845,982
S01003824,685
S01003849,756
S01003855,1000
S01003862,610
S01003860,669
S01003835,536
S01003848,734
S01003840,712
S01003834,675
S01003852,563
S01003783,1033
S01003809,768
S01003831,641
S01003821,837
S01003775,768
S01003777,927
S01003803,653
S01003795,580
S01003842,588
S01003847,578
S01003854,586
S01003843,651
S01003770,631
S01003758,749
S01003769,671
S01003776,578
S01003753,913
S01003757,592
S01003773,710
S01003774,650
S01003765,739
S01003763,917
S01003761,817
S01003768,576
S01003752,795
S01003779,560
S01003911,613
S01003826,721
S01003800,697
S01003808,666
S01003866,818
S01003914,891
S01003871,797
S01003841,577
S01003933,644
S01003946,836
S01003869,671
S01003846,796
S01003955,679
S01003948,629
S01003956,629
S01003963,535
S01003953,576
S01003913,753
S01003902,918
S01003873,978
S01003915,638
S01003938,526
S01003927,672
S01003918,886
S01003936,878
S01003932,896
S01003872,844
S01003867,1009
S01003870,803
S01003877,566
S01003889,586
S01003895,687
S01003884,754
S01003879,634
S01003910,712
S01003908,823
S01003907,774
S01003906,723
S01003904,708
S01003909,681
S01003912,685
S01003901,608
S01003897,678
S01003893,632
S01003880,891
S01003903,664
S01003881,759
S01003868,639
S01003864,887
S01003905,864
S01003876,645
S01003916,775
S01003917,886
S01003928,890
S01003926,632
S01003922,827
S01003931,882
S01003921,775
S01003929,502
S01003930,746
S01003924,505
S01003920,648
S01003923,765
S01003925,772
S01003919,582
S01003934,898
S01003935,761
S01003947,511
S01003941,583
S01003939,589
S01003937,808
S01003942,749
S01003940,865
S01003949,594
S01003943,675
S01003944,639
S01003945,690
S01003959,730
S01003954,546
S01003950,663
S01003951,543
S01003952,524
S01003957,687
S01003965,543
S01003966,916
S01003958,762
S01003962,575
S01003964,535
S01003961,565
S01003960,890
S01003968,902
S01003969,775
S01003972,632
S01003971,652
S01003980,558
S01003981,579
S01003978,610
S01003977,595
S01003976,708
S01003979,645
S01003982,726
S01003984,654
S01003986,582
S01003985,862
S01003983,725
S01003987,546
S01003989,800
S01003991,593
S01003994,679
S01004008,645
S01004010,775
S01004001,798
S01003996,512
S01003995,876
S01004000,769
S01003992,923
S01003975,655
S01003993,652
S01004002,879
S01004004,785
S01003998,599
S01004007,584
S01004005,635
S01003999,868
S01003997,938
S01004003,549
S01004006,576
S01004009,648
S01003988,525
S01003974,813
S01003990,506
S01003967,513
S01003970,593
S01003973,544
S01004014,667
S01004011,1115
S01004015,944
S01004013,530
S01004017,972
S01004020,771
S01004032,578
S01004024,949
S01004021,810
S01004019,527
S01004012,729
S01004016,608
S01004018,854
S01004022,651
S01004023,603
S01004043,805
S01004082,740
S01004099,774
S01004096,748
S01004111,851
S01004103,787
S01004105,799
S01004113,736
S01004119,592
S01004117,736
S01004118,893
S01004114,644
S01004107,689
S01004098,630
S01004100,800
S01004081,888
S01004079,818
S01004066,756
S01004073,823
S01004087,612
S01004074,886
S01004088,569
S01004056,769
S01004054,950
S01004058,827
S01004071,858
S01004077,952
S01004089,792
S01004097,844
S01004076,630
S01004090,707
S01004083,896
S01004108,786
S01004109,615
S01004120,720
S01004115,773
S01004116,683
S01004112,874
S01004104,796
S01004110,563
S01004106,801
S01004101,744
S01004093,553
S01004102,785
S01004095,520
S01004092,697
S01004091,712
S01004085,559
S01004072,1083
S01004067,787
S01004059,610
S01004064,691
S01004055,916
S01004062,958
S01004068,813
S01004065,918
S01004070,754
S01004069,787
S01004080,767
S01004078,712
S01004086,773
S01004094,580
S01004084,757
S01004075,640
S01004063,909
S01004060,934
S01004051,685
S01004045,656
S01004047,746
S01004050,783
S01004053,932
S01004061,829
S01004052,762
S01004057,983
S01004049,844
S01004048,953
S01004046,592
S01004044,739
S01004042,711
S01004040,742
S01004037,717
S01004034,792
S01004041,681
S01004039,800
S01004035,751
S01004038,715
S01004036,710
S01004033,971
S01004029,928
S01004026,668
S01004025,853
S01004027,778
S01004031,596
S01004028,775
S01004030,832
S01004122,626
S01004121,597
S01004144,868
S01004159,607
S01004124,973
S01004125,632
S01004126,695
S01004129,842
S01004131,796
S01004130,572
S01004128,741
S01004127,963
S01004134,712
S01004136,633
S01004135,660
S01004140,600
S01004133,908
S01004132,580
S01004141,710
S01004148,976
S01004151,650
S01004143,888
S01004145,691
S01004142,577
S01004139,610
S01004150,579
S01004161,632
S01004154,670
S01004157,654
S01004158,627
S01004166,529
S01004178,563
S01004183,959
S01004213,599
S01004208,865
S01004196,694
S01004202,561
S01004193,767
S01004197,698
S01004201,755
S01004210,696
S01004203,873
S01004198,702
S01004173,588
S01004169,592
S01004179,523
S01004187,721
S01004177,509
S01004190,806
S01004174,760
S01004186,724
S01004191,759
S01004194,794
S01004206,714
S01004199,823
S01004204,734
S01004228,760
S01004195,612
S01004189,630
S01004180,869
S01004162,708
S01004181,739
S01004160,629
S01004176,640
S01004211,730
S01004217,574
S01004200,806
S01004209,587
S01004214,711
S01004215,620
S01004220,786
S01004232,680
S01004229,703
S01004231,766
S01004230,729
S01004226,752
S01004227,603
S01004224,750
S01004221,902
S01004219,679
S01004222,551
S01004225,836
S01004223,809
S01004218,855
S01004216,886
S01004212,809
S01004164,956
S01004137,530
S01004123,509
S01004155,929
S01004205,718
S01004207,793
S01004192,863
S01004188,781
S01004185,828
S01004175,631
S01004182,906
S01004172,751
S01004168,695
S01004165,1000
S01004170,600
S01004184,874
S01004171,626
S01004167,676
S01004163,719
S01004156,804
S01004153,800
S01004152,754
S01004149,634
S01004146,722
S01004147,847
S01004138,707
S01004233,633
S01004235,623
S01004234,979
S01004236,888
S01004237,658
S01004240,642
S01004245,894
S01004239,676
S01004244,611
S01004241,514
S01004238,562
S01004243,580
S01004253,557
S01004252,552
S01004246,575
S01004251,910
S01004249,895
S01004247,850
S01004248,928
S01004250,1014
S01004281,583
S01004329,524
S01004331,569
S01004335,528
S01004333,531
S01004332,575
S01004327,700
S01004326,804
S01004290,700
S01004324,849
S01004328,667
S01004323,648
S01004321,785
S01004317,884
S01004325,996
S01004322,976
S01004320,918
S01004318,618
S01004314,771
S01004301,634
S01004319,872
S01004287,646
S01004275,585
S01004269,796
S01004264,703
S01004258,709
S01004257,531
S01004255,695
S01004298,997
S01004313,966
S01004304,938
S01004334,1690
S01004278,916
S01004279,929
S01004303,606
S01004297,772
S01004300,550
S01004299,548
S01004295,850
S01004292,774
S01004289,613
S01004291,827
S01004283,738
S01004282,989
S01004280,998
S01004277,794
S01004284,960
S01004288,735
S01004294,774
S01004296,911
S01004293,817
S01004302,762
S01004305,660
S01004308,990
S01004311,783
S01004315,557
S01004316,535
S01004310,810
S01004309,870
S01004306,576
S01004348,580
S01004347,793
S01004346,555
S01004344,769
S01004337,700
S01004345,951
S01004343,547
S01004342,801
S01004340,577
S01004341,600
S01004339,921
S01004338,703
S01004330,992
S01004336,995
S01004262,751
S01004307,1060
S01004285,942
S01004286,759
S01004312,705
S01004276,700
S01004268,655
S01004270,537
S01004271,578
S01004272,646
S01004273,712
S01004267,515
S01004242,865
S01004266,536
S01004265,921
S01004256,627
S01004261,861
S01004259,666
S01004263,759
S01004260,563
S01004254,729
S01004274,796
S01004372,974
S01004349,800
S01004350,562
S01004409,656
S01004351,508
S01004352,637
S01004353,921
S01004354,587
S01004408,572
S01004366,620
S01004373,564
S01004396,797
S01004461,603
S01004355,565
S01004357,775
S01004370,733
S01004378,964
S01004358,774
S01004356,982
S01004361,580
S01004360,688
S01004359,515
S01004369,778
S01004365,765
S01004371,761
S01004367,874
S01004379,959
S01004376,931
S01004375,748
S01004381,816
S01004385,830
S01004389,660
S01004392,893
S01004398,852
S01004391,593
S01004404,669
S01004405,758
S01004397,958
S01004401,1099
S01004400,558
S01004410,1010
S01004403,513
S01004402,974
S01004395,530
S01004399,507
S01004394,795
S01004388,947
S01004390,824
S01004393,911
S01004387,968
S01004384,681
S01004383,811
S01004382,687
S01004380,688
S01004386,908
S01004377,737
S01004374,600
S01004368,537
S01004363,1017
S01004362,547
S01004364,787
S01004406,869
S01004407,651
S01004411,628
S01004418,924
S01004417,764
S01004413,815
S01004414,695
S01004412,958
S01004423,829
S01004421,741
S01004435,595
S01004431,714
S01004442,928
S01004455,807
S01004463,791
S01004465,771
S01004467,996
S01004471,616
S01004457,871
S01004458,846
S01004451,907
S01004453,1014
S01004441,832
S01004425,630
S01004416,691
S01004420,756
S01004429,867
S01004430,512
S01004445,769
S01004439,686
S01004444,902
S01004433,968
S01004426,559
S01004422,570
S01004415,626
S01004419,839
S01004427,737
S01004437,926
S01004428,745
S01004443,684
S01004432,947
S01004448,614
S01004456,568
S01004452,691
S01004460,652
S01004462,643
S01004468,796
S01004470,580
S01004447,763
S01004438,684
S01004446,797
S01004436,797
S01004454,925
S01004449,914
S01004434,792
S01004450,886
S01004424,715
S01004440,723
S01004466,897
S01004459,573
S01004464,868
S01004469,694
S01004475,501
S01004480,984
S01004479,650
S01004482,922
S01004484,993
S01004509,712
S01004483,706
S01004481,569
S01004478,635
S01004485,510
S01004500,747
S01004507,763
S01004472,735
S01004473,1018
S01004476,721
S01004477,904
S01004474,1015
S01004510,841
S01004511,868
S01004515,944
S01004512,942
S01004513,502
S01004514,561
S01004516,513
S01004518,691
S01004519,886
S01004517,772
S01004503,730
S01004508,704
S01004520,831
S01004521,787
S01004524,626
S01004522,608
S01004523,869
S01004525,753
S01004498,599
S01004487,1037
S01004505,603
S01004527,558
S01004526,726
S01004506,538
S01004504,721
S01004501,574
S01004497,844
S01004494,889
S01004491,817
S01004488,708
S01004492,976
S01004489,848
S01004490,708
S01004486,938
S01004495,684
S01004496,645
S01004499,690
S01004502,753
S01004493,1042
S01004529,881
S01004530,602
S01004528,791
S01004532,649
S01004533,607
S01004531,737
S01004535,714
S01004542,589
S01004549,845
S01004541,768
S01004543,773
S01004547,860
S01004554,637
S01004550,702
S01004556,674
S01004566,733
S01004567,506
S01004564,567
S01004563,809
S01004565,707
S01004575,719
S01004577,575
S01004587,906
S01004569,700
S01004561,1044
S01004560,626
S01004552,733
S01004544,997
S01004545,748
S01004537,846
S01004534,702
S01004536,742
S01004538,801
S01004539,763
S01004540,869
S01004548,785
S01004546,966
S01004581,1091
S01004555,745
S01004559,1021
S01004553,535
S01004558,959
S01004571,660
S01004573,617
S01004582,588
S01004588,693
S01004580,877
S01004590,833
S01004598,687
S01004602,971
S01004576,618
S01004572,739
S01004562,520
S01004557,501
S01004570,696
S01004568,669
S01004551,944
S01004585,610
S01004591,604
S01004594,617
S01004593,858
S01004599,575
S01004584,726
S01004592,652
S01004611,1251
S01004647,1544
S01004657,759
S01004669,787
S01004664,654
S01004674,854
S01004673,918
S01004654,861
S01004636,668
S01004631,801
S01004628,596
S01004718,972
S01004741,629
S01004753,749
S01004755,705
S01004762,664
S01004720,708
S01004715,807
S01004759,609
S01004752,796
S01004675,907
S01004706,558
S01004625,866
S01004621,997
S01004613,874
S01004615,943
S01004658,949
S01004644,740
S01004650,856
S01004640,796
S01004642,907
S01004651,957
S01004634,1069
S01004624,1048
S01004643,562
S01004649,615
S01004630,952
S01004633,595
S01004660,757
S01004626,650
S01004617,767
S01004622,818
S01004614,826
S01004604,561
S01004607,625
S01004603,906
S01004596,718
S01004583,991
S01004579,656
S01004574,505
S01004578,941
S01004586,1118
S01004589,752
S01004595,938
S01004601,861
S01004608,646
S01004597,567
S01004600,889
S01004605,1025
S01004609,589
S01004612,770
S01004610,752
S01004623,979
S01004618,658
S01004619,841
S01004620,800
S01004606,736
S01004616,889
S01004681,747
S01004671,920
S01004663,561
S01004665,753
S01004666,788
S01004672,671
S01004667,704
S01004659,517
S01004653,653
S01004652,911
S01004641,656
S01004648,975
S01004638,605
S01004645,1072
S01004632,981
S01004635,735
S01004627,586
S01004629,989
S01004637,545
S01004639,713
S01004646,775
S01004656,560
S01004655,941
S01004670,877
S01004661,707
S01004668,883
S01004678,805
S01004704,636
S01004689,998
S01004677,820
S01004693,815
S01004685,539
S01004679,495
S01004682,574
S01004684,750
S01004662,978
S01004676,778
S01004680,866
S01004683,719
S01004690,540
S01004688,723
S01004686,747
S01004687,813
S01004696,872
S01004707,1012
S01004699,813
S01004692,697
S01004694,627
S01004695,793
S01004698,605
S01004700,753
S01004697,881
S01004691,812
S01004702,591
S01004709,745
S01004734,544
S01004815,728
S01004758,960
S01004744,640
S01004737,745
S01004726,564
S01004729,657
S01004736,720
S01004746,795
S01004730,1063
S01004719,726
S01004717,747
S01004711,810
S01004724,938
S01004731,825
S01004735,900
S01004733,818
S01004738,659
S01004748,610
S01004749,667
S01004742,942
S01004745,822
S01004770,606
S01004757,920
S01004774,987
S01004765,982
S01004783,978
S01004784,769
S01004794,705
S01004801,717
S01004808,744
S01004799,612
S01004810,676
S01004816,795
S01004813,903
S01004822,717
S01004825,634
S01004811,638
S01004809,487
S01004792,677
S01004787,1054
S01004791,605
S01004775,900
S01004779,780
S01004772,609
S01004761,552
S01004763,859
S01004727,872
S01004722,705
S01004716,894
S01004721,622
S01004728,637
S01004751,824
S01004750,719
S01004732,622
S01004740,671
S01004723,582
S01004739,750
S01004710,957
S01004713,736
S01004712,570
S01004708,739
S01004703,785
S01004701,572
S01004705,938
S01004714,734
S01004725,619
S01004769,568
S01004788,797
S01004777,619
S01004790,748
S01004785,625
S01004780,532
S01004786,578
S01004768,991
S01004773,797
S01004764,767
S01004760,732
S01004778,727
S01004782,776
S01004767,691
S01004754,683
S01004756,603
S01004771,779
S01004747,785
S01004743,901
S01004766,770
S01004776,801
S01004781,824
S01004793,912
S01004795,971
S01004789,999
S01004798,885
S01004805,676
S01004807,536
S01004814,900
S01004818,843
S01004824,785
S01004828,1000
S01004826,814
S01004817,600
S01004820,1090
S01004803,853
S01004804,926
S01004819,698
S01004812,851
S01004802,891
S01004796,769
S01004797,723
S01004800,730
S01004806,530
S01004846,745
S01004821,984
S01004823,811
S01004829,783
S01004827,697
S01004837,834
S01004830,710
S01004850,820
S01004874,863
S01004831,866
S01004839,914
S01004835,713
S01004856,697
S01004840,698
S01004841,850
S01004832,638
S01004842,561
S01004838,967
S01004833,879
S01004836,718
S01004847,894
S01004834,791
S01004853,738
S01004854,984
S01004843,715
S01004844,933
S01004848,688
S01004845,781
S01004857,929
S01004851,620
S01004852,730
S01004849,576
S01004858,931
S01004855,645
S01004860,501
S01004859,985
S01004861,824
S01004862,691
S01004864,587
S01004865,790
S01004872,863
S01004868,766
S01004877,760
S01004883,787
S01004888,640
S01004884,577
S01004876,1018
S01004863,986
S01004866,954
S01004869,900
S01004870,936
S01004873,791
S01004867,800
S01004871,779
S01004875,775
S01004887,498
S01004882,525
S01004880,718
S01004879,711
S01004881,795
S01004878,746
S01004894,756
S01004893,757
S01004885,616
S01004891,963
S01004886,869
S01004890,752
S01004895,864
S01004901,785
S01004904,1061
S01004906,835
S01004916,783
S01004909,987
S01004899,722
S01004898,1038
S01004905,1072
S01004912,748
S01004908,710
S01004910,870
S01004920,966
S01004919,536
S01004921,721
S01004924,868
S01004927,995
S01004929,705
S01004925,551
S01004915,618
S01004902,767
S01004922,701
S01004926,950
S01004917,566
S01004923,837
S01004911,792
S01004928,634
S01004918,586
S01004914,663
S01004907,734
S01004900,730
S01004903,650
S01004892,771
S01004897,595
S01004889,922
S01004896,958
S01004913,658
S01004937,529
S01004944,521
S01004945,611
S01004933,905
S01004931,900
S01004934,680
S01004936,907
S01004930,642
S01004943,870
S01004932,762
S01004935,725
S01004939,605
S01004942,1008
S01004940,547
S01004941,651
S01004938,771
S01004951,656
S01004956,678
S01004948,584
S01004964,989
S01004963,559
S01004949,566
S01004965,827
S01004966,779
S01004967,652
S01004947,693
S01004946,604
S01004950,509
S01004962,570
S01004957,645
S01004952,926
S01004953,877
S01004958,909
S01004959,642
S01004955,670
S01004954,785
S01004960,582
S01004961,637
S01004971,935
S01004972,749
S01004968,567
S01004969,906
S01004970,749
S01004973,937
S01004974,878
S01004979,915
S01004975,741
S01004982,710
S01004980,1051
S01004978,976
S01004976,756
S01004977,983
S01004981,951
S01004986,646
S01004984,776
S01004983,911
S01004987,517
S01004991,565
S01004999,886
S01004985,718
S01004989,633
S01005003,882
S01004995,931
S01004996,656
S01004994,811
S01004993,727
S01004992,874
S01005025,672
S01005002,790
S01005007,852
S01005067,488
S01005073,811
S01005021,964
S01005020,917
S01005017,721
S01005015,648
S01005013,676
S01005011,570
S01005012,704
S01005016,785
S01005010,594
S01005052,663
S01005082,696
S01005027,702
S01005092,668
S01004997,881
S01005000,569
S01005008,1319
S01004988,539
S01004990,509
S01004998,803
S01005006,573
S01005001,1040
S01005005,954
S01005004,589
S01005018,617
S01005014,833
S01005024,932
S01005022,673
S01005019,1020
S01005029,940
S01005044,907
S01005046,1038
S01005036,549
S01005032,873
S01005030,993
S01005034,832
S01005033,711
S01005028,571
S01005039,1078
S01005042,840
S01005038,898
S01005045,946
S01005051,889
S01005063,544
S01005077,693
S01005050,949
S01005068,702
S01005060,725
S01005057,754
S01005053,893
S01005055,790
S01005054,599
S01005059,540
S01005066,793
S01005058,699
S01005072,602
S01005069,614
S01005076,765
S01005080,507
S01005086,732
S01005081,661
S01005084,621
S01005093,785
S01005078,730
S01005079,685
S01005075,504
S01005071,716
S01005065,860
S01005070,853
S01005049,759
S01005047,916
S01005056,740
S01005031,656
S01005037,965
S01005041,558
S01005040,988
S01005026,628
S01005048,671
S01005043,753
S01005062,495
S01005064,792
S01005061,1075
S01005091,696
S01005090,863
S01005089,817
S01005095,988
S01005087,508
S01005083,935
S01005009,642
S01005023,596
S01005102,973
S01005094,519
S01005096,607
S01005074,769
S01005035,911
S01005099,834
S01005097,753
S01005101,825
S01005113,1043
S01005121,840
S01005111,527
S01005114,939
S01005110,999
S01005117,682
S01005126,559
S01005134,969
S01005135,727
S01005138,1079
S01005133,494
S01005127,633
S01005147,925
S01005137,862
S01005132,699
S01005145,793
S01005141,858
S01005130,651
S01005129,873
S01005120,650
S01005122,773
S01005123,746
S01005124,750
S01005128,834
S01005125,790
S01005119,669
S01005109,912
S01005107,567
S01005106,559
S01005105,878
S01005116,647
S01005108,569
S01005104,1039
S01005088,594
S01005085,568
S01005098,774
S01005100,593
S01005118,762
S01005115,889
S01005139,657
S01005144,1103
S01005143,993
S01005142,636
S01005136,875
S01005131,853
S01005146,719
S01005140,703
S01005112,880
S01005148,662
S01005149,600
S01005151,725
S01005154,605
S01005150,641
S01005153,756
S01005155,746
S01005152,738
S01005190,930
S01005172,1198
S01005203,957
S01005361,903
S01005351,1054
S01005355,842
S01005329,551
S01005228,1299
S01005238,822
S01005230,789
S01005213,943
S01005198,920
S01005166,1040
S01005184,1045
S01005178,935
S01005173,705
S01005164,924
S01005159,940
S01005191,931
S01005207,954
S01005227,912
S01005211,723
S01005218,888
S01005233,600
S01005220,724
S01005236,945
S01005206,932
S01005215,899
S01005209,801
S01005183,938
S01005177,999
S01005189,943
S01005202,905
S01005225,922
S01005256,721
S01005253,555
S01005261,614
S01005247,735
S01005251,935
S01005263,578
S01005272,660
S01005265,557
S01005255,626
S01005243,884
S01005242,898
S01005231,751
S01005235,943
S01005224,780
S01005223,735
S01005216,593
S01005201,873
S01005217,835
S01005196,804
S01005182,802
S01005176,684
S01005174,963
S01005169,619
S01005158,757
S01005162,973
S01005165,765
S01005168,687
S01005180,910
S01005188,990
S01005200,632
S01005204,551
S01005212,655
S01005193,889
S01005161,1087
S01005157,913
S01005156,719
S01005163,581
S01005171,993
S01005160,1023
S01005170,837
S01005167,947
S01005179,979
S01005181,907
S01005192,838
S01005205,883
S01005221,789
S01005210,961
S01005214,830
S01005197,768
S01005208,642
S01005186,747
S01005187,996
S01005175,690
S01005185,533
S01005194,593
S01005195,1007
S01005222,768
S01005219,1021
S01005199,908
S01005226,553
S01005234,1014
S01005240,956
S01005249,808
S01005229,852
S01005232,911
S01005239,921
S01005245,819
S01005254,789
S01005262,1008
S01005246,945
S01005250,795
S01005248,644
S01005257,958
S01005269,711
S01005271,594
S01005258,1035
S01005241,950
S01005237,961
S01005270,1059
S01005244,1039
S01005274,733
S01005287,862
S01005280,762
S01005282,764
S01005288,886
S01005293,848
S01005292,708
S01005268,949
S01005275,543
S01005284,852
S01005289,885
S01005312,693
S01005299,578
S01005304,726
S01005308,529
S01005315,705
S01005322,910
S01005326,961
S01005327,649
S01005324,779
S01005316,900
S01005309,945
S01005310,1010
S01005306,1021
S01005302,1014
S01005305,826
S01005297,703
S01005311,940
S01005313,918
S01005319,691
S01005317,569
S01005321,644
S01005318,567
S01005323,707
S01005325,815
S01005328,706
S01005330,700
S01005331,738
S01005332,553
S01005334,678
S01005337,966
S01005335,549
S01005338,580
S01005345,774
S01005343,970
S01005340,589
S01005344,775
S01005348,892
S01005342,777
S01005341,699
S01005339,763
S01005336,614
S01005333,820
S01005346,840
S01005347,740
S01005349,889
S01005352,912
S01005353,1024
S01005357,745
S01005358,871
S01005360,889
S01005359,930
S01005356,735
S01005354,966
S01005350,766
S01005252,605
S01005259,736
S01005266,860
S01005260,645
S01005264,733
S01005278,840
S01005276,660
S01005281,890
S01005267,929
S01005273,809
S01005277,655
S01005285,696
S01005291,672
S01005300,949
S01005296,890
S01005301,891
S01005307,919
S01005298,1069
S01005314,543
S01005320,677
S01005286,743
S01005290,594
S01005295,602
S01005303,763
S01005294,574
S01005283,813
S01005279,546
S01005476,910
S01005470,688
S01005471,771
S01005468,913
S01005459,845
S01005394,841
S01005442,878
S01005457,945
S01005458,828
S01005455,896
S01005452,966
S01005456,864
S01005454,780
S01005448,952
S01005447,835
S01005451,999
S01005396,660
S01005444,908
S01005439,647
S01005443,917
S01005438,857
S01005435,812
S01005449,913
S01005460,791
S01005404,854
S01005445,928
S01005418,801
S01005446,783
S01005466,864
S01005463,548
S01005437,909
S01005434,655
S01005436,897
S01005441,892
S01005429,698
S01005433,858
S01005431,797
S01005432,790
S01005422,927
S01005424,828
S01005427,782
S01005430,639
S01005428,953
S01005425,903
S01005426,760
S01005414,963
S01005412,927
S01005417,767
S01005421,941
S01005472,817
S01005465,565
S01005467,516
S01005464,579
S01005462,967
S01005461,819
S01005475,792
S01005489,927
S01005473,728
S01005474,860
S01005477,898
S01005478,836
S01005484,557
S01005483,800
S01005491,935
S01005490,600
S01005482,609
S01005485,796
S01005487,786
S01005486,910
S01005488,891
S01005481,646
S01005479,558
S01005480,778
S01005469,835
S01005450,908
S01005453,905
S01005397,591
S01005392,885
S01005411,903
S01005407,943
S01005440,943
S01005410,792
S01005415,821
S01005420,836
S01005416,964
S01005423,978
S01005419,712
S01005413,897
S01005385,778
S01005364,934
S01005393,883
S01005408,555
S01005409,644
S01005406,549
S01005405,537
S01005387,960
S01005388,756
S01005390,846
S01005389,791
S01005391,737
S01005362,772
S01005363,750
S01005365,681
S01005386,608
S01005384,823
S01005380,693
S01005371,991
S01005375,992
S01005378,778
S01005381,682
S01005382,762
S01005369,988
S01005367,909
S01005374,929
S01005372,985
S01005370,870
S01005373,813
S01005366,759
S01005368,747
S01005376,956
S01005379,973
S01005377,900
S01005395,859
S01005383,669
S01005403,935
S01005401,950
S01005399,969
S01005398,974
S01005402,924
S01005400,990
S01005492,948
S01005493,683
S01005494,683
S01005495,658
S01005497,590
S01005509,609
S01005501,801
S01005500,781
S01005499,738
S01005503,594
S01005504,662
S01005502,970
S01005506,879
S01005505,655
S01005507,533
S01005508,765
S01005496,983
S01005498,869
S01005510,610
S01005514,570
S01005513,722
S01005511,577
S01005512,660
S01005518,974
S01005517,920
S01005519,681
S01005520,957
S01005521,806
S01005515,590
S01005516,520
S01005522,628
S01005523,879
S01005524,754
S01005534,658
S01005535,845
S01005537,778
S01005539,908
S01005538,885
S01005540,799
S01005529,861
S01005530,660
S01005527,525
S01005526,718
S01005525,753
S01005528,579
S01005531,576
S01005532,877
S01005533,785
S01005544,728
S01005541,663
S01005542,787
S01005545,851
S01005543,797
S01005536,925
S01005547,697
S01005546,683
S01005548,1003
S01005566,543
S01005561,872
S01005549,980
S01005579,809
S01005591,990
S01005562,927
S01005556,540
S01005555,714
S01005554,726
S01005550,627
S01005552,848
S01005551,902
S01005553,831
S01005569,720
S01005565,596
S01005568,573
S01005563,782
S01005560,662
S01005559,698
S01005557,796
S01005576,796
S01005573,711
S01005570,797
S01005572,827
S01005567,994
S01005564,804
S01005558,747
S01005584,576
S01005581,743
S01005583,610
S01005578,962
S01005575,750
S01005574,836
S01005571,733
S01005589,814
S01005586,715
S01005582,799
S01005585,820
S01005577,864
S01005580,662
S01005606,620
S01005605,977
S01005598,940
S01005594,827
S01005592,559
S01005590,790
S01005588,697
S01005587,1037
S01005593,893
S01005596,539
S01005595,838
S01005603,550
S01005604,559
S01005611,725
S01005600,845
S01005602,729
S01005599,580
S01005597,972
S01005620,530
S01005615,963
S01005613,800
S01005610,581
S01005608,907
S01005607,626
S01005621,725
S01005619,605
S01005612,766
S01005637,996
S01005618,622
S01005616,658
S01005609,777
S01005638,848
S01005630,542
S01005635,862
S01005632,509
S01005624,891
S01005625,887
S01005636,858
S01005634,796
S01005629,781
S01005627,692
S01005626,839
S01005623,830
S01005622,924
S01005640,536
S01005633,735
S01005601,760
S01005614,793
S01005617,875
S01005628,940
S01005631,758
S01005639,768
S01005641,919
S01005648,871
S01005652,717
S01005666,913
S01005668,903
S01005667,778
S01005655,883
S01005650,628
S01005653,900
S01005658,886
S01005659,889
S01005661,639
S01005665,512
S01005664,592
S01005662,621
S01005663,663
S01005660,647
S01005656,613
S01005657,608
S01005654,761
S01005651,760
S01005644,610
S01005645,913
S01005642,818
S01005647,748
S01005646,802
S01005649,920
S01005643,628
S01005669,615
S01005670,683
S01005671,516
S01005677,842
S01005678,848
S01005673,643
S01005682,656
S01005681,879
S01005690,751
S01005692,667
S01005740,732
S01005721,792
S01005739,1000
S01005705,625
S01005730,743
S01005725,638
S01005732,953
S01005802,667
S01005843,579
S01005838,748
S01005850,725
S01005865,747
S01005796,557
S01005785,826
S01005791,507
S01005800,694
S01005806,698
S01005761,733
S01005766,644
S01005767,728
S01005773,860
S01005770,642
S01005778,699
S01005774,719
S01005777,600
S01005743,668
S01005751,817
S01005758,853
S01005756,884
S01005765,873
S01005747,894
S01005750,843
S01005753,731
S01005754,966
S01005734,674
S01005742,810
S01005783,576
S01005707,563
S01005706,772
S01005691,677
S01005713,651
S01005715,795
S01005704,670
S01005708,780
S01005712,566
S01005717,563
S01005695,564
S01005693,887
S01005726,902
S01005699,799
S01005701,732
S01005687,551
S01005702,683
S01005727,572
S01005672,856
S01005674,941
S01005676,876
S01005679,880
S01005675,929
S01005683,881
S01005684,923
S01005686,767
S01005688,812
S01005694,598
S01005696,691
S01005698,578
S01005697,640
S01005703,629
S01005710,581
S01005738,875
S01005779,716
S01005745,978
S01005782,802
S01005788,537
S01005794,972
S01005797,799
S01005768,900
S01005760,636
S01005775,861
S01005776,713
S01005781,868
S01005755,834
S01005762,781
S01005764,611
S01005769,786
S01005771,817
S01005772,774
S01005744,873
S01005748,529
S01005752,810
S01005757,622
S01005759,891
S01005728,828
S01005729,623
S01005735,895
S01005731,575
S01005714,844
S01005736,767
S01005737,787
S01005700,582
S01005709,862
S01005711,867
S01005716,600
S01005718,794
S01005719,556
S01005722,542
S01005720,719
S01005723,754
S01005733,946
S01005724,715
S01005680,730
S01005685,667
S01005689,505
S01005749,857
S01005741,996
S01005746,903
S01005831,953
S01005955,517
S01005805,627
S01005814,711
S01005818,830
S01005819,723
S01005826,984
S01005832,804
S01005842,616
S01005857,708
S01005855,965
S01005876,885
S01005884,830
S01005900,725
S01005899,713
S01005902,903
S01005914,789
S01005926,748
S01005940,633
S01005879,675
S01005880,797
S01005892,738
S01005907,763
S01005908,830
S01005849,845
S01005869,790
S01005874,903
S01005833,719
S01005848,622
S01005854,864
S01005858,789
S01005804,626
S01005867,954
S01005875,740
S01005888,622
S01005878,686
S01005886,789
S01005885,681
S01005890,786
S01005896,658
S01005905,714
S01005906,943
S01005913,944
S01005917,886
S01005928,784
S01005936,883
S01005948,693
S01005954,675
S01005958,593
S01005959,541
S01005960,513
S01005763,790
S01005962,519
S01005963,545
S01005964,744
S01005967,957
S01005970,797
S01005969,750
S01005971,512
S01005974,776
S01005977,781
S01006017,734
S01005980,677
S01005983,987
S01005973,789
S01005972,791
S01005975,760
S01005979,950
S01005946,1012
S01005953,936
S01005956,860
S01005965,808
S01005961,800
S01005921,623
S01005932,710
S01005939,772
S01005938,698
S01005947,806
S01005951,849
S01005891,634
S01005911,995
S01005927,848
S01005944,979
S01005952,937
S01005957,968
S01005966,927
S01005978,745
S01005986,776
S01005976,786
S01005984,689
S01005989,810
S01005985,829
S01005994,943
S01006001,907
S01006013,540
S01006021,901
S01006028,634
S01006032,940
S01006039,833
S01006045,662
S01006056,960
S01005996,761
S01006004,623
S01006036,809
S01006018,852
S01006012,878
S01006019,822
S01006033,700
S01006034,737
S01006040,765
S01005991,885
S01006003,668
S01006005,837
S01006008,780
S01006014,705
S01006025,861
S01005990,965
S01005968,826
S01005998,690
S01005993,797
S01005999,869
S01006009,579
S01006010,907
S01006023,786
S01006029,755
S01006041,895
S01006043,621
S01006031,870
S01006047,754
S01006042,842
S01006048,830
S01006053,867
S01006052,756
S01006038,704
S01006055,616
S01006060,634
S01006059,804
S01006064,759
S01006066,837
S01006044,1008
S01006054,733
S01006057,551
S01006061,668
S01006062,686
S01006065,779
S01006049,775
S01006050,861
S01006058,820
S01006063,614
S01006035,980
S01006037,896
S01006046,827
S01006051,959
S01006011,840
S01006022,557
S01006024,849
S01006026,786
S01006016,958
S01006027,761
S01006030,962
S01005997,674
S01005995,674
S01006002,564
S01006007,559
S01006006,808
S01006015,744
S01006020,841
S01005981,724
S01005982,762
S01005987,584
S01005988,738
S01005992,780
S01006000,882
S01005830,925
S01005950,543
S01005923,769
S01005931,795
S01005943,934
S01005945,868
S01005949,711
S01005922,952
S01005920,902
S01005934,747
S01005935,651
S01005942,845
S01005897,796
S01005915,733
S01005918,932
S01005929,616
S01005903,918
S01005930,650
S01005871,757
S01005868,786
S01005887,527
S01005883,509
S01005895,644
S01005893,770
S01005904,761
S01005844,768
S01005852,571
S01005845,549
S01005859,765
S01005862,827
S01005866,773
S01005872,800
S01005889,810
S01005909,548
S01005912,846
S01005870,762
S01005877,901
S01005894,638
S01005898,739
S01005910,784
S01005924,666
S01005925,770
S01005937,646
S01005881,803
S01005901,762
S01005919,555
S01005916,759
S01005933,808
S01005941,513
S01005824,747
S01005835,719
S01005882,575
S01005861,598
S01005827,790
S01005837,513
S01005863,938
S01005853,999
S01005793,550
S01005812,734
S01005823,697
S01005817,538
S01005836,724
S01005780,683
S01005784,509
S01005787,765
S01005790,655
S01005795,726
S01005799,791
S01005786,720
S01005792,918
S01005803,667
S01005813,869
S01005815,958
S01005834,713
S01005798,663
S01005811,612
S01005808,808
S01005807,948
S01005809,587
S01005820,713
S01005828,787
S01005822,891
S01005829,791
S01005841,690
S01005839,884
S01005860,778
S01005856,781
S01005864,903
S01005873,1036
S01005840,812
S01005847,784
S01005851,760
S01005846,914
S01005789,931
S01005801,787
S01005810,522
S01005816,784
S01005821,527
S01005825,734
S01006081,775
S01006070,644
S01006083,919
S01006294,650
S01006071,966
S01006073,504
S01006072,637
S01006069,839
S01006067,1035
S01006068,497
S01006091,606
S01006080,976
S01006129,712
S01006074,705
S01006118,551
S01006153,603
S01006133,584
S01006131,922
S01006122,900
S01006078,997
S01006117,826
S01006116,944
S01006076,966
S01006079,788
S01006075,983
S01006077,800
S01006108,944
S01006082,950
S01006084,825
S01006106,626
S01006107,697
S01006110,779
S01006095,937
S01006088,822
S01006085,800
S01006089,762
S01006087,743
S01006086,716
S01006090,899
S01006093,602
S01006092,655
S01006099,578
S01006112,750
S01006103,701
S01006104,777
S01006111,799
S01006101,646
S01006097,948
S01006094,944
S01006098,681
S01006096,738
S01006102,781
S01006109,775
S01006105,706
S01006100,854
S01006113,879
S01006115,904
S01006119,1015
S01006120,875
S01006114,722
S01006121,575
S01006123,653
S01006124,632
S01006126,705
S01006128,812
S01006127,644
S01006130,792
S01006136,975
S01006149,1025
S01006132,823
S01006135,571
S01006137,731
S01006138,636
S01006139,681
S01006141,813
S01006140,867
S01006143,553
S01006142,657
S01006151,1764
S01006144,1002
S01006145,1018
S01006147,799
S01006146,849
S01006152,715
S01006148,784
S01006125,553
S01006134,501
S01006158,873
S01006160,785
S01006167,880
S01006165,861
S01006166,909
S01006159,808
S01006157,771
S01006155,869
S01006156,576
S01006154,794
S01006161,750
S01006169,677
S01006162,649
S01006164,666
S01006163,980
S01006150,987
S01006168,783
S01006171,906
S01006172,523
S01006173,622
S01006170,970
S01006174,585
S01006175,778
S01006176,571
S01006177,660
S01006180,817
S01006179,796
S01006178,869
S01006181,865
S01006183,714
S01006182,560
S01006186,862
S01006192,790
S01006188,744
S01006191,587
S01006193,689
S01006190,823
S01006187,891
S01006185,980
S01006184,795
S01006189,780
S01006194,993
S01006197,861
S01006205,713
S01006199,744
S01006195,769
S01006196,912
S01006204,942
S01006208,740
S01006203,617
S01006210,766
S01006214,766
S01006215,822
S01006218,572
S01006227,715
S01006217,989
S01006243,647
S01006225,828
S01006229,971
S01006231,931
S01006230,835
S01006223,759
S01006228,793
S01006222,994
S01006221,818
S01006226,753
S01006213,891
S01006200,899
S01006198,935
S01006201,1012
S01006202,764
S01006207,908
S01006211,594
S01006216,790
S01006206,841
S01006209,755
S01006219,937
S01006212,856
S01006220,858
S01006224,655
S01006233,711
S01006247,896
S01006262,688
S01006239,523
S01006235,759
S01006242,764
S01006248,828
S01006260,969
S01006261,869
S01006259,705
S01006258,739
S01006255,998
S01006252,640
S01006244,628
S01006232,774
S01006238,1004
S01006234,556
S01006236,641
S01006241,846
S01006249,778
S01006251,624
S01006257,813
S01006237,880
S01006246,750
S01006263,854
S01006240,891
S01006245,653
S01006250,707
S01006254,700
S01006253,706
S01006256,669
S01006286,927
S01006266,826
S01006272,909
S01006277,814
S01006270,937
S01006264,958
S01006275,801
S01006265,822
S01006267,652
S01006268,796
S01006269,659
S01006273,681
S01006271,731
S01006274,605
S01006285,796
S01006278,751
S01006276,846
S01006279,969
S01006280,769
S01006281,779
S01006284,820
S01006282,727
S01006283,732
S01006287,620
S01006289,899
S01006292,890
S01006288,844
S01006290,928
S01006291,534
S01006293,976
S01006297,762
S01006313,1020
S01006295,618
S01006299,781
S01006298,877
S01006302,933
S01006300,806
S01006301,626
S01006296,969
S01006314,673
S01006304,716
S01006303,684
S01006305,677
S01006308,655
S01006309,937
S01006312,664
S01006307,835
S01006310,786
S01006311,782
S01006315,882
S01006335,881
S01006318,774
S01006324,612
S01006337,732
S01006336,787
S01006351,1120
S01006340,744
S01006365,970
S01006361,807
S01006357,749
S01006321,698
S01006322,673
S01006338,876
S01006341,796
S01006347,633
S01006356,744
S01006344,785
S01006352,759
S01006355,738
S01006348,656
S01006354,955
S01006358,702
S01006360,664
S01006363,725
S01006368,855
S01006381,528
S01006398,883
S01006329,965
S01006370,974
S01006384,768
S01006366,743
S01006367,769
S01006362,795
S01006372,768
S01006379,734
S01006442,796
S01006451,714
S01006452,567
S01006461,770
S01006462,741
S01006375,679
S01006401,785
S01006385,942
S01006388,1005
S01006404,775
S01006402,671
S01006408,981
S01006373,858
S01006374,695
S01006377,610
S01006382,710
S01006390,666
S01006456,867
S01006371,545
S01006378,524
S01006376,715
S01006391,960
S01006386,930
S01006383,624
S01006395,935
S01006394,794
S01006396,596
S01006411,819
S01006420,937
S01006412,705
S01006436,755
S01006407,688
S01006423,571
S01006432,722
S01006444,568
S01006445,780
S01006450,682
S01006455,667
S01006459,683
S01006446,871
S01006448,887
S01006425,710
S01006449,511
S01006454,572
S01006406,770
S01006413,668
S01006417,701
S01006433,669
S01006409,619
S01006428,829
S01006437,959
S01006441,709
S01006353,583
S01006345,594
S01006346,633
S01006343,739
S01006339,808
S01006330,754
S01006342,737
S01006349,513
S01006350,715
S01006364,615
S01006306,746
S01006323,904
S01006331,752
S01006333,905
S01006328,722
S01006325,671
S01006320,913
S01006319,881
S01006326,930
S01006327,563
S01006332,654
S01006334,803
S01006317,873
S01006316,929
S01006369,815
S01006410,716
S01006403,776
S01006414,524
S01006424,634
S01006430,618
S01006392,864
S01006427,761
S01006434,813
S01006443,519
S01006460,521
S01006389,701
S01006393,794
S01006387,800
S01006426,548
S01006380,596
S01006418,678
S01006419,570
S01006422,662
S01006397,751
S01006429,573
S01006458,931
S01006405,863
S01006421,568
S01006416,587
S01006415,826
S01006438,606
S01006439,733
S01006447,588
S01006457,645
S01006400,947
S01006399,782
S01006431,573
S01006435,511
S01006440,818
S01006473,841
S01006453,810
S01006359,925
S01006463,678
S01006485,659
S01006486,862
S01006489,784
S01006492,593
S01006493,582
S01006491,828
S01006490,765
S01006494,581
S01006499,831
S01006495,788
S01006498,1102
S01006496,894
S01006505,772
S01006500,741
S01006503,691
S01006502,631
S01006501,972
S01006504,784
S01006487,765
S01006488,629
S01006497,574
S01006484,784
S01006483,911
S01006482,758
S01006470,799
S01006478,849
S01006475,853
S01006480,867
S01006481,597
S01006471,820
S01006467,920
S01006464,747
S01006465,960
S01006466,742
S01006474,818
S01006468,1001
S01006469,679
S01006472,562
S01006476,761
S01006477,789
S01006479,714
